id	name	kind	caliber_mm	file	explosion_damage	explosion_radius	notes
berts_vehicle_pack:2s25_sprut_sd#destroy	2s25_sprut_sd destruction / cook-off	vehicle_destruction		bvp/src/generated/resources/data/berts_vehicle_pack/sbw/vehicles/2s25_sprut_sd.json	160	13	DestroyInfo particle=Giant; keepBlock; SympatheticDetonation
berts_vehicle_pack:2s25_sprut_sd/Cannon	3BM42 APFSDS	tank_shell_apfsds	125	bvp/src/generated/resources/data/berts_vehicle_pack/sbw/vehicles/2s25_sprut_sd.json	80	4	Weapons.Cannon; proj=superbwarfare:cannon_shell; profile=berts_vehicle_pack:2s25_sprut_sd/cannon/default; round=berts_vehicle_pack:3bm42; hdc=APFSDS; shell=AP; direct=620; KINETIC_WITH_BLAST
berts_vehicle_pack:2s25_sprut_sd/Cannon[AmmoType[0]]	3BM42 APFSDS	tank_shell_apfsds	125	bvp/src/generated/resources/data/berts_vehicle_pack/sbw/vehicles/2s25_sprut_sd.json	80	4	Weapons.Cannon.AmmoType[0].Override; proj=superbwarfare:cannon_shell; profile=berts_vehicle_pack:2s25_sprut_sd/cannon/ammo_00_3bm42; round=berts_vehicle_pack:3bm42; hdc=APFSDS; shell=AP; direct=620; KINETIC_WITH_BLAST
berts_vehicle_pack:9k22_tunguska#destroy	9k22_tunguska destruction / cook-off	vehicle_destruction		bvp/src/generated/resources/data/berts_vehicle_pack/sbw/vehicles/9k22_tunguska.json	160	13	DestroyInfo particle=Giant; keepBlock; SympatheticDetonation
berts_vehicle_pack:9p148/Missile	9M113 KONKURS	guided_missile_atgm	135	bvp/src/generated/resources/data/berts_vehicle_pack/sbw/vehicles/9p148.json	0	5	Weapons.Missile; proj=superbwarfare:wire_guide_missile; profile=berts_vehicle_pack:9p148/missile/default; round=berts_vehicle_pack:9m113_konkurs; hdc=ATGM; direct=600; FX_ONLY(ED=0)
berts_vehicle_pack:9p148/Missile[AmmoType[0]]	9M113 KONKURS	guided_missile_atgm	135	bvp/src/generated/resources/data/berts_vehicle_pack/sbw/vehicles/9p148.json	0	5	Weapons.Missile.AmmoType[0].Override; proj=superbwarfare:wire_guide_missile; profile=berts_vehicle_pack:9p148/missile/ammo_00_9m113_konkurs; round=berts_vehicle_pack:9m113_konkurs; hdc=ATGM; direct=600; FX_ONLY(ED=0)
berts_vehicle_pack:9p149_shturm#destroy	9p149_shturm destruction / cook-off	vehicle_destruction		bvp/src/generated/resources/data/berts_vehicle_pack/sbw/vehicles/9p149_shturm.json	160	13	DestroyInfo particle=Giant; keepBlock; SympatheticDetonation
berts_vehicle_pack:a_10#destroy	a_10 destruction / cook-off	vehicle_destruction		bvp/src/generated/resources/data/berts_vehicle_pack/sbw/vehicles/a_10.json	160	13	DestroyInfo particle=Giant; keepBlock; SympatheticDetonation
berts_vehicle_pack:a_10/Avenger[ProjectileBeltAmmoType[0]]	HEI	autocannon_he	30	bvp/src/generated/resources/data/berts_vehicle_pack/sbw/vehicles/a_10.json	0	5.1556	Weapons.Avenger.ProjectileBeltAmmoType[0].Override; proj=superbwarfare:small_cannon_shell; profile=berts_vehicle_pack:aircraft_rounds/gau8a/gau8a_hei; round=berts_vehicle_pack:gau8a_hei; hdc=HE; shell=HE; direct=257.778; FX_ONLY(ED=0); mount_scale=0.5
berts_vehicle_pack:a_7d#destroy	a_7d destruction / cook-off	vehicle_destruction		bvp/src/generated/resources/data/berts_vehicle_pack/sbw/vehicles/a_7d.json	160	13	DestroyInfo particle=Giant; keepBlock; SympatheticDetonation
berts_vehicle_pack:a_7d/Vulcan	M61A1 AIR GAME	autocannon_he	20	bvp/src/generated/resources/data/berts_vehicle_pack/sbw/vehicles/a_7d.json	0	3.3333	Weapons.Vulcan; proj=superbwarfare:small_cannon_shell; profile=berts_vehicle_pack:aircraft_rounds/m61a1/m61a1_air_game; round=berts_vehicle_pack:m61a1_air_game; hdc=HE; shell=HE; direct=166.667; FX_ONLY(ED=0); mount_scale=0.5
berts_vehicle_pack:a_7d/Vulcan[AmmoType[0]]	Air Belt	autocannon_he	20	bvp/src/generated/resources/data/berts_vehicle_pack/sbw/vehicles/a_7d.json	0	3.3333	Weapons.Vulcan.AmmoType[0].Override; proj=superbwarfare:small_cannon_shell; profile=berts_vehicle_pack:aircraft_rounds/m61a1/m61a1_air_game; round=berts_vehicle_pack:m61a1_air_game; hdc=HE; shell=HE; direct=166.667; FX_ONLY(ED=0); mount_scale=0.5
berts_vehicle_pack:ags_30#destroy	ags_30 destruction / cook-off	vehicle_destruction		bvp/src/generated/resources/data/berts_vehicle_pack/sbw/vehicles/ags_30.json	6	0.75	DestroyInfo particle=Mini; keepBlock
berts_vehicle_pack:ags_30/Cannon	30MM VOG 30	grenade_he	30	bvp/src/generated/resources/data/berts_vehicle_pack/sbw/vehicles/ags_30.json	45	6	Weapons.Cannon; proj=superbwarfare:gun_grenade; profile=berts_vehicle_pack:ags_30/cannon/default; round=berts_vehicle_pack:30mm_vog_30; hdc=HE; shell=HE; direct=35
berts_vehicle_pack:ags_30/Cannon[AmmoType[0]]	30MM VOG 30	grenade_he	30	bvp/src/generated/resources/data/berts_vehicle_pack/sbw/vehicles/ags_30.json	45	6	Weapons.Cannon.AmmoType[0].Override; proj=superbwarfare:gun_grenade; profile=berts_vehicle_pack:ags_30/cannon/ammo_00_30mm_vog_30; round=berts_vehicle_pack:30mm_vog_30; hdc=HE; shell=HE; direct=35
berts_vehicle_pack:ah1w_super_cobra#destroy	ah1w_super_cobra destruction / cook-off	vehicle_destruction		bvp/src/generated/resources/data/berts_vehicle_pack/sbw/vehicles/ah1w_super_cobra.json	120	10	DestroyInfo particle=Large; keepBlock
berts_vehicle_pack:ah_1f#destroy	ah_1f destruction / cook-off	vehicle_destruction		bvp/src/generated/resources/data/berts_vehicle_pack/sbw/vehicles/ah_1f.json	160	13	DestroyInfo particle=Giant; keepBlock; SympatheticDetonation
berts_vehicle_pack:ah_1f/PassengerGun1	M197 AIR GAME	autocannon_he	20	bvp/src/generated/resources/data/berts_vehicle_pack/sbw/vehicles/ah_1f.json	0	3.3333	Weapons.PassengerGun1; proj=superbwarfare:small_cannon_shell; profile=berts_vehicle_pack:aircraft_rounds/m197/m197_air_game; round=berts_vehicle_pack:m197_air_game; hdc=HE; shell=HE; direct=166.667; FX_ONLY(ED=0); mount_scale=0.5
berts_vehicle_pack:ah_1f/PassengerGun1[AmmoType[0]]	Air Belt	autocannon_he	20	bvp/src/generated/resources/data/berts_vehicle_pack/sbw/vehicles/ah_1f.json	0	3.3333	Weapons.PassengerGun1.AmmoType[0].Override; proj=superbwarfare:small_cannon_shell; profile=berts_vehicle_pack:aircraft_rounds/m197/m197_air_game; round=berts_vehicle_pack:m197_air_game; hdc=HE; shell=HE; direct=166.667; FX_ONLY(ED=0); mount_scale=0.5
berts_vehicle_pack:ah_1g_cobra#destroy	ah_1g_cobra destruction / cook-off	vehicle_destruction		bvp/src/generated/resources/data/berts_vehicle_pack/sbw/vehicles/ah_1g_cobra.json	120	10	DestroyInfo particle=Large; keepBlock
berts_vehicle_pack:ah_1g_cobra/Cannon[AmmoType[1]]	HE Belt	bullet_he	20	bvp/src/generated/resources/data/berts_vehicle_pack/sbw/vehicles/ah_1g_cobra.json	0	5	Weapons.Cannon.AmmoType[1].Override; proj=superbwarfare:projectile; profile=berts_vehicle_pack:ah_1g_cobra/cannon/ammo_01_m195_hef_i; round=berts_vehicle_pack:m195_hef_i; hdc=HE; shell=HE; direct=250; FX_ONLY(ED=0); mount_scale=1
berts_vehicle_pack:ah_1g_cobra/Cannon[ProjectileBeltAmmoType[1]]	HEF_I	bullet_he	20	bvp/src/generated/resources/data/berts_vehicle_pack/sbw/vehicles/ah_1g_cobra.json	0	5	Weapons.Cannon.ProjectileBeltAmmoType[1].Override; proj=superbwarfare:projectile; profile=berts_vehicle_pack:ah_1g_cobra/cannon/belt_ammo_01_m195_hef_i; round=berts_vehicle_pack:m195_hef_i; hdc=HE; shell=HE; direct=250; FX_ONLY(ED=0); mount_scale=1
berts_vehicle_pack:ah_1g_cobra/Rocket	HYDRA 70 M247	rocket_he	70	bvp/src/generated/resources/data/berts_vehicle_pack/sbw/vehicles/ah_1g_cobra.json	0	6	Weapons.Rocket; proj=berts_vehicle_pack:s8ko_rocket; profile=berts_vehicle_pack:ah_1g_cobra/rocket/default; round=berts_vehicle_pack:hydra_70_m247; hdc=HE; direct=100; FX_ONLY(ED=0)
berts_vehicle_pack:ah_1g_cobra/Rocket[AmmoType[0]]	HYDRA 70 M247	rocket_he	70	bvp/src/generated/resources/data/berts_vehicle_pack/sbw/vehicles/ah_1g_cobra.json	0	6	Weapons.Rocket.AmmoType[0].Override; proj=berts_vehicle_pack:s8ko_rocket; profile=berts_vehicle_pack:ah_1g_cobra/rocket/default; round=berts_vehicle_pack:hydra_70_m247; hdc=HE; direct=100; FX_ONLY(ED=0)
berts_vehicle_pack:ah_64d#destroy	ah_64d destruction / cook-off	vehicle_destruction		bvp/src/generated/resources/data/berts_vehicle_pack/sbw/vehicles/ah_64d.json	160	13	DestroyInfo particle=Giant; keepBlock; SympatheticDetonation
berts_vehicle_pack:ah_64d/M230	M230E1 HEDP	autocannon_he	30	bvp/src/generated/resources/data/berts_vehicle_pack/sbw/vehicles/ah_64d.json	0	1.5667	Weapons.M230; proj=superbwarfare:small_cannon_shell; profile=berts_vehicle_pack:aircraft_rounds/m230e1/m230e1_hedp; round=berts_vehicle_pack:m230e1_hedp; hdc=HE; shell=HE; direct=78.3346; FX_ONLY(ED=0); mount_scale=0.5
berts_vehicle_pack:ah_64d/M230[AmmoType[0]]	Air Belt	autocannon_he	30	bvp/src/generated/resources/data/berts_vehicle_pack/sbw/vehicles/ah_64d.json	0	1.5667	Weapons.M230.AmmoType[0].Override; proj=superbwarfare:small_cannon_shell; profile=berts_vehicle_pack:aircraft_rounds/m230e1/m230e1_hedp; round=berts_vehicle_pack:m230e1_hedp; hdc=HE; shell=HE; direct=78.3346; FX_ONLY(ED=0); mount_scale=0.5
berts_vehicle_pack:ah_64d/M230[ProjectileBeltAmmoType[0]]	HEDP_T	autocannon_he	30	bvp/src/generated/resources/data/berts_vehicle_pack/sbw/vehicles/ah_64d.json	0	1.5667	Weapons.M230.ProjectileBeltAmmoType[0].Override; proj=superbwarfare:small_cannon_shell; profile=berts_vehicle_pack:aircraft_rounds/m230e1/m230e1_hedp_t; round=berts_vehicle_pack:m230e1_hedp_t; hdc=HE; shell=HE; direct=78.3346; FX_ONLY(ED=0); mount_scale=0.5
berts_vehicle_pack:ah_6j#destroy	ah_6j destruction / cook-off	vehicle_destruction		bvp/src/generated/resources/data/berts_vehicle_pack/sbw/vehicles/ah_6j.json	120	10	DestroyInfo particle=Large; keepBlock
berts_vehicle_pack:ah_6j/Rocket	HYDRA 70 M247	rocket_he	70	bvp/src/generated/resources/data/berts_vehicle_pack/sbw/vehicles/ah_6j.json	0	6	Weapons.Rocket; proj=berts_vehicle_pack:s8ko_rocket; profile=berts_vehicle_pack:ah_6j/rocket/default; round=berts_vehicle_pack:hydra_70_m247; hdc=HE; direct=100; FX_ONLY(ED=0)
berts_vehicle_pack:ah_6j/Rocket[AmmoType[0]]	HYDRA 70 M247	rocket_he	70	bvp/src/generated/resources/data/berts_vehicle_pack/sbw/vehicles/ah_6j.json	0	6	Weapons.Rocket.AmmoType[0].Override; proj=berts_vehicle_pack:s8ko_rocket; profile=berts_vehicle_pack:ah_6j/rocket/default; round=berts_vehicle_pack:hydra_70_m247; hdc=HE; direct=100; FX_ONLY(ED=0)
berts_vehicle_pack:aml_90/Cannon	OCC90 62 HEAT FS	tank_shell_heat_fs	90	bvp/src/generated/resources/data/berts_vehicle_pack/sbw/vehicles/aml_90.json	0	0	Weapons.Cannon; proj=superbwarfare:cannon_shell; profile=berts_vehicle_pack:aml_90/occ90_62_heat_fs; round=berts_vehicle_pack:occ90_62_heat_fs; hdc=HEAT_FS; shell=HEAT_FS; direct=180; NO_BLAST(ED=ER=0)
berts_vehicle_pack:aml_90/Cannon[AmmoType[0]]	OCC 90-62 HEAT-FS	tank_shell_heat_fs	90	bvp/src/generated/resources/data/berts_vehicle_pack/sbw/vehicles/aml_90.json	0	0	Weapons.Cannon.AmmoType[0].Override; proj=superbwarfare:cannon_shell; profile=berts_vehicle_pack:aml_90/occ90_62_heat_fs; round=berts_vehicle_pack:occ90_62_heat_fs; hdc=HEAT_FS; shell=HEAT_FS; direct=180; NO_BLAST(ED=ER=0)
berts_vehicle_pack:aml_90/Cannon[AmmoType[1]]	OE 90 F1 HE	tank_shell_he	90	bvp/src/generated/resources/data/berts_vehicle_pack/sbw/vehicles/aml_90.json	220	3	Weapons.Cannon.AmmoType[1].Override; proj=superbwarfare:cannon_shell; profile=berts_vehicle_pack:aml_90/oe90_f1_he; round=berts_vehicle_pack:oe90_f1_he; hdc=HE; shell=HE; direct=220
berts_vehicle_pack:amx_10rc#destroy	amx_10rc destruction / cook-off	vehicle_destruction		bvp/src/generated/resources/data/berts_vehicle_pack/sbw/vehicles/amx_10rc.json	160	13	DestroyInfo particle=Giant; keepBlock; SympatheticDetonation
berts_vehicle_pack:amx_10rc/Cannon	OFL F3 APFSDS	tank_shell_apfsds	105	bvp/src/generated/resources/data/berts_vehicle_pack/sbw/vehicles/amx_10rc.json	80	4	Weapons.Cannon; proj=superbwarfare:cannon_shell; profile=berts_vehicle_pack:amx_10rc/cannon/default; round=berts_vehicle_pack:ofl_f3_apfsds; hdc=APFSDS; shell=AP; direct=620; KINETIC_WITH_BLAST
berts_vehicle_pack:amx_10rc/Cannon[AmmoType[0]]	OFL F3 APFSDS	tank_shell_apfsds	105	bvp/src/generated/resources/data/berts_vehicle_pack/sbw/vehicles/amx_10rc.json	80	4	Weapons.Cannon.AmmoType[0].Override; proj=superbwarfare:cannon_shell; profile=berts_vehicle_pack:amx_10rc/cannon/ammo_00_ofl_f3_apfsds; round=berts_vehicle_pack:ofl_f3_apfsds; hdc=APFSDS; shell=AP; direct=620; KINETIC_WITH_BLAST
berts_vehicle_pack:an_12b#destroy	an_12b destruction / cook-off	vehicle_destruction		bvp/src/generated/resources/data/berts_vehicle_pack/sbw/vehicles/an_12b.json	160	13	DestroyInfo particle=Giant; keepBlock; SympatheticDetonation
berts_vehicle_pack:an_12b/tail_gun_1	AM23 AIR GAME	autocannon_he	23	bvp/src/generated/resources/data/berts_vehicle_pack/sbw/vehicles/an_12b.json	0	3.8333	Weapons.tail_gun_1; proj=superbwarfare:small_cannon_shell; profile=berts_vehicle_pack:aircraft_rounds/am23/am23_air_game; round=berts_vehicle_pack:am23_air_game; hdc=HE; shell=HE; direct=191.667; FX_ONLY(ED=0); mount_scale=0.5
berts_vehicle_pack:an_12b/tail_gun_1[AmmoType[0]]	Air Belt	autocannon_he	23	bvp/src/generated/resources/data/berts_vehicle_pack/sbw/vehicles/an_12b.json	0	3.8333	Weapons.tail_gun_1.AmmoType[0].Override; proj=superbwarfare:small_cannon_shell; profile=berts_vehicle_pack:aircraft_rounds/am23/am23_air_game; round=berts_vehicle_pack:am23_air_game; hdc=HE; shell=HE; direct=191.667; FX_ONLY(ED=0); mount_scale=0.5
berts_vehicle_pack:an_12b/tail_gun_2	AM23 AIR GAME	autocannon_he	23	bvp/src/generated/resources/data/berts_vehicle_pack/sbw/vehicles/an_12b.json	0	3.8333	Weapons.tail_gun_2; proj=superbwarfare:small_cannon_shell; profile=berts_vehicle_pack:aircraft_rounds/am23/am23_air_game; round=berts_vehicle_pack:am23_air_game; hdc=HE; shell=HE; direct=191.667; FX_ONLY(ED=0); mount_scale=0.5
berts_vehicle_pack:an_12b/tail_gun_2[AmmoType[0]]	Air Belt	autocannon_he	23	bvp/src/generated/resources/data/berts_vehicle_pack/sbw/vehicles/an_12b.json	0	3.8333	Weapons.tail_gun_2.AmmoType[0].Override; proj=superbwarfare:small_cannon_shell; profile=berts_vehicle_pack:aircraft_rounds/am23/am23_air_game; round=berts_vehicle_pack:am23_air_game; hdc=HE; shell=HE; direct=191.667; FX_ONLY(ED=0); mount_scale=0.5
berts_vehicle_pack:b_1b#destroy	b_1b destruction / cook-off	vehicle_destruction		bvp/src/generated/resources/data/berts_vehicle_pack/sbw/vehicles/b_1b.json	160	13	DestroyInfo particle=Giant; keepBlock; SympatheticDetonation
berts_vehicle_pack:b_47e#destroy	b_47e destruction / cook-off	vehicle_destruction		bvp/src/generated/resources/data/berts_vehicle_pack/sbw/vehicles/b_47e.json	160	13	DestroyInfo particle=Giant; keepBlock; SympatheticDetonation
berts_vehicle_pack:b_47e/TailCannonLeft	M24A1 AIR GAME	autocannon_he	20	bvp/src/generated/resources/data/berts_vehicle_pack/sbw/vehicles/b_47e.json	0	3.3333	Weapons.TailCannonLeft; proj=superbwarfare:small_cannon_shell; profile=berts_vehicle_pack:aircraft_rounds/m24a1/m24a1_air_game; round=berts_vehicle_pack:m24a1_air_game; hdc=HE; shell=HE; direct=166.667; FX_ONLY(ED=0); mount_scale=0.5
berts_vehicle_pack:b_47e/TailCannonLeft[AmmoType[0]]	Air Belt	autocannon_he	20	bvp/src/generated/resources/data/berts_vehicle_pack/sbw/vehicles/b_47e.json	0	3.3333	Weapons.TailCannonLeft.AmmoType[0].Override; proj=superbwarfare:small_cannon_shell; profile=berts_vehicle_pack:aircraft_rounds/m24a1/m24a1_air_game; round=berts_vehicle_pack:m24a1_air_game; hdc=HE; shell=HE; direct=166.667; FX_ONLY(ED=0); mount_scale=0.5
berts_vehicle_pack:b_47e/TailCannonRight	M24A1 AIR GAME	autocannon_he	20	bvp/src/generated/resources/data/berts_vehicle_pack/sbw/vehicles/b_47e.json	0	3.3333	Weapons.TailCannonRight; proj=superbwarfare:small_cannon_shell; profile=berts_vehicle_pack:aircraft_rounds/m24a1/m24a1_air_game; round=berts_vehicle_pack:m24a1_air_game; hdc=HE; shell=HE; direct=166.667; FX_ONLY(ED=0); mount_scale=0.5
berts_vehicle_pack:b_47e/TailCannonRight[AmmoType[0]]	Air Belt	autocannon_he	20	bvp/src/generated/resources/data/berts_vehicle_pack/sbw/vehicles/b_47e.json	0	3.3333	Weapons.TailCannonRight.AmmoType[0].Override; proj=superbwarfare:small_cannon_shell; profile=berts_vehicle_pack:aircraft_rounds/m24a1/m24a1_air_game; round=berts_vehicle_pack:m24a1_air_game; hdc=HE; shell=HE; direct=166.667; FX_ONLY(ED=0); mount_scale=0.5
berts_vehicle_pack:begleitpanzer/Cannon[AmmoType[1]]	bofors_57_saphei	autocannon_aphe	57	bvp/src/generated/resources/data/berts_vehicle_pack/sbw/vehicles/begleitpanzer.json	0	0	Weapons.Cannon.AmmoType[1].Override; proj=superbwarfare:small_cannon_shell; profile=berts_vehicle_pack:begleitpanzer/bofors_57_saphei; round=berts_vehicle_pack:bofors_57_saphei; hdc=APHE; shell=APHE; direct=90; NO_BLAST(ED=ER=0)
berts_vehicle_pack:begleitpanzer/Cannon[AmmoType[2]]	bofors_57_he_t	autocannon_he	57	bvp/src/generated/resources/data/berts_vehicle_pack/sbw/vehicles/begleitpanzer.json	65	2	Weapons.Cannon.AmmoType[2].Override; proj=superbwarfare:small_cannon_shell; profile=berts_vehicle_pack:begleitpanzer/bofors_57_he_t; round=berts_vehicle_pack:bofors_57_he_t; hdc=HE; shell=HE; direct=120
berts_vehicle_pack:begleitpanzer/Cannon[AmmoType[3]]	bofors_57_he_vt	autocannon_he	57	bvp/src/generated/resources/data/berts_vehicle_pack/sbw/vehicles/begleitpanzer.json	65	2	Weapons.Cannon.AmmoType[3].Override; proj=superbwarfare:small_cannon_shell; profile=berts_vehicle_pack:begleitpanzer/bofors_57_he_vt; round=berts_vehicle_pack:bofors_57_he_vt; hdc=HE; shell=HE; direct=120
berts_vehicle_pack:begleitpanzer/Missile	BGM-71	guided_missile_atgm	127	bvp/src/generated/resources/data/berts_vehicle_pack/sbw/vehicles/begleitpanzer.json	0	5	Weapons.Missile; proj=superbwarfare:wire_guide_missile; profile=berts_vehicle_pack:begleitpanzer/bgm71a_tow; round=berts_vehicle_pack:bgm71a_tow; hdc=ATGM; direct=650; FX_ONLY(ED=0)
berts_vehicle_pack:begleitpanzer/Missile[AmmoType[0]]	BGM-71	guided_missile_atgm	127	bvp/src/generated/resources/data/berts_vehicle_pack/sbw/vehicles/begleitpanzer.json	0	5	Weapons.Missile.AmmoType[0].Override; proj=superbwarfare:wire_guide_missile; profile=berts_vehicle_pack:begleitpanzer/bgm71a_tow; round=berts_vehicle_pack:bgm71a_tow; hdc=ATGM; direct=650; FX_ONLY(ED=0)
berts_vehicle_pack:bm_21_grad#destroy	bm_21_grad destruction / cook-off	vehicle_destruction		bvp/src/generated/resources/data/berts_vehicle_pack/sbw/vehicles/bm_21_grad.json	120	7	DestroyInfo particle=Huge; keepBlock
berts_vehicle_pack:bm_21_grad/Rocket	9M22 GRAD	rocket_he	122	bvp/src/generated/resources/data/berts_vehicle_pack/sbw/vehicles/bm_21_grad.json	0	6	Weapons.Rocket; proj=superbwarfare:small_rocket; profile=berts_vehicle_pack:bm_21_grad/rocket/default; round=berts_vehicle_pack:9m22_grad; hdc=HE; direct=100; FX_ONLY(ED=0)
berts_vehicle_pack:bm_21_grad/Rocket[AmmoType[0]]	9M22 GRAD	rocket_he	122	bvp/src/generated/resources/data/berts_vehicle_pack/sbw/vehicles/bm_21_grad.json	0	6	Weapons.Rocket.AmmoType[0].Override; proj=superbwarfare:small_rocket; profile=berts_vehicle_pack:bm_21_grad/rocket/default; round=berts_vehicle_pack:9m22_grad; hdc=HE; direct=100; FX_ONLY(ED=0)
berts_vehicle_pack:bmd_1/Cannon	PG-9 HEAT-FS	tank_shell_heat_fs	73	bvp/src/generated/resources/data/berts_vehicle_pack/sbw/vehicles/bmd_1.json	0	0	Weapons.Cannon; proj=superbwarfare:cannon_shell; profile=berts_vehicle_pack:bmd_1/pg9; round=berts_vehicle_pack:pg9; hdc=HEAT_FS; shell=HEAT_FS; direct=140; NO_BLAST(ED=ER=0)
berts_vehicle_pack:bmd_1/Cannon[AmmoType[0]]	PG-9 HEAT-FS	tank_shell_heat_fs	73	bvp/src/generated/resources/data/berts_vehicle_pack/sbw/vehicles/bmd_1.json	0	0	Weapons.Cannon.AmmoType[0].Override; proj=superbwarfare:cannon_shell; profile=berts_vehicle_pack:bmd_1/pg9; round=berts_vehicle_pack:pg9; hdc=HEAT_FS; shell=HEAT_FS; direct=140; NO_BLAST(ED=ER=0)
berts_vehicle_pack:bmd_1/Cannon[AmmoType[1]]	OG-9 HE	tank_shell_he	73	bvp/src/generated/resources/data/berts_vehicle_pack/sbw/vehicles/bmd_1.json	115	9	Weapons.Cannon.AmmoType[1].Override; proj=superbwarfare:cannon_shell; profile=berts_vehicle_pack:bmd_1/og9; round=berts_vehicle_pack:og9; hdc=HE; shell=HE; direct=230
berts_vehicle_pack:bmd_1/Missile	9M14	guided_missile_atgm	125	bvp/src/generated/resources/data/berts_vehicle_pack/sbw/vehicles/bmd_1.json	0	5	Weapons.Missile; proj=superbwarfare:wire_guide_missile; profile=berts_vehicle_pack:bmd_1/9m14; round=berts_vehicle_pack:9m14; hdc=ATGM; direct=600; FX_ONLY(ED=0)
berts_vehicle_pack:bmd_1/Missile[AmmoType[0]]	9M14	guided_missile_atgm	125	bvp/src/generated/resources/data/berts_vehicle_pack/sbw/vehicles/bmd_1.json	0	5	Weapons.Missile.AmmoType[0].Override; proj=superbwarfare:wire_guide_missile; profile=berts_vehicle_pack:bmd_1/9m14; round=berts_vehicle_pack:9m14; hdc=ATGM; direct=600; FX_ONLY(ED=0)
berts_vehicle_pack:bmp2#destroy	bmp2 destruction / cook-off	vehicle_destruction		bvp/src/generated/resources/data/berts_vehicle_pack/sbw/vehicles/bmp2.json	160	13	DestroyInfo particle=Giant; keepBlock; SympatheticDetonation
berts_vehicle_pack:bmp2/Cannon	3UBR8 APDS	autocannon_apds	30	bvp/src/generated/resources/data/berts_vehicle_pack/sbw/vehicles/bmp2.json	8	2	Weapons.Cannon; proj=superbwarfare:small_cannon_shell; profile=berts_vehicle_pack:bmp2/cannon/default; round=berts_vehicle_pack:3ubr8_apds; hdc=APDS; direct=65; KINETIC_WITH_BLAST; mount_scale=0.5
berts_vehicle_pack:bmp2/Cannon[AmmoType[1]]	30mm HE	autocannon_he	30	bvp/src/generated/resources/data/berts_vehicle_pack/sbw/vehicles/bmp2.json	0	5	Weapons.Cannon.AmmoType[1].Override; proj=superbwarfare:small_cannon_shell; profile=berts_vehicle_pack:bmp2/cannon/ammo_01_3uor6_hef_t; round=berts_vehicle_pack:3uor6_hef_t; hdc=HE; direct=250; FX_ONLY(ED=0); mount_scale=0.5
berts_vehicle_pack:bmp2/Cannon[ProjectileBeltAmmoType[0]]	3UOR6 HEF T	autocannon_he	30	bvp/src/generated/resources/data/berts_vehicle_pack/sbw/vehicles/bmp2.json	0	5	Weapons.Cannon.ProjectileBeltAmmoType[0].Override; proj=superbwarfare:small_cannon_shell; profile=berts_vehicle_pack:bmp2/cannon/ammo_01_3uor6_hef_t; round=berts_vehicle_pack:3uor6_hef_t; hdc=HE; direct=250; FX_ONLY(ED=0); mount_scale=0.5
berts_vehicle_pack:bmp2/Missile	9M113 KONKURS	guided_missile_atgm		bvp/src/generated/resources/data/berts_vehicle_pack/sbw/vehicles/bmp2.json	0	5	Weapons.Missile; proj=superbwarfare:wire_guide_missile; profile=berts_vehicle_pack:bmp2/missile/default; round=berts_vehicle_pack:9m113_konkurs; hdc=ATGM; direct=180; FX_ONLY(ED=0)
berts_vehicle_pack:bmp2/Missile[AmmoType[0]]	9M113 KONKURS	guided_missile_atgm		bvp/src/generated/resources/data/berts_vehicle_pack/sbw/vehicles/bmp2.json	0	5	Weapons.Missile.AmmoType[0].Override; proj=superbwarfare:wire_guide_missile; profile=berts_vehicle_pack:bmp2/missile/default; round=berts_vehicle_pack:9m113_konkurs; hdc=ATGM; direct=180; FX_ONLY(ED=0)
berts_vehicle_pack:bmp2m#destroy	bmp2m destruction / cook-off	vehicle_destruction		bvp/src/generated/resources/data/berts_vehicle_pack/sbw/vehicles/bmp2m.json	160	13	DestroyInfo particle=Giant; keepBlock; SympatheticDetonation
berts_vehicle_pack:bmp2m/Cannon[AmmoType[1]]	HE Belt	autocannon_he	30	bvp/src/generated/resources/data/berts_vehicle_pack/sbw/vehicles/bmp2m.json	0	5	Weapons.Cannon.AmmoType[1].Override; proj=superbwarfare:small_cannon_shell; profile=berts_vehicle_pack:bmp2m/cannon/ammo_01_3uor6_hef_t; round=berts_vehicle_pack:3uor6_hef_t; hdc=HE; shell=HE; direct=250; FX_ONLY(ED=0); mount_scale=0.5
berts_vehicle_pack:bmp2m/Cannon[ProjectileBeltAmmoType[1]]	HEF_I	autocannon_he	30	bvp/src/generated/resources/data/berts_vehicle_pack/sbw/vehicles/bmp2m.json	0	5	Weapons.Cannon.ProjectileBeltAmmoType[1].Override; proj=superbwarfare:small_cannon_shell; profile=berts_vehicle_pack:bmp2m/cannon/belt_ammo_01_3uof8_hef_i; round=berts_vehicle_pack:3uof8_hef_i; hdc=HE; shell=HE; direct=250; FX_ONLY(ED=0); mount_scale=0.5
berts_vehicle_pack:bmp2m/Missile	9M133 KORNET	guided_missile_atgm		bvp/src/generated/resources/data/berts_vehicle_pack/sbw/vehicles/bmp2m.json	0	5	Weapons.Missile; proj=superbwarfare:wire_guide_missile; profile=berts_vehicle_pack:bmp2m/missile/default; round=berts_vehicle_pack:9m133_kornet; hdc=ATGM; direct=225; FX_ONLY(ED=0)
berts_vehicle_pack:bmp2m/Missile[AmmoType[0]]	9M133 KORNET	guided_missile_atgm		bvp/src/generated/resources/data/berts_vehicle_pack/sbw/vehicles/bmp2m.json	0	5	Weapons.Missile.AmmoType[0].Override; proj=superbwarfare:wire_guide_missile; profile=berts_vehicle_pack:bmp2m/missile/ammo_00_9m133_kornet; round=berts_vehicle_pack:9m133_kornet; hdc=ATGM; direct=225; FX_ONLY(ED=0)
berts_vehicle_pack:bmp2m/GrenadeLauncher	30MM VOG 30	grenade_he	30	bvp/src/generated/resources/data/berts_vehicle_pack/sbw/vehicles/bmp2m.json	45	6	Weapons.GrenadeLauncher; proj=superbwarfare:gun_grenade; profile=berts_vehicle_pack:bmp2m/grenadelauncher/default; round=berts_vehicle_pack:30mm_vog_30; hdc=HE; shell=HE; direct=35
berts_vehicle_pack:bmp2m/GrenadeLauncher[AmmoType[0]]	30MM VOG 30	grenade_he	30	bvp/src/generated/resources/data/berts_vehicle_pack/sbw/vehicles/bmp2m.json	45	6	Weapons.GrenadeLauncher.AmmoType[0].Override; proj=superbwarfare:gun_grenade; profile=berts_vehicle_pack:bmp2m/grenadelauncher/ammo_00_30mm_vog_30; round=berts_vehicle_pack:30mm_vog_30; hdc=HE; shell=HE; direct=35
berts_vehicle_pack:bmp3m_elite#destroy	bmp3m_elite destruction / cook-off	vehicle_destruction		bvp/src/generated/resources/data/berts_vehicle_pack/sbw/vehicles/bmp3m_elite.json	160	13	DestroyInfo particle=Giant; keepBlock; SympatheticDetonation
berts_vehicle_pack:bmp3m_elite/Cannon	3OF32 HE	tank_shell_he	100	bvp/src/generated/resources/data/berts_vehicle_pack/sbw/vehicles/bmp3m_elite.json	115	9	Weapons.Cannon; proj=superbwarfare:cannon_shell; profile=berts_vehicle_pack:bmp3m_elite/cannon/default; round=berts_vehicle_pack:3of32_he; hdc=HE; shell=HE; direct=100
berts_vehicle_pack:bmp3m_elite/Cannon[AmmoType[0]]	3OF32 HE	tank_shell_he	100	bvp/src/generated/resources/data/berts_vehicle_pack/sbw/vehicles/bmp3m_elite.json	0	9	Weapons.Cannon.AmmoType[0].Override; proj=superbwarfare:cannon_shell; profile=berts_vehicle_pack:bmp3m_elite/cannon/ammo_00_3of32_he; round=berts_vehicle_pack:3of32_he; hdc=HE; shell=HE; direct=100; FX_ONLY(ED=0)
berts_vehicle_pack:bmp3m_elite/Cannon[AmmoType[1]]	9M117 Bastion ATGM	guided_missile_atgm	100	bvp/src/generated/resources/data/berts_vehicle_pack/sbw/vehicles/bmp3m_elite.json	0	5	Weapons.Cannon.AmmoType[1].Override; proj=berts_vehicle_pack:ataka_missile; profile=berts_vehicle_pack:bmp3m_elite/cannon/ammo_01_9m117_bastion; round=berts_vehicle_pack:9m117_bastion; hdc=ATGM; shell=ATGM; direct=331; FX_ONLY(ED=0)
berts_vehicle_pack:bmp3m_elite/DualCannon	3UBR8 APDS	autocannon_apds	30	bvp/src/generated/resources/data/berts_vehicle_pack/sbw/vehicles/bmp3m_elite.json	8	2	Weapons.DualCannon; proj=superbwarfare:small_cannon_shell; profile=berts_vehicle_pack:bmp3m_elite/dualcannon/default; round=berts_vehicle_pack:3ubr8_apds; hdc=APDS; direct=65; KINETIC_WITH_BLAST; mount_scale=0.5
berts_vehicle_pack:bmp3m_elite/DualCannon[AmmoType[1]]	HE Belt	autocannon_he	30	bvp/src/generated/resources/data/berts_vehicle_pack/sbw/vehicles/bmp3m_elite.json	0	5	Weapons.DualCannon.AmmoType[1].Override; proj=superbwarfare:small_cannon_shell; profile=berts_vehicle_pack:bmp3m_elite/dualcannon/ammo_01_3uor6_hef_t; round=berts_vehicle_pack:3uor6_hef_t; hdc=HE; shell=HE; direct=250; FX_ONLY(ED=0); mount_scale=0.5
berts_vehicle_pack:bmp3m_elite/DualCannon[ProjectileBeltAmmoType[1]]	HEF_I	autocannon_he	30	bvp/src/generated/resources/data/berts_vehicle_pack/sbw/vehicles/bmp3m_elite.json	0	5	Weapons.DualCannon.ProjectileBeltAmmoType[1].Override; proj=superbwarfare:small_cannon_shell; profile=berts_vehicle_pack:bmp3m_elite/dualcannon/belt_ammo_01_3uof8_hef_i; round=berts_vehicle_pack:3uof8_hef_i; hdc=HE; shell=HE; direct=250; FX_ONLY(ED=0); mount_scale=0.5
berts_vehicle_pack:bmp_1am#destroy	bmp_1am destruction / cook-off	vehicle_destruction		bvp/src/generated/resources/data/berts_vehicle_pack/sbw/vehicles/bmp_1am.json	160	13	DestroyInfo particle=Giant; keepBlock; SympatheticDetonation
berts_vehicle_pack:bmp_1am/Cannon	PG-9 HEAT-FS	tank_shell_heat_fs	73	bvp/src/generated/resources/data/berts_vehicle_pack/sbw/vehicles/bmp_1am.json	80	4	Weapons.Cannon; proj=superbwarfare:cannon_shell; profile=berts_vehicle_pack:bmp_1am/cannon/default; round=berts_vehicle_pack:pg9; hdc=HEAT_FS; shell=AP; direct=620
berts_vehicle_pack:bmp_1am/Cannon[AmmoType[0]]	PG-9 HEAT-FS	tank_shell_heat_fs	73	bvp/src/generated/resources/data/berts_vehicle_pack/sbw/vehicles/bmp_1am.json	0	9	Weapons.Cannon.AmmoType[0].Override; proj=superbwarfare:cannon_shell; profile=berts_vehicle_pack:bmp_1am/cannon/ammo_00_pg9; round=berts_vehicle_pack:pg9; hdc=HEAT_FS; shell=HE; direct=140; FX_ONLY(ED=0)
berts_vehicle_pack:bmp_1am/Cannon[AmmoType[1]]	OG-9 HE	tank_shell_he	73	bvp/src/generated/resources/data/berts_vehicle_pack/sbw/vehicles/bmp_1am.json	115	9	Weapons.Cannon.AmmoType[1].Override; proj=superbwarfare:cannon_shell; profile=berts_vehicle_pack:bmp_1am/cannon/ammo_01_og9; round=berts_vehicle_pack:og9; hdc=HE; shell=HE; direct=230
berts_vehicle_pack:bmp_1am/Missile	9M14	guided_missile_atgm		bvp/src/generated/resources/data/berts_vehicle_pack/sbw/vehicles/bmp_1am.json	0	5	Weapons.Missile; proj=superbwarfare:wire_guide_missile; profile=berts_vehicle_pack:bmp_1am/missile/default; round=berts_vehicle_pack:9m14; hdc=ATGM; direct=600; FX_ONLY(ED=0)
berts_vehicle_pack:bmp_1am/Missile[AmmoType[0]]	9M14	guided_missile_atgm		bvp/src/generated/resources/data/berts_vehicle_pack/sbw/vehicles/bmp_1am.json	0	5	Weapons.Missile.AmmoType[0].Override; proj=superbwarfare:wire_guide_missile; profile=berts_vehicle_pack:bmp_1am/missile/default; round=berts_vehicle_pack:9m14; hdc=ATGM; direct=600; FX_ONLY(ED=0)
berts_vehicle_pack:bmpt#destroy	bmpt destruction / cook-off	vehicle_destruction		bvp/src/generated/resources/data/berts_vehicle_pack/sbw/vehicles/bmpt.json	160	13	DestroyInfo particle=Giant; keepBlock; SympatheticDetonation
berts_vehicle_pack:bmpt/Cannon	3UBR8 APDS	autocannon_apds	30	bvp/src/generated/resources/data/berts_vehicle_pack/sbw/vehicles/bmpt.json	8	2	Weapons.Cannon; proj=superbwarfare:small_cannon_shell; profile=berts_vehicle_pack:bmpt/cannon/default; round=berts_vehicle_pack:3ubr8_apds; hdc=APDS; direct=65; KINETIC_WITH_BLAST; mount_scale=0.5
berts_vehicle_pack:bmpt/Cannon[AmmoType[1]]	HE Belt	autocannon_he	30	bvp/src/generated/resources/data/berts_vehicle_pack/sbw/vehicles/bmpt.json	0	5	Weapons.Cannon.AmmoType[1].Override; proj=superbwarfare:small_cannon_shell; profile=berts_vehicle_pack:bmpt/cannon/ammo_01_3uor6_hef_t; round=berts_vehicle_pack:3uor6_hef_t; hdc=HE; shell=HE; direct=250; FX_ONLY(ED=0); mount_scale=0.5
berts_vehicle_pack:bmpt/Cannon[ProjectileBeltAmmoType[1]]	HEF_I	autocannon_he	30	bvp/src/generated/resources/data/berts_vehicle_pack/sbw/vehicles/bmpt.json	0	5	Weapons.Cannon.ProjectileBeltAmmoType[1].Override; proj=superbwarfare:small_cannon_shell; profile=berts_vehicle_pack:bmpt/cannon/belt_ammo_01_3uof8_hef_i; round=berts_vehicle_pack:3uof8_hef_i; hdc=HE; shell=HE; direct=250; FX_ONLY(ED=0); mount_scale=0.5
berts_vehicle_pack:bmpt/DualCannon	3UBR8 APDS	autocannon_apds	30	bvp/src/generated/resources/data/berts_vehicle_pack/sbw/vehicles/bmpt.json	8	2	Weapons.DualCannon; proj=superbwarfare:small_cannon_shell; profile=berts_vehicle_pack:bmpt/dualcannon/default; round=berts_vehicle_pack:3ubr8_apds; hdc=APDS; direct=65; KINETIC_WITH_BLAST; mount_scale=0.5
berts_vehicle_pack:bmpt/DualCannon[AmmoType[1]]	HE Belt	autocannon_he	30	bvp/src/generated/resources/data/berts_vehicle_pack/sbw/vehicles/bmpt.json	0	5	Weapons.DualCannon.AmmoType[1].Override; proj=superbwarfare:small_cannon_shell; profile=berts_vehicle_pack:bmpt/dualcannon/ammo_01_3uor6_hef_t; round=berts_vehicle_pack:3uor6_hef_t; hdc=HE; shell=HE; direct=250; FX_ONLY(ED=0); mount_scale=0.5
berts_vehicle_pack:bmpt/DualCannon[ProjectileBeltAmmoType[1]]	HEF_I	autocannon_he	30	bvp/src/generated/resources/data/berts_vehicle_pack/sbw/vehicles/bmpt.json	0	5	Weapons.DualCannon.ProjectileBeltAmmoType[1].Override; proj=superbwarfare:small_cannon_shell; profile=berts_vehicle_pack:bmpt/dualcannon/belt_ammo_01_3uof8_hef_i; round=berts_vehicle_pack:3uof8_hef_i; hdc=HE; shell=HE; direct=250; FX_ONLY(ED=0); mount_scale=0.5
berts_vehicle_pack:bmpt/Missile	9M120 ATAKA	guided_missile_atgm		bvp/src/generated/resources/data/berts_vehicle_pack/sbw/vehicles/bmpt.json	0	5	Weapons.Missile; proj=berts_vehicle_pack:ataka_missile; profile=berts_vehicle_pack:bmpt/missile/default; round=berts_vehicle_pack:9m120_ataka; hdc=ATGM; direct=225; FX_ONLY(ED=0)
berts_vehicle_pack:bmpt/Missile[AmmoType[0]]	9M120 ATAKA	guided_missile_atgm		bvp/src/generated/resources/data/berts_vehicle_pack/sbw/vehicles/bmpt.json	0	5	Weapons.Missile.AmmoType[0].Override; proj=berts_vehicle_pack:ataka_missile; profile=berts_vehicle_pack:bmpt/missile/default; round=berts_vehicle_pack:9m120_ataka; hdc=ATGM; direct=225; FX_ONLY(ED=0)
berts_vehicle_pack:browning_tripod#destroy	browning_tripod destruction / cook-off	vehicle_destruction		bvp/src/generated/resources/data/berts_vehicle_pack/sbw/vehicles/browning_tripod.json	6	0.75	DestroyInfo particle=Mini; keepBlock
berts_vehicle_pack:btr80a#destroy	btr80a destruction / cook-off	vehicle_destruction		bvp/src/generated/resources/data/berts_vehicle_pack/sbw/vehicles/btr80a.json	160	13	DestroyInfo particle=Giant; keepBlock; SympatheticDetonation
berts_vehicle_pack:btr80a/Cannon	3UBR8 APDS	autocannon_apds	30	bvp/src/generated/resources/data/berts_vehicle_pack/sbw/vehicles/btr80a.json	8	2	Weapons.Cannon; proj=superbwarfare:small_cannon_shell; profile=berts_vehicle_pack:btr80a/cannon/default; round=berts_vehicle_pack:3ubr8_apds; hdc=APDS; direct=58; KINETIC_WITH_BLAST; mount_scale=0.5
berts_vehicle_pack:btr80a/Cannon[AmmoType[1]]	30mm HE	autocannon_he	30	bvp/src/generated/resources/data/berts_vehicle_pack/sbw/vehicles/btr80a.json	0	5	Weapons.Cannon.AmmoType[1].Override; proj=superbwarfare:small_cannon_shell; profile=berts_vehicle_pack:btr80a/cannon/ammo_01_3uor6_hef_t; round=berts_vehicle_pack:3uor6_hef_t; hdc=HE; direct=250; FX_ONLY(ED=0); mount_scale=0.5
berts_vehicle_pack:btr80a/Cannon[ProjectileBeltAmmoType[0]]	3UOR6 HEF T	autocannon_he	30	bvp/src/generated/resources/data/berts_vehicle_pack/sbw/vehicles/btr80a.json	0	5	Weapons.Cannon.ProjectileBeltAmmoType[0].Override; proj=superbwarfare:small_cannon_shell; profile=berts_vehicle_pack:btr80a/cannon/ammo_01_3uor6_hef_t; round=berts_vehicle_pack:3uor6_hef_t; hdc=HE; direct=250; FX_ONLY(ED=0); mount_scale=0.5
berts_vehicle_pack:btr_152#destroy	btr_152 destruction / cook-off	vehicle_destruction		bvp/src/generated/resources/data/berts_vehicle_pack/sbw/vehicles/btr_152.json	120	7	DestroyInfo particle=Huge; keepBlock
berts_vehicle_pack:btr_60pb#destroy	btr_60pb destruction / cook-off	vehicle_destruction		bvp/src/generated/resources/data/berts_vehicle_pack/sbw/vehicles/btr_60pb.json	160	13	DestroyInfo particle=Giant; keepBlock; SympatheticDetonation
berts_vehicle_pack:btr_60pb/Cannon	KPVT API T 1	autocannon_default	14.5	bvp/src/generated/resources/data/berts_vehicle_pack/sbw/vehicles/btr_60pb.json	8	2	Weapons.Cannon; proj=superbwarfare:small_cannon_shell; profile=berts_vehicle_pack:btr_60pb/cannon/default; round=berts_vehicle_pack:kpvt_api_t_1; hdc=DEFAULT; direct=65; mount_scale=0.5
berts_vehicle_pack:btr_60pb/Cannon[ProjectileBeltAmmoType[2]]	IAI	autocannon_he	14.5	bvp/src/generated/resources/data/berts_vehicle_pack/sbw/vehicles/btr_60pb.json	0	2.5	Weapons.Cannon.ProjectileBeltAmmoType[2].Override; proj=superbwarfare:small_cannon_shell; profile=berts_vehicle_pack:btr_60pb/cannon/belt_ammo_02_kpvt_iai; round=berts_vehicle_pack:kpvt_iai; hdc=HE; shell=HE; direct=125; FX_ONLY(ED=0); mount_scale=0.5
berts_vehicle_pack:btr_90/Cannon[AmmoType[1]]	HE Belt	autocannon_he	30	bvp/src/generated/resources/data/berts_vehicle_pack/sbw/vehicles/btr_90.json	0	5	Weapons.Cannon.AmmoType[1].Override; proj=superbwarfare:small_cannon_shell; profile=berts_vehicle_pack:btr_90/cannon/ammo_01_3uor6_hef_t; round=berts_vehicle_pack:3uor6_hef_t; hdc=HE; shell=HE; direct=250; FX_ONLY(ED=0); mount_scale=0.5
berts_vehicle_pack:btr_90/Cannon[ProjectileBeltAmmoType[1]]	HEF_I	autocannon_he	30	bvp/src/generated/resources/data/berts_vehicle_pack/sbw/vehicles/btr_90.json	0	5	Weapons.Cannon.ProjectileBeltAmmoType[1].Override; proj=superbwarfare:small_cannon_shell; profile=berts_vehicle_pack:btr_90/cannon/belt_ammo_01_3uof8_hef_i; round=berts_vehicle_pack:3uof8_hef_i; hdc=HE; shell=HE; direct=250; FX_ONLY(ED=0); mount_scale=0.5
berts_vehicle_pack:btr_90/Missile	9M133 KORNET	guided_missile_atgm	152	bvp/src/generated/resources/data/berts_vehicle_pack/sbw/vehicles/btr_90.json	0	5	Weapons.Missile; proj=superbwarfare:wire_guide_missile; profile=berts_vehicle_pack:btr_90/missile/default; round=berts_vehicle_pack:9m133_kornet; hdc=ATGM; direct=225; FX_ONLY(ED=0)
berts_vehicle_pack:btr_90/Missile[AmmoType[0]]	9M133 KORNET	guided_missile_atgm	152	bvp/src/generated/resources/data/berts_vehicle_pack/sbw/vehicles/btr_90.json	0	5	Weapons.Missile.AmmoType[0].Override; proj=superbwarfare:wire_guide_missile; profile=berts_vehicle_pack:btr_90/missile/ammo_00_9m133_kornet; round=berts_vehicle_pack:9m133_kornet; hdc=ATGM; direct=225; FX_ONLY(ED=0)
berts_vehicle_pack:btr_90/GrenadeLauncher	30MM VOG 30	grenade_he	30	bvp/src/generated/resources/data/berts_vehicle_pack/sbw/vehicles/btr_90.json	45	6	Weapons.GrenadeLauncher; proj=superbwarfare:gun_grenade; profile=berts_vehicle_pack:btr_90/grenadelauncher/default; round=berts_vehicle_pack:30mm_vog_30; hdc=HE; shell=HE; direct=35
berts_vehicle_pack:btr_90/GrenadeLauncher[AmmoType[0]]	30MM VOG 30	grenade_he	30	bvp/src/generated/resources/data/berts_vehicle_pack/sbw/vehicles/btr_90.json	45	6	Weapons.GrenadeLauncher.AmmoType[0].Override; proj=superbwarfare:gun_grenade; profile=berts_vehicle_pack:btr_90/grenadelauncher/ammo_00_30mm_vog_30; round=berts_vehicle_pack:30mm_vog_30; hdc=HE; shell=HE; direct=35
berts_vehicle_pack:btr_zd/Cannon[AmmoType[1]]	zu23_hefi_t	autocannon_he	23	bvp/src/generated/resources/data/berts_vehicle_pack/sbw/vehicles/btr_zd.json	25	1.2	Weapons.Cannon.AmmoType[1].Override; proj=superbwarfare:small_cannon_shell; profile=berts_vehicle_pack:btr_zd/zu23_hefi_t; round=berts_vehicle_pack:zu23_hefi_t; hdc=HE; shell=HE; direct=40; mount_scale=0.5
berts_vehicle_pack:ch_46e#destroy	ch_46e destruction / cook-off	vehicle_destruction		bvp/src/generated/resources/data/berts_vehicle_pack/sbw/vehicles/ch_46e.json	160	13	DestroyInfo particle=Giant; keepBlock; SympatheticDetonation
berts_vehicle_pack:challenger_2/Cannon[AmmoType[3]]	L31A7 HESH	tank_shell_he	120	bvp/src/generated/resources/data/berts_vehicle_pack/sbw/vehicles/challenger_2.json	115	9	Weapons.Cannon.AmmoType[3].Override; proj=superbwarfare:cannon_shell; profile=berts_vehicle_pack:challenger_2/cannon/ammo_03_l31a7_hesh; round=berts_vehicle_pack:l31a7_hesh; hdc=HE; shell=HE; direct=230
berts_vehicle_pack:cv9040_no_net#destroy	cv9040_no_net destruction / cook-off	vehicle_destruction		bvp/src/generated/resources/data/berts_vehicle_pack/sbw/vehicles/cv9040_no_net.json	160	13	DestroyInfo particle=Giant; keepBlock; SympatheticDetonation
berts_vehicle_pack:cv9040_no_net/Cannon	SLPPRJ M01 APFSDS	autocannon_apfsds	40	bvp/src/generated/resources/data/berts_vehicle_pack/sbw/vehicles/cv9040_no_net.json	8	2	Weapons.Cannon; proj=superbwarfare:small_cannon_shell; profile=berts_vehicle_pack:cv9040_no_net/cannon/default; round=berts_vehicle_pack:slpprj_m01_apfsds; hdc=APFSDS; direct=65; KINETIC_WITH_BLAST
berts_vehicle_pack:cv9040_no_net/Cannon[AmmoType[1]]	HE Belt	autocannon_he	40	bvp/src/generated/resources/data/berts_vehicle_pack/sbw/vehicles/cv9040_no_net.json	0	5	Weapons.Cannon.AmmoType[1].Override; proj=superbwarfare:small_cannon_shell; profile=berts_vehicle_pack:cv9040_no_net/cannon/ammo_01_slsgr_m90_he; round=berts_vehicle_pack:slsgr_m90_he; hdc=HE; shell=HE; direct=250; FX_ONLY(ED=0)
berts_vehicle_pack:cv9040_no_net/Cannon[ProjectileBeltAmmoType[1]]	HE	autocannon_he	40	bvp/src/generated/resources/data/berts_vehicle_pack/sbw/vehicles/cv9040_no_net.json	0	5	Weapons.Cannon.ProjectileBeltAmmoType[1].Override; proj=superbwarfare:small_cannon_shell; profile=berts_vehicle_pack:cv9040_no_net/cannon/belt_ammo_01_slsgr_m90_he; round=berts_vehicle_pack:slsgr_m90_he; hdc=HE; shell=HE; direct=250; FX_ONLY(ED=0)
berts_vehicle_pack:do_335_b2#destroy	do_335_b2 destruction / cook-off	vehicle_destruction		bvp/src/generated/resources/data/berts_vehicle_pack/sbw/vehicles/do_335_b2.json	160	13	DestroyInfo particle=Giant; keepBlock; SympatheticDetonation
berts_vehicle_pack:do_335_b2/CannonNose	MK103 HE I T MINE	autocannon_he	30	bvp/src/generated/resources/data/berts_vehicle_pack/sbw/vehicles/do_335_b2.json	0	5	Weapons.CannonNose; proj=superbwarfare:small_cannon_shell; profile=berts_vehicle_pack:aircraft_rounds/mk103/mk103_he_i_t_mine; round=berts_vehicle_pack:mk103_he_i_t_mine; hdc=HE; shell=HE; direct=250; FX_ONLY(ED=0); mount_scale=0.5
berts_vehicle_pack:do_335_b2/CannonNose[AmmoType[0]]	Air Belt	autocannon_he	30	bvp/src/generated/resources/data/berts_vehicle_pack/sbw/vehicles/do_335_b2.json	0	5	Weapons.CannonNose.AmmoType[0].Override; proj=superbwarfare:small_cannon_shell; profile=berts_vehicle_pack:aircraft_rounds/mk103/mk103_he_i_t_mine; round=berts_vehicle_pack:mk103_he_i_t_mine; hdc=HE; shell=HE; direct=250; FX_ONLY(ED=0); mount_scale=0.5
berts_vehicle_pack:do_335_b2/CannonNose[ProjectileBeltAmmoType[0]]	SAPHEI_T	autocannon_aphe	30	bvp/src/generated/resources/data/berts_vehicle_pack/sbw/vehicles/do_335_b2.json	0	5	Weapons.CannonNose.ProjectileBeltAmmoType[0].Override; proj=superbwarfare:small_cannon_shell; profile=berts_vehicle_pack:aircraft_rounds/mk103/mk103_sap_hei_t; round=berts_vehicle_pack:mk103_sap_hei_t; hdc=APHE; shell=APHE; direct=45; FX_ONLY(ED=0); mount_scale=0.5
berts_vehicle_pack:do_335_b2/CannonWingLeft	MK103 HE I T MINE	autocannon_he	30	bvp/src/generated/resources/data/berts_vehicle_pack/sbw/vehicles/do_335_b2.json	0	5	Weapons.CannonWingLeft; proj=superbwarfare:small_cannon_shell; profile=berts_vehicle_pack:aircraft_rounds/mk103/mk103_he_i_t_mine; round=berts_vehicle_pack:mk103_he_i_t_mine; hdc=HE; shell=HE; direct=250; FX_ONLY(ED=0); mount_scale=0.5
berts_vehicle_pack:do_335_b2/CannonWingLeft[AmmoType[0]]	Air Belt	autocannon_he	30	bvp/src/generated/resources/data/berts_vehicle_pack/sbw/vehicles/do_335_b2.json	0	5	Weapons.CannonWingLeft.AmmoType[0].Override; proj=superbwarfare:small_cannon_shell; profile=berts_vehicle_pack:aircraft_rounds/mk103/mk103_he_i_t_mine; round=berts_vehicle_pack:mk103_he_i_t_mine; hdc=HE; shell=HE; direct=250; FX_ONLY(ED=0); mount_scale=0.5
berts_vehicle_pack:do_335_b2/CannonWingLeft[ProjectileBeltAmmoType[0]]	SAPHEI_T	autocannon_aphe	30	bvp/src/generated/resources/data/berts_vehicle_pack/sbw/vehicles/do_335_b2.json	0	5	Weapons.CannonWingLeft.ProjectileBeltAmmoType[0].Override; proj=superbwarfare:small_cannon_shell; profile=berts_vehicle_pack:aircraft_rounds/mk103/mk103_sap_hei_t; round=berts_vehicle_pack:mk103_sap_hei_t; hdc=APHE; shell=APHE; direct=45; FX_ONLY(ED=0); mount_scale=0.5
berts_vehicle_pack:do_335_b2/CannonWingRight	MK103 HE I T MINE	autocannon_he	30	bvp/src/generated/resources/data/berts_vehicle_pack/sbw/vehicles/do_335_b2.json	0	5	Weapons.CannonWingRight; proj=superbwarfare:small_cannon_shell; profile=berts_vehicle_pack:aircraft_rounds/mk103/mk103_he_i_t_mine; round=berts_vehicle_pack:mk103_he_i_t_mine; hdc=HE; shell=HE; direct=250; FX_ONLY(ED=0); mount_scale=0.5
berts_vehicle_pack:do_335_b2/CannonWingRight[AmmoType[0]]	Air Belt	autocannon_he	30	bvp/src/generated/resources/data/berts_vehicle_pack/sbw/vehicles/do_335_b2.json	0	5	Weapons.CannonWingRight.AmmoType[0].Override; proj=superbwarfare:small_cannon_shell; profile=berts_vehicle_pack:aircraft_rounds/mk103/mk103_he_i_t_mine; round=berts_vehicle_pack:mk103_he_i_t_mine; hdc=HE; shell=HE; direct=250; FX_ONLY(ED=0); mount_scale=0.5
berts_vehicle_pack:do_335_b2/CannonWingRight[ProjectileBeltAmmoType[0]]	SAPHEI_T	autocannon_aphe	30	bvp/src/generated/resources/data/berts_vehicle_pack/sbw/vehicles/do_335_b2.json	0	5	Weapons.CannonWingRight.ProjectileBeltAmmoType[0].Override; proj=superbwarfare:small_cannon_shell; profile=berts_vehicle_pack:aircraft_rounds/mk103/mk103_sap_hei_t; round=berts_vehicle_pack:mk103_sap_hei_t; hdc=APHE; shell=APHE; direct=45; FX_ONLY(ED=0); mount_scale=0.5
berts_vehicle_pack:do_335_b2/CannonCowlingLeft[ProjectileBeltAmmoType[0]]	APHE	autocannon_aphe	20	bvp/src/generated/resources/data/berts_vehicle_pack/sbw/vehicles/do_335_b2.json	0	5	Weapons.CannonCowlingLeft.ProjectileBeltAmmoType[0].Override; proj=superbwarfare:small_cannon_shell; profile=berts_vehicle_pack:aircraft_rounds/mg151_20/mg151_20_aphe; round=berts_vehicle_pack:mg151_20_aphe; hdc=APHE; shell=APHE; direct=45; FX_ONLY(ED=0); mount_scale=0.5
berts_vehicle_pack:do_335_b2/CannonCowlingLeft[ProjectileBeltAmmoType[1]]	HEI	autocannon_he	20	bvp/src/generated/resources/data/berts_vehicle_pack/sbw/vehicles/do_335_b2.json	0	5	Weapons.CannonCowlingLeft.ProjectileBeltAmmoType[1].Override; proj=superbwarfare:small_cannon_shell; profile=berts_vehicle_pack:aircraft_rounds/mg151_20/mg151_20_he_i_mine; round=berts_vehicle_pack:mg151_20_he_i_mine; hdc=HE; shell=HE; direct=250; FX_ONLY(ED=0); mount_scale=0.5
berts_vehicle_pack:do_335_b2/CannonCowlingRight[ProjectileBeltAmmoType[0]]	APHE	autocannon_aphe	20	bvp/src/generated/resources/data/berts_vehicle_pack/sbw/vehicles/do_335_b2.json	0	5	Weapons.CannonCowlingRight.ProjectileBeltAmmoType[0].Override; proj=superbwarfare:small_cannon_shell; profile=berts_vehicle_pack:aircraft_rounds/mg151_20/mg151_20_aphe; round=berts_vehicle_pack:mg151_20_aphe; hdc=APHE; shell=APHE; direct=45; FX_ONLY(ED=0); mount_scale=0.5
berts_vehicle_pack:do_335_b2/CannonCowlingRight[ProjectileBeltAmmoType[1]]	HEI	autocannon_he	20	bvp/src/generated/resources/data/berts_vehicle_pack/sbw/vehicles/do_335_b2.json	0	5	Weapons.CannonCowlingRight.ProjectileBeltAmmoType[1].Override; proj=superbwarfare:small_cannon_shell; profile=berts_vehicle_pack:aircraft_rounds/mg151_20/mg151_20_he_i_mine; round=berts_vehicle_pack:mg151_20_he_i_mine; hdc=HE; shell=HE; direct=250; FX_ONLY(ED=0); mount_scale=0.5
berts_vehicle_pack:eurocopter_tiger#destroy	eurocopter_tiger destruction / cook-off	vehicle_destruction		bvp/src/generated/resources/data/berts_vehicle_pack/sbw/vehicles/eurocopter_tiger.json	160	13	DestroyInfo particle=Giant; keepBlock; SympatheticDetonation
berts_vehicle_pack:eurofighter_typhoon#destroy	eurofighter_typhoon destruction / cook-off	vehicle_destruction		bvp/src/generated/resources/data/berts_vehicle_pack/sbw/vehicles/eurofighter_typhoon.json	160	13	DestroyInfo particle=Giant; keepBlock; SympatheticDetonation
berts_vehicle_pack:eurofighter_typhoon/Cannon	BK27 AIR GAME	autocannon_he	27	bvp/src/generated/resources/data/berts_vehicle_pack/sbw/vehicles/eurofighter_typhoon.json	0	4.5	Weapons.Cannon; proj=superbwarfare:small_cannon_shell; profile=berts_vehicle_pack:aircraft_rounds/bk27/bk27_air_game; round=berts_vehicle_pack:bk27_air_game; hdc=HE; shell=HE; direct=225; FX_ONLY(ED=0); mount_scale=0.5
berts_vehicle_pack:eurofighter_typhoon/Cannon[AmmoType[0]]	Air Belt	autocannon_he	27	bvp/src/generated/resources/data/berts_vehicle_pack/sbw/vehicles/eurofighter_typhoon.json	0	4.5	Weapons.Cannon.AmmoType[0].Override; proj=superbwarfare:small_cannon_shell; profile=berts_vehicle_pack:aircraft_rounds/bk27/bk27_air_game; round=berts_vehicle_pack:bk27_air_game; hdc=HE; shell=HE; direct=225; FX_ONLY(ED=0); mount_scale=0.5
berts_vehicle_pack:f2h_2#destroy	f2h_2 destruction / cook-off	vehicle_destruction		bvp/src/generated/resources/data/berts_vehicle_pack/sbw/vehicles/f2h_2.json	160	13	DestroyInfo particle=Giant; keepBlock; SympatheticDetonation
berts_vehicle_pack:f2h_2/Gun1	M3 20MM AIR GAME	autocannon_he	20	bvp/src/generated/resources/data/berts_vehicle_pack/sbw/vehicles/f2h_2.json	0	3.3333	Weapons.Gun1; proj=superbwarfare:small_cannon_shell; profile=berts_vehicle_pack:aircraft_rounds/m3_20mm/m3_20mm_air_game; round=berts_vehicle_pack:m3_20mm_air_game; hdc=HE; shell=HE; direct=166.667; FX_ONLY(ED=0); mount_scale=0.5
berts_vehicle_pack:f2h_2/Gun1[AmmoType[0]]	Air Belt	autocannon_he	20	bvp/src/generated/resources/data/berts_vehicle_pack/sbw/vehicles/f2h_2.json	0	3.3333	Weapons.Gun1.AmmoType[0].Override; proj=superbwarfare:small_cannon_shell; profile=berts_vehicle_pack:aircraft_rounds/m3_20mm/m3_20mm_air_game; round=berts_vehicle_pack:m3_20mm_air_game; hdc=HE; shell=HE; direct=166.667; FX_ONLY(ED=0); mount_scale=0.5
berts_vehicle_pack:f2h_2/Gun2	M3 20MM AIR GAME	autocannon_he	20	bvp/src/generated/resources/data/berts_vehicle_pack/sbw/vehicles/f2h_2.json	0	3.3333	Weapons.Gun2; proj=superbwarfare:small_cannon_shell; profile=berts_vehicle_pack:aircraft_rounds/m3_20mm/m3_20mm_air_game; round=berts_vehicle_pack:m3_20mm_air_game; hdc=HE; shell=HE; direct=166.667; FX_ONLY(ED=0); mount_scale=0.5
berts_vehicle_pack:f2h_2/Gun2[AmmoType[0]]	Air Belt	autocannon_he	20	bvp/src/generated/resources/data/berts_vehicle_pack/sbw/vehicles/f2h_2.json	0	3.3333	Weapons.Gun2.AmmoType[0].Override; proj=superbwarfare:small_cannon_shell; profile=berts_vehicle_pack:aircraft_rounds/m3_20mm/m3_20mm_air_game; round=berts_vehicle_pack:m3_20mm_air_game; hdc=HE; shell=HE; direct=166.667; FX_ONLY(ED=0); mount_scale=0.5
berts_vehicle_pack:f2h_2/Gun3	M3 20MM AIR GAME	autocannon_he	20	bvp/src/generated/resources/data/berts_vehicle_pack/sbw/vehicles/f2h_2.json	0	3.3333	Weapons.Gun3; proj=superbwarfare:small_cannon_shell; profile=berts_vehicle_pack:aircraft_rounds/m3_20mm/m3_20mm_air_game; round=berts_vehicle_pack:m3_20mm_air_game; hdc=HE; shell=HE; direct=166.667; FX_ONLY(ED=0); mount_scale=0.5
berts_vehicle_pack:f2h_2/Gun3[AmmoType[0]]	Air Belt	autocannon_he	20	bvp/src/generated/resources/data/berts_vehicle_pack/sbw/vehicles/f2h_2.json	0	3.3333	Weapons.Gun3.AmmoType[0].Override; proj=superbwarfare:small_cannon_shell; profile=berts_vehicle_pack:aircraft_rounds/m3_20mm/m3_20mm_air_game; round=berts_vehicle_pack:m3_20mm_air_game; hdc=HE; shell=HE; direct=166.667; FX_ONLY(ED=0); mount_scale=0.5
berts_vehicle_pack:f2h_2/Gun4	M3 20MM AIR GAME	autocannon_he	20	bvp/src/generated/resources/data/berts_vehicle_pack/sbw/vehicles/f2h_2.json	0	3.3333	Weapons.Gun4; proj=superbwarfare:small_cannon_shell; profile=berts_vehicle_pack:aircraft_rounds/m3_20mm/m3_20mm_air_game; round=berts_vehicle_pack:m3_20mm_air_game; hdc=HE; shell=HE; direct=166.667; FX_ONLY(ED=0); mount_scale=0.5
berts_vehicle_pack:f2h_2/Gun4[AmmoType[0]]	Air Belt	autocannon_he	20	bvp/src/generated/resources/data/berts_vehicle_pack/sbw/vehicles/f2h_2.json	0	3.3333	Weapons.Gun4.AmmoType[0].Override; proj=superbwarfare:small_cannon_shell; profile=berts_vehicle_pack:aircraft_rounds/m3_20mm/m3_20mm_air_game; round=berts_vehicle_pack:m3_20mm_air_game; hdc=HE; shell=HE; direct=166.667; FX_ONLY(ED=0); mount_scale=0.5
berts_vehicle_pack:f3h#destroy	f3h destruction / cook-off	vehicle_destruction		bvp/src/generated/resources/data/berts_vehicle_pack/sbw/vehicles/f3h.json	160	13	DestroyInfo particle=Giant; keepBlock; SympatheticDetonation
berts_vehicle_pack:f3h/Gun1[ProjectileBeltAmmoType[0]]	HEI	autocannon_he	20	bvp/src/generated/resources/data/berts_vehicle_pack/sbw/vehicles/f3h.json	0	3.3333	Weapons.Gun1.ProjectileBeltAmmoType[0].Override; proj=superbwarfare:small_cannon_shell; profile=berts_vehicle_pack:aircraft_rounds/mk12/mk12_hei; round=berts_vehicle_pack:mk12_hei; hdc=HE; shell=HE; direct=166.667; FX_ONLY(ED=0); mount_scale=0.5
berts_vehicle_pack:f3h/Gun2[ProjectileBeltAmmoType[0]]	HEI	autocannon_he	20	bvp/src/generated/resources/data/berts_vehicle_pack/sbw/vehicles/f3h.json	0	3.3333	Weapons.Gun2.ProjectileBeltAmmoType[0].Override; proj=superbwarfare:small_cannon_shell; profile=berts_vehicle_pack:aircraft_rounds/mk12/mk12_hei; round=berts_vehicle_pack:mk12_hei; hdc=HE; shell=HE; direct=166.667; FX_ONLY(ED=0); mount_scale=0.5
berts_vehicle_pack:f3h/Gun3[ProjectileBeltAmmoType[0]]	HEI	autocannon_he	20	bvp/src/generated/resources/data/berts_vehicle_pack/sbw/vehicles/f3h.json	0	3.3333	Weapons.Gun3.ProjectileBeltAmmoType[0].Override; proj=superbwarfare:small_cannon_shell; profile=berts_vehicle_pack:aircraft_rounds/mk12/mk12_hei; round=berts_vehicle_pack:mk12_hei; hdc=HE; shell=HE; direct=166.667; FX_ONLY(ED=0); mount_scale=0.5
berts_vehicle_pack:f3h/Gun4[ProjectileBeltAmmoType[0]]	HEI	autocannon_he	20	bvp/src/generated/resources/data/berts_vehicle_pack/sbw/vehicles/f3h.json	0	3.3333	Weapons.Gun4.ProjectileBeltAmmoType[0].Override; proj=superbwarfare:small_cannon_shell; profile=berts_vehicle_pack:aircraft_rounds/mk12/mk12_hei; round=berts_vehicle_pack:mk12_hei; hdc=HE; shell=HE; direct=166.667; FX_ONLY(ED=0); mount_scale=0.5
berts_vehicle_pack:f8f_1#destroy	f8f_1 destruction / cook-off	vehicle_destruction		bvp/src/generated/resources/data/berts_vehicle_pack/sbw/vehicles/f8f_1.json	160	13	DestroyInfo particle=Giant; keepBlock; SympatheticDetonation
berts_vehicle_pack:f9f_2#destroy	f9f_2 destruction / cook-off	vehicle_destruction		bvp/src/generated/resources/data/berts_vehicle_pack/sbw/vehicles/f9f_2.json	160	13	DestroyInfo particle=Giant; keepBlock; SympatheticDetonation
berts_vehicle_pack:f9f_2/CannonUpperLeft	M3 20MM AIR GAME	autocannon_he	20	bvp/src/generated/resources/data/berts_vehicle_pack/sbw/vehicles/f9f_2.json	0	3.3333	Weapons.CannonUpperLeft; proj=superbwarfare:small_cannon_shell; profile=berts_vehicle_pack:aircraft_rounds/m3_20mm/m3_20mm_air_game; round=berts_vehicle_pack:m3_20mm_air_game; hdc=HE; shell=HE; direct=166.667; FX_ONLY(ED=0); mount_scale=0.5
berts_vehicle_pack:f9f_2/CannonUpperLeft[AmmoType[0]]	Air Belt	autocannon_he	20	bvp/src/generated/resources/data/berts_vehicle_pack/sbw/vehicles/f9f_2.json	0	3.3333	Weapons.CannonUpperLeft.AmmoType[0].Override; proj=superbwarfare:small_cannon_shell; profile=berts_vehicle_pack:aircraft_rounds/m3_20mm/m3_20mm_air_game; round=berts_vehicle_pack:m3_20mm_air_game; hdc=HE; shell=HE; direct=166.667; FX_ONLY(ED=0); mount_scale=0.5
berts_vehicle_pack:f9f_2/CannonLowerLeft	M3 20MM AIR GAME	autocannon_he	20	bvp/src/generated/resources/data/berts_vehicle_pack/sbw/vehicles/f9f_2.json	0	3.3333	Weapons.CannonLowerLeft; proj=superbwarfare:small_cannon_shell; profile=berts_vehicle_pack:aircraft_rounds/m3_20mm/m3_20mm_air_game; round=berts_vehicle_pack:m3_20mm_air_game; hdc=HE; shell=HE; direct=166.667; FX_ONLY(ED=0); mount_scale=0.5
berts_vehicle_pack:f9f_2/CannonLowerLeft[AmmoType[0]]	Air Belt	autocannon_he	20	bvp/src/generated/resources/data/berts_vehicle_pack/sbw/vehicles/f9f_2.json	0	3.3333	Weapons.CannonLowerLeft.AmmoType[0].Override; proj=superbwarfare:small_cannon_shell; profile=berts_vehicle_pack:aircraft_rounds/m3_20mm/m3_20mm_air_game; round=berts_vehicle_pack:m3_20mm_air_game; hdc=HE; shell=HE; direct=166.667; FX_ONLY(ED=0); mount_scale=0.5
berts_vehicle_pack:f9f_2/CannonUpperRight	M3 20MM AIR GAME	autocannon_he	20	bvp/src/generated/resources/data/berts_vehicle_pack/sbw/vehicles/f9f_2.json	0	3.3333	Weapons.CannonUpperRight; proj=superbwarfare:small_cannon_shell; profile=berts_vehicle_pack:aircraft_rounds/m3_20mm/m3_20mm_air_game; round=berts_vehicle_pack:m3_20mm_air_game; hdc=HE; shell=HE; direct=166.667; FX_ONLY(ED=0); mount_scale=0.5
berts_vehicle_pack:f9f_2/CannonUpperRight[AmmoType[0]]	Air Belt	autocannon_he	20	bvp/src/generated/resources/data/berts_vehicle_pack/sbw/vehicles/f9f_2.json	0	3.3333	Weapons.CannonUpperRight.AmmoType[0].Override; proj=superbwarfare:small_cannon_shell; profile=berts_vehicle_pack:aircraft_rounds/m3_20mm/m3_20mm_air_game; round=berts_vehicle_pack:m3_20mm_air_game; hdc=HE; shell=HE; direct=166.667; FX_ONLY(ED=0); mount_scale=0.5
berts_vehicle_pack:f9f_2/CannonLowerRight	M3 20MM AIR GAME	autocannon_he	20	bvp/src/generated/resources/data/berts_vehicle_pack/sbw/vehicles/f9f_2.json	0	3.3333	Weapons.CannonLowerRight; proj=superbwarfare:small_cannon_shell; profile=berts_vehicle_pack:aircraft_rounds/m3_20mm/m3_20mm_air_game; round=berts_vehicle_pack:m3_20mm_air_game; hdc=HE; shell=HE; direct=166.667; FX_ONLY(ED=0); mount_scale=0.5
berts_vehicle_pack:f9f_2/CannonLowerRight[AmmoType[0]]	Air Belt	autocannon_he	20	bvp/src/generated/resources/data/berts_vehicle_pack/sbw/vehicles/f9f_2.json	0	3.3333	Weapons.CannonLowerRight.AmmoType[0].Override; proj=superbwarfare:small_cannon_shell; profile=berts_vehicle_pack:aircraft_rounds/m3_20mm/m3_20mm_air_game; round=berts_vehicle_pack:m3_20mm_air_game; hdc=HE; shell=HE; direct=166.667; FX_ONLY(ED=0); mount_scale=0.5
berts_vehicle_pack:f_100c#destroy	f_100c destruction / cook-off	vehicle_destruction		bvp/src/generated/resources/data/berts_vehicle_pack/sbw/vehicles/f_100c.json	160	13	DestroyInfo particle=Giant; keepBlock; SympatheticDetonation
berts_vehicle_pack:f_100c/CannonUpperLeft	M39A1 AIR GAME	autocannon_he	20	bvp/src/generated/resources/data/berts_vehicle_pack/sbw/vehicles/f_100c.json	0	3.3333	Weapons.CannonUpperLeft; proj=superbwarfare:small_cannon_shell; profile=berts_vehicle_pack:aircraft_rounds/m39a1/m39a1_air_game; round=berts_vehicle_pack:m39a1_air_game; hdc=HE; shell=HE; direct=166.667; FX_ONLY(ED=0); mount_scale=0.5
berts_vehicle_pack:f_100c/CannonUpperLeft[AmmoType[0]]	Air Belt	autocannon_he	20	bvp/src/generated/resources/data/berts_vehicle_pack/sbw/vehicles/f_100c.json	0	3.3333	Weapons.CannonUpperLeft.AmmoType[0].Override; proj=superbwarfare:small_cannon_shell; profile=berts_vehicle_pack:aircraft_rounds/m39a1/m39a1_air_game; round=berts_vehicle_pack:m39a1_air_game; hdc=HE; shell=HE; direct=166.667; FX_ONLY(ED=0); mount_scale=0.5
berts_vehicle_pack:f_100c/CannonLowerLeft	M39A1 AIR GAME	autocannon_he	20	bvp/src/generated/resources/data/berts_vehicle_pack/sbw/vehicles/f_100c.json	0	3.3333	Weapons.CannonLowerLeft; proj=superbwarfare:small_cannon_shell; profile=berts_vehicle_pack:aircraft_rounds/m39a1/m39a1_air_game; round=berts_vehicle_pack:m39a1_air_game; hdc=HE; shell=HE; direct=166.667; FX_ONLY(ED=0); mount_scale=0.5
berts_vehicle_pack:f_100c/CannonLowerLeft[AmmoType[0]]	Air Belt	autocannon_he	20	bvp/src/generated/resources/data/berts_vehicle_pack/sbw/vehicles/f_100c.json	0	3.3333	Weapons.CannonLowerLeft.AmmoType[0].Override; proj=superbwarfare:small_cannon_shell; profile=berts_vehicle_pack:aircraft_rounds/m39a1/m39a1_air_game; round=berts_vehicle_pack:m39a1_air_game; hdc=HE; shell=HE; direct=166.667; FX_ONLY(ED=0); mount_scale=0.5
berts_vehicle_pack:f_100c/CannonUpperRight	M39A1 AIR GAME	autocannon_he	20	bvp/src/generated/resources/data/berts_vehicle_pack/sbw/vehicles/f_100c.json	0	3.3333	Weapons.CannonUpperRight; proj=superbwarfare:small_cannon_shell; profile=berts_vehicle_pack:aircraft_rounds/m39a1/m39a1_air_game; round=berts_vehicle_pack:m39a1_air_game; hdc=HE; shell=HE; direct=166.667; FX_ONLY(ED=0); mount_scale=0.5
berts_vehicle_pack:f_100c/CannonUpperRight[AmmoType[0]]	Air Belt	autocannon_he	20	bvp/src/generated/resources/data/berts_vehicle_pack/sbw/vehicles/f_100c.json	0	3.3333	Weapons.CannonUpperRight.AmmoType[0].Override; proj=superbwarfare:small_cannon_shell; profile=berts_vehicle_pack:aircraft_rounds/m39a1/m39a1_air_game; round=berts_vehicle_pack:m39a1_air_game; hdc=HE; shell=HE; direct=166.667; FX_ONLY(ED=0); mount_scale=0.5
berts_vehicle_pack:f_100c/CannonLowerRight	M39A1 AIR GAME	autocannon_he	20	bvp/src/generated/resources/data/berts_vehicle_pack/sbw/vehicles/f_100c.json	0	3.3333	Weapons.CannonLowerRight; proj=superbwarfare:small_cannon_shell; profile=berts_vehicle_pack:aircraft_rounds/m39a1/m39a1_air_game; round=berts_vehicle_pack:m39a1_air_game; hdc=HE; shell=HE; direct=166.667; FX_ONLY(ED=0); mount_scale=0.5
berts_vehicle_pack:f_100c/CannonLowerRight[AmmoType[0]]	Air Belt	autocannon_he	20	bvp/src/generated/resources/data/berts_vehicle_pack/sbw/vehicles/f_100c.json	0	3.3333	Weapons.CannonLowerRight.AmmoType[0].Override; proj=superbwarfare:small_cannon_shell; profile=berts_vehicle_pack:aircraft_rounds/m39a1/m39a1_air_game; round=berts_vehicle_pack:m39a1_air_game; hdc=HE; shell=HE; direct=166.667; FX_ONLY(ED=0); mount_scale=0.5
berts_vehicle_pack:f_104g#destroy	f_104g destruction / cook-off	vehicle_destruction		bvp/src/generated/resources/data/berts_vehicle_pack/sbw/vehicles/f_104g.json	160	13	DestroyInfo particle=Giant; keepBlock; SympatheticDetonation
berts_vehicle_pack:f_104g/Vulcan	M61A1 AIR GAME	autocannon_he	20	bvp/src/generated/resources/data/berts_vehicle_pack/sbw/vehicles/f_104g.json	0	3.3333	Weapons.Vulcan; proj=superbwarfare:small_cannon_shell; profile=berts_vehicle_pack:aircraft_rounds/m61a1/m61a1_air_game; round=berts_vehicle_pack:m61a1_air_game; hdc=HE; shell=HE; direct=166.667; FX_ONLY(ED=0); mount_scale=0.5
berts_vehicle_pack:f_104g/Vulcan[AmmoType[0]]	Air Belt	autocannon_he	20	bvp/src/generated/resources/data/berts_vehicle_pack/sbw/vehicles/f_104g.json	0	3.3333	Weapons.Vulcan.AmmoType[0].Override; proj=superbwarfare:small_cannon_shell; profile=berts_vehicle_pack:aircraft_rounds/m61a1/m61a1_air_game; round=berts_vehicle_pack:m61a1_air_game; hdc=HE; shell=HE; direct=166.667; FX_ONLY(ED=0); mount_scale=0.5
berts_vehicle_pack:f_111f#destroy	f_111f destruction / cook-off	vehicle_destruction		bvp/src/generated/resources/data/berts_vehicle_pack/sbw/vehicles/f_111f.json	160	13	DestroyInfo particle=Giant; keepBlock; SympatheticDetonation
berts_vehicle_pack:f_111f/BayVulcan	M61A1 AIR GAME	autocannon_he	20	bvp/src/generated/resources/data/berts_vehicle_pack/sbw/vehicles/f_111f.json	0	3.3333	Weapons.BayVulcan; proj=superbwarfare:small_cannon_shell; profile=berts_vehicle_pack:aircraft_rounds/m61a1/m61a1_air_game; round=berts_vehicle_pack:m61a1_air_game; hdc=HE; shell=HE; direct=166.667; FX_ONLY(ED=0); mount_scale=0.5
berts_vehicle_pack:f_111f/BayVulcan[AmmoType[0]]	Air Belt	autocannon_he	20	bvp/src/generated/resources/data/berts_vehicle_pack/sbw/vehicles/f_111f.json	0	3.3333	Weapons.BayVulcan.AmmoType[0].Override; proj=superbwarfare:small_cannon_shell; profile=berts_vehicle_pack:aircraft_rounds/m61a1/m61a1_air_game; round=berts_vehicle_pack:m61a1_air_game; hdc=HE; shell=HE; direct=166.667; FX_ONLY(ED=0); mount_scale=0.5
berts_vehicle_pack:f_14a#destroy	f_14a destruction / cook-off	vehicle_destruction		bvp/src/generated/resources/data/berts_vehicle_pack/sbw/vehicles/f_14a.json	160	13	DestroyInfo particle=Giant; keepBlock; SympatheticDetonation
berts_vehicle_pack:f_14a/Vulcan	M61A1 AIR GAME	autocannon_he	20	bvp/src/generated/resources/data/berts_vehicle_pack/sbw/vehicles/f_14a.json	0	3.3333	Weapons.Vulcan; proj=superbwarfare:small_cannon_shell; profile=berts_vehicle_pack:aircraft_rounds/m61a1/m61a1_air_game; round=berts_vehicle_pack:m61a1_air_game; hdc=HE; shell=HE; direct=166.667; FX_ONLY(ED=0); mount_scale=0.5
berts_vehicle_pack:f_14a/Vulcan[AmmoType[0]]	Air Belt	autocannon_he	20	bvp/src/generated/resources/data/berts_vehicle_pack/sbw/vehicles/f_14a.json	0	3.3333	Weapons.Vulcan.AmmoType[0].Override; proj=superbwarfare:small_cannon_shell; profile=berts_vehicle_pack:aircraft_rounds/m61a1/m61a1_air_game; round=berts_vehicle_pack:m61a1_air_game; hdc=HE; shell=HE; direct=166.667; FX_ONLY(ED=0); mount_scale=0.5
berts_vehicle_pack:f_14d#destroy	f_14d destruction / cook-off	vehicle_destruction		bvp/src/generated/resources/data/berts_vehicle_pack/sbw/vehicles/f_14d.json	160	13	DestroyInfo particle=Giant; keepBlock; SympatheticDetonation
berts_vehicle_pack:f_14d/Vulcan	M61A1 AIR GAME	autocannon_he	20	bvp/src/generated/resources/data/berts_vehicle_pack/sbw/vehicles/f_14d.json	0	3.3333	Weapons.Vulcan; proj=superbwarfare:small_cannon_shell; profile=berts_vehicle_pack:aircraft_rounds/m61a1/m61a1_air_game; round=berts_vehicle_pack:m61a1_air_game; hdc=HE; shell=HE; direct=166.667; FX_ONLY(ED=0); mount_scale=0.5
berts_vehicle_pack:f_14d/Vulcan[AmmoType[0]]	Air Belt	autocannon_he	20	bvp/src/generated/resources/data/berts_vehicle_pack/sbw/vehicles/f_14d.json	0	3.3333	Weapons.Vulcan.AmmoType[0].Override; proj=superbwarfare:small_cannon_shell; profile=berts_vehicle_pack:aircraft_rounds/m61a1/m61a1_air_game; round=berts_vehicle_pack:m61a1_air_game; hdc=HE; shell=HE; direct=166.667; FX_ONLY(ED=0); mount_scale=0.5
berts_vehicle_pack:f_15c#destroy	f_15c destruction / cook-off	vehicle_destruction		bvp/src/generated/resources/data/berts_vehicle_pack/sbw/vehicles/f_15c.json	160	13	DestroyInfo particle=Giant; keepBlock; SympatheticDetonation
berts_vehicle_pack:f_15c/Vulcan	M61A1 AIR GAME	autocannon_he	20	bvp/src/generated/resources/data/berts_vehicle_pack/sbw/vehicles/f_15c.json	0	3.3333	Weapons.Vulcan; proj=superbwarfare:small_cannon_shell; profile=berts_vehicle_pack:aircraft_rounds/m61a1/m61a1_air_game; round=berts_vehicle_pack:m61a1_air_game; hdc=HE; shell=HE; direct=166.667; FX_ONLY(ED=0); mount_scale=0.5
berts_vehicle_pack:f_15c/Vulcan[AmmoType[0]]	Air Belt	autocannon_he	20	bvp/src/generated/resources/data/berts_vehicle_pack/sbw/vehicles/f_15c.json	0	3.3333	Weapons.Vulcan.AmmoType[0].Override; proj=superbwarfare:small_cannon_shell; profile=berts_vehicle_pack:aircraft_rounds/m61a1/m61a1_air_game; round=berts_vehicle_pack:m61a1_air_game; hdc=HE; shell=HE; direct=166.667; FX_ONLY(ED=0); mount_scale=0.5
berts_vehicle_pack:f_16a#destroy	f_16a destruction / cook-off	vehicle_destruction		bvp/src/generated/resources/data/berts_vehicle_pack/sbw/vehicles/f_16a.json	160	13	DestroyInfo particle=Giant; keepBlock; SympatheticDetonation
berts_vehicle_pack:f_16a/Vulcan	M61A1 AIR GAME	autocannon_he	20	bvp/src/generated/resources/data/berts_vehicle_pack/sbw/vehicles/f_16a.json	0	3.3333	Weapons.Vulcan; proj=superbwarfare:small_cannon_shell; profile=berts_vehicle_pack:aircraft_rounds/m61a1/m61a1_air_game; round=berts_vehicle_pack:m61a1_air_game; hdc=HE; shell=HE; direct=166.667; FX_ONLY(ED=0); mount_scale=0.5
berts_vehicle_pack:f_16a/Vulcan[AmmoType[0]]	Air Belt	autocannon_he	20	bvp/src/generated/resources/data/berts_vehicle_pack/sbw/vehicles/f_16a.json	0	3.3333	Weapons.Vulcan.AmmoType[0].Override; proj=superbwarfare:small_cannon_shell; profile=berts_vehicle_pack:aircraft_rounds/m61a1/m61a1_air_game; round=berts_vehicle_pack:m61a1_air_game; hdc=HE; shell=HE; direct=166.667; FX_ONLY(ED=0); mount_scale=0.5
berts_vehicle_pack:f_16c#destroy	f_16c destruction / cook-off	vehicle_destruction		bvp/src/generated/resources/data/berts_vehicle_pack/sbw/vehicles/f_16c.json	160	13	DestroyInfo particle=Giant; keepBlock; SympatheticDetonation
berts_vehicle_pack:f_16c/Vulcan	M61A1 AIR GAME	autocannon_he	20	bvp/src/generated/resources/data/berts_vehicle_pack/sbw/vehicles/f_16c.json	0	3.3333	Weapons.Vulcan; proj=superbwarfare:small_cannon_shell; profile=berts_vehicle_pack:aircraft_rounds/m61a1/m61a1_air_game; round=berts_vehicle_pack:m61a1_air_game; hdc=HE; shell=HE; direct=166.667; FX_ONLY(ED=0); mount_scale=0.5
berts_vehicle_pack:f_16c/Vulcan[AmmoType[0]]	Air Belt	autocannon_he	20	bvp/src/generated/resources/data/berts_vehicle_pack/sbw/vehicles/f_16c.json	0	3.3333	Weapons.Vulcan.AmmoType[0].Override; proj=superbwarfare:small_cannon_shell; profile=berts_vehicle_pack:aircraft_rounds/m61a1/m61a1_air_game; round=berts_vehicle_pack:m61a1_air_game; hdc=HE; shell=HE; direct=166.667; FX_ONLY(ED=0); mount_scale=0.5
berts_vehicle_pack:f_22a#destroy	f_22a destruction / cook-off	vehicle_destruction		bvp/src/generated/resources/data/berts_vehicle_pack/sbw/vehicles/f_22a.json	160	13	DestroyInfo particle=Giant; keepBlock; SympatheticDetonation
berts_vehicle_pack:f_22a/Vulcan	M61A2 AIR GAME	autocannon_he	20	bvp/src/generated/resources/data/berts_vehicle_pack/sbw/vehicles/f_22a.json	0	3.3333	Weapons.Vulcan; proj=superbwarfare:small_cannon_shell; profile=berts_vehicle_pack:aircraft_rounds/m61a2/m61a2_air_game; round=berts_vehicle_pack:m61a2_air_game; hdc=HE; shell=HE; direct=166.667; FX_ONLY(ED=0); mount_scale=0.5
berts_vehicle_pack:f_22a/Vulcan[AmmoType[0]]	Air Belt	autocannon_he	20	bvp/src/generated/resources/data/berts_vehicle_pack/sbw/vehicles/f_22a.json	0	3.3333	Weapons.Vulcan.AmmoType[0].Override; proj=superbwarfare:small_cannon_shell; profile=berts_vehicle_pack:aircraft_rounds/m61a2/m61a2_air_game; round=berts_vehicle_pack:m61a2_air_game; hdc=HE; shell=HE; direct=166.667; FX_ONLY(ED=0); mount_scale=0.5
berts_vehicle_pack:f_4c#destroy	f_4c destruction / cook-off	vehicle_destruction		bvp/src/generated/resources/data/berts_vehicle_pack/sbw/vehicles/f_4c.json	160	13	DestroyInfo particle=Giant; keepBlock; SympatheticDetonation
berts_vehicle_pack:f_4c/CenterlineGAU4	GAU4 AIR GAME	autocannon_he	20	bvp/src/generated/resources/data/berts_vehicle_pack/sbw/vehicles/f_4c.json	0	3.3333	Weapons.CenterlineGAU4; proj=superbwarfare:small_cannon_shell; profile=berts_vehicle_pack:aircraft_rounds/gau4/gau4_air_game; round=berts_vehicle_pack:gau4_air_game; hdc=HE; shell=HE; direct=166.667; FX_ONLY(ED=0); mount_scale=0.5
berts_vehicle_pack:f_4c/CenterlineGAU4[AmmoType[0]]	Air Belt	autocannon_he	20	bvp/src/generated/resources/data/berts_vehicle_pack/sbw/vehicles/f_4c.json	0	3.3333	Weapons.CenterlineGAU4.AmmoType[0].Override; proj=superbwarfare:small_cannon_shell; profile=berts_vehicle_pack:aircraft_rounds/gau4/gau4_air_game; round=berts_vehicle_pack:gau4_air_game; hdc=HE; shell=HE; direct=166.667; FX_ONLY(ED=0); mount_scale=0.5
berts_vehicle_pack:f_5a#destroy	f_5a destruction / cook-off	vehicle_destruction		bvp/src/generated/resources/data/berts_vehicle_pack/sbw/vehicles/f_5a.json	160	13	DestroyInfo particle=Giant; keepBlock; SympatheticDetonation
berts_vehicle_pack:f_5a/CannonLeft	M39A2 AIR GAME	autocannon_he	20	bvp/src/generated/resources/data/berts_vehicle_pack/sbw/vehicles/f_5a.json	0	3.3333	Weapons.CannonLeft; proj=superbwarfare:small_cannon_shell; profile=berts_vehicle_pack:aircraft_rounds/m39a2/m39a2_air_game; round=berts_vehicle_pack:m39a2_air_game; hdc=HE; shell=HE; direct=166.667; FX_ONLY(ED=0); mount_scale=0.5
berts_vehicle_pack:f_5a/CannonLeft[AmmoType[0]]	Air Belt	autocannon_he	20	bvp/src/generated/resources/data/berts_vehicle_pack/sbw/vehicles/f_5a.json	0	3.3333	Weapons.CannonLeft.AmmoType[0].Override; proj=superbwarfare:small_cannon_shell; profile=berts_vehicle_pack:aircraft_rounds/m39a2/m39a2_air_game; round=berts_vehicle_pack:m39a2_air_game; hdc=HE; shell=HE; direct=166.667; FX_ONLY(ED=0); mount_scale=0.5
berts_vehicle_pack:f_5a/CannonRight	M39A2 AIR GAME	autocannon_he	20	bvp/src/generated/resources/data/berts_vehicle_pack/sbw/vehicles/f_5a.json	0	3.3333	Weapons.CannonRight; proj=superbwarfare:small_cannon_shell; profile=berts_vehicle_pack:aircraft_rounds/m39a2/m39a2_air_game; round=berts_vehicle_pack:m39a2_air_game; hdc=HE; shell=HE; direct=166.667; FX_ONLY(ED=0); mount_scale=0.5
berts_vehicle_pack:f_5a/CannonRight[AmmoType[0]]	Air Belt	autocannon_he	20	bvp/src/generated/resources/data/berts_vehicle_pack/sbw/vehicles/f_5a.json	0	3.3333	Weapons.CannonRight.AmmoType[0].Override; proj=superbwarfare:small_cannon_shell; profile=berts_vehicle_pack:aircraft_rounds/m39a2/m39a2_air_game; round=berts_vehicle_pack:m39a2_air_game; hdc=HE; shell=HE; direct=166.667; FX_ONLY(ED=0); mount_scale=0.5
berts_vehicle_pack:f_84f#destroy	f_84f destruction / cook-off	vehicle_destruction		bvp/src/generated/resources/data/berts_vehicle_pack/sbw/vehicles/f_84f.json	160	13	DestroyInfo particle=Giant; keepBlock; SympatheticDetonation
berts_vehicle_pack:f_84f/NoseLeftInner	M3 AIR AIR GAME	bullet_he	12.7	bvp/src/generated/resources/data/berts_vehicle_pack/sbw/vehicles/f_84f.json	0	1.6667	Weapons.NoseLeftInner; proj=superbwarfare:projectile; profile=berts_vehicle_pack:aircraft_rounds/m3_air/m3_air_air_game; round=berts_vehicle_pack:m3_air_air_game; hdc=HE; shell=HE; direct=83.3333; FX_ONLY(ED=0); mount_scale=0.33
berts_vehicle_pack:f_84f/NoseLeftInner[AmmoType[0]]	Air Belt	bullet_he	12.7	bvp/src/generated/resources/data/berts_vehicle_pack/sbw/vehicles/f_84f.json	0	1.6667	Weapons.NoseLeftInner.AmmoType[0].Override; proj=superbwarfare:projectile; profile=berts_vehicle_pack:aircraft_rounds/m3_air/m3_air_air_game; round=berts_vehicle_pack:m3_air_air_game; hdc=HE; shell=HE; direct=83.3333; FX_ONLY(ED=0); mount_scale=0.33
berts_vehicle_pack:f_84f/NoseLeftOuter	M3 AIR AIR GAME	bullet_he	12.7	bvp/src/generated/resources/data/berts_vehicle_pack/sbw/vehicles/f_84f.json	0	1.6667	Weapons.NoseLeftOuter; proj=superbwarfare:projectile; profile=berts_vehicle_pack:aircraft_rounds/m3_air/m3_air_air_game; round=berts_vehicle_pack:m3_air_air_game; hdc=HE; shell=HE; direct=83.3333; FX_ONLY(ED=0); mount_scale=0.33
berts_vehicle_pack:f_84f/NoseLeftOuter[AmmoType[0]]	Air Belt	bullet_he	12.7	bvp/src/generated/resources/data/berts_vehicle_pack/sbw/vehicles/f_84f.json	0	1.6667	Weapons.NoseLeftOuter.AmmoType[0].Override; proj=superbwarfare:projectile; profile=berts_vehicle_pack:aircraft_rounds/m3_air/m3_air_air_game; round=berts_vehicle_pack:m3_air_air_game; hdc=HE; shell=HE; direct=83.3333; FX_ONLY(ED=0); mount_scale=0.33
berts_vehicle_pack:f_84f/NoseRightInner	M3 AIR AIR GAME	bullet_he	12.7	bvp/src/generated/resources/data/berts_vehicle_pack/sbw/vehicles/f_84f.json	0	1.6667	Weapons.NoseRightInner; proj=superbwarfare:projectile; profile=berts_vehicle_pack:aircraft_rounds/m3_air/m3_air_air_game; round=berts_vehicle_pack:m3_air_air_game; hdc=HE; shell=HE; direct=83.3333; FX_ONLY(ED=0); mount_scale=0.33
berts_vehicle_pack:f_84f/NoseRightInner[AmmoType[0]]	Air Belt	bullet_he	12.7	bvp/src/generated/resources/data/berts_vehicle_pack/sbw/vehicles/f_84f.json	0	1.6667	Weapons.NoseRightInner.AmmoType[0].Override; proj=superbwarfare:projectile; profile=berts_vehicle_pack:aircraft_rounds/m3_air/m3_air_air_game; round=berts_vehicle_pack:m3_air_air_game; hdc=HE; shell=HE; direct=83.3333; FX_ONLY(ED=0); mount_scale=0.33
berts_vehicle_pack:f_84f/NoseRightOuter	M3 AIR AIR GAME	bullet_he	12.7	bvp/src/generated/resources/data/berts_vehicle_pack/sbw/vehicles/f_84f.json	0	1.6667	Weapons.NoseRightOuter; proj=superbwarfare:projectile; profile=berts_vehicle_pack:aircraft_rounds/m3_air/m3_air_air_game; round=berts_vehicle_pack:m3_air_air_game; hdc=HE; shell=HE; direct=83.3333; FX_ONLY(ED=0); mount_scale=0.33
berts_vehicle_pack:f_84f/NoseRightOuter[AmmoType[0]]	Air Belt	bullet_he	12.7	bvp/src/generated/resources/data/berts_vehicle_pack/sbw/vehicles/f_84f.json	0	1.6667	Weapons.NoseRightOuter.AmmoType[0].Override; proj=superbwarfare:projectile; profile=berts_vehicle_pack:aircraft_rounds/m3_air/m3_air_air_game; round=berts_vehicle_pack:m3_air_air_game; hdc=HE; shell=HE; direct=83.3333; FX_ONLY(ED=0); mount_scale=0.33
berts_vehicle_pack:f_84f/WingLeft	M3 AIR AIR GAME	bullet_he	12.7	bvp/src/generated/resources/data/berts_vehicle_pack/sbw/vehicles/f_84f.json	0	1.6667	Weapons.WingLeft; proj=superbwarfare:projectile; profile=berts_vehicle_pack:aircraft_rounds/m3_air/m3_air_air_game; round=berts_vehicle_pack:m3_air_air_game; hdc=HE; shell=HE; direct=83.3333; FX_ONLY(ED=0); mount_scale=0.33
berts_vehicle_pack:f_84f/WingLeft[AmmoType[0]]	Air Belt	bullet_he	12.7	bvp/src/generated/resources/data/berts_vehicle_pack/sbw/vehicles/f_84f.json	0	1.6667	Weapons.WingLeft.AmmoType[0].Override; proj=superbwarfare:projectile; profile=berts_vehicle_pack:aircraft_rounds/m3_air/m3_air_air_game; round=berts_vehicle_pack:m3_air_air_game; hdc=HE; shell=HE; direct=83.3333; FX_ONLY(ED=0); mount_scale=0.33
berts_vehicle_pack:f_84f/WingRight	M3 AIR AIR GAME	bullet_he	12.7	bvp/src/generated/resources/data/berts_vehicle_pack/sbw/vehicles/f_84f.json	0	1.6667	Weapons.WingRight; proj=superbwarfare:projectile; profile=berts_vehicle_pack:aircraft_rounds/m3_air/m3_air_air_game; round=berts_vehicle_pack:m3_air_air_game; hdc=HE; shell=HE; direct=83.3333; FX_ONLY(ED=0); mount_scale=0.33
berts_vehicle_pack:f_84f/WingRight[AmmoType[0]]	Air Belt	bullet_he	12.7	bvp/src/generated/resources/data/berts_vehicle_pack/sbw/vehicles/f_84f.json	0	1.6667	Weapons.WingRight.AmmoType[0].Override; proj=superbwarfare:projectile; profile=berts_vehicle_pack:aircraft_rounds/m3_air/m3_air_air_game; round=berts_vehicle_pack:m3_air_air_game; hdc=HE; shell=HE; direct=83.3333; FX_ONLY(ED=0); mount_scale=0.33
berts_vehicle_pack:f_86k#destroy	f_86k destruction / cook-off	vehicle_destruction		bvp/src/generated/resources/data/berts_vehicle_pack/sbw/vehicles/f_86k.json	160	13	DestroyInfo particle=Giant; keepBlock; SympatheticDetonation
berts_vehicle_pack:f_8h#destroy	f_8h destruction / cook-off	vehicle_destruction		bvp/src/generated/resources/data/berts_vehicle_pack/sbw/vehicles/f_8h.json	160	13	DestroyInfo particle=Giant; keepBlock; SympatheticDetonation
berts_vehicle_pack:f_8h/Gun1[ProjectileBeltAmmoType[0]]	HEI	autocannon_he	20	bvp/src/generated/resources/data/berts_vehicle_pack/sbw/vehicles/f_8h.json	0	3.3333	Weapons.Gun1.ProjectileBeltAmmoType[0].Override; proj=superbwarfare:small_cannon_shell; profile=berts_vehicle_pack:aircraft_rounds/mk12/mk12_hei; round=berts_vehicle_pack:mk12_hei; hdc=HE; shell=HE; direct=166.667; FX_ONLY(ED=0); mount_scale=0.5
berts_vehicle_pack:f_8h/Gun2[ProjectileBeltAmmoType[0]]	HEI	autocannon_he	20	bvp/src/generated/resources/data/berts_vehicle_pack/sbw/vehicles/f_8h.json	0	3.3333	Weapons.Gun2.ProjectileBeltAmmoType[0].Override; proj=superbwarfare:small_cannon_shell; profile=berts_vehicle_pack:aircraft_rounds/mk12/mk12_hei; round=berts_vehicle_pack:mk12_hei; hdc=HE; shell=HE; direct=166.667; FX_ONLY(ED=0); mount_scale=0.5
berts_vehicle_pack:f_8h/Gun3[ProjectileBeltAmmoType[0]]	HEI	autocannon_he	20	bvp/src/generated/resources/data/berts_vehicle_pack/sbw/vehicles/f_8h.json	0	3.3333	Weapons.Gun3.ProjectileBeltAmmoType[0].Override; proj=superbwarfare:small_cannon_shell; profile=berts_vehicle_pack:aircraft_rounds/mk12/mk12_hei; round=berts_vehicle_pack:mk12_hei; hdc=HE; shell=HE; direct=166.667; FX_ONLY(ED=0); mount_scale=0.5
berts_vehicle_pack:f_8h/Gun4[ProjectileBeltAmmoType[0]]	HEI	autocannon_he	20	bvp/src/generated/resources/data/berts_vehicle_pack/sbw/vehicles/f_8h.json	0	3.3333	Weapons.Gun4.ProjectileBeltAmmoType[0].Override; proj=superbwarfare:small_cannon_shell; profile=berts_vehicle_pack:aircraft_rounds/mk12/mk12_hei; round=berts_vehicle_pack:mk12_hei; hdc=HE; shell=HE; direct=166.667; FX_ONLY(ED=0); mount_scale=0.5
berts_vehicle_pack:fa_18e#destroy	fa_18e destruction / cook-off	vehicle_destruction		bvp/src/generated/resources/data/berts_vehicle_pack/sbw/vehicles/fa_18e.json	160	13	DestroyInfo particle=Giant; keepBlock; SympatheticDetonation
berts_vehicle_pack:fa_18e/Vulcan	M61A2 AIR GAME	autocannon_he	20	bvp/src/generated/resources/data/berts_vehicle_pack/sbw/vehicles/fa_18e.json	0	3.3333	Weapons.Vulcan; proj=superbwarfare:small_cannon_shell; profile=berts_vehicle_pack:aircraft_rounds/m61a2/m61a2_air_game; round=berts_vehicle_pack:m61a2_air_game; hdc=HE; shell=HE; direct=166.667; FX_ONLY(ED=0); mount_scale=0.5
berts_vehicle_pack:fa_18e/Vulcan[AmmoType[0]]	Air Belt	autocannon_he	20	bvp/src/generated/resources/data/berts_vehicle_pack/sbw/vehicles/fa_18e.json	0	3.3333	Weapons.Vulcan.AmmoType[0].Override; proj=superbwarfare:small_cannon_shell; profile=berts_vehicle_pack:aircraft_rounds/m61a2/m61a2_air_game; round=berts_vehicle_pack:m61a2_air_game; hdc=HE; shell=HE; direct=166.667; FX_ONLY(ED=0); mount_scale=0.5
berts_vehicle_pack:fiat_g_91#destroy	fiat_g_91 destruction / cook-off	vehicle_destruction		bvp/src/generated/resources/data/berts_vehicle_pack/sbw/vehicles/fiat_g_91.json	160	13	DestroyInfo particle=Giant; keepBlock; SympatheticDetonation
berts_vehicle_pack:fiat_g_91/defa552_left	DEFA552 AIR GAME	autocannon_he	30	bvp/src/generated/resources/data/berts_vehicle_pack/sbw/vehicles/fiat_g_91.json	0	5	Weapons.defa552_left; proj=superbwarfare:small_cannon_shell; profile=berts_vehicle_pack:aircraft_rounds/defa552/defa552_air_game; round=berts_vehicle_pack:defa552_air_game; hdc=HE; shell=HE; direct=250; FX_ONLY(ED=0); mount_scale=0.5
berts_vehicle_pack:fiat_g_91/defa552_left[AmmoType[0]]	Air Belt	autocannon_he	30	bvp/src/generated/resources/data/berts_vehicle_pack/sbw/vehicles/fiat_g_91.json	0	5	Weapons.defa552_left.AmmoType[0].Override; proj=superbwarfare:small_cannon_shell; profile=berts_vehicle_pack:aircraft_rounds/defa552/defa552_air_game; round=berts_vehicle_pack:defa552_air_game; hdc=HE; shell=HE; direct=250; FX_ONLY(ED=0); mount_scale=0.5
berts_vehicle_pack:fiat_g_91/defa552_right	DEFA552 AIR GAME	autocannon_he	30	bvp/src/generated/resources/data/berts_vehicle_pack/sbw/vehicles/fiat_g_91.json	0	5	Weapons.defa552_right; proj=superbwarfare:small_cannon_shell; profile=berts_vehicle_pack:aircraft_rounds/defa552/defa552_air_game; round=berts_vehicle_pack:defa552_air_game; hdc=HE; shell=HE; direct=250; FX_ONLY(ED=0); mount_scale=0.5
berts_vehicle_pack:fiat_g_91/defa552_right[AmmoType[0]]	Air Belt	autocannon_he	30	bvp/src/generated/resources/data/berts_vehicle_pack/sbw/vehicles/fiat_g_91.json	0	5	Weapons.defa552_right.AmmoType[0].Override; proj=superbwarfare:small_cannon_shell; profile=berts_vehicle_pack:aircraft_rounds/defa552/defa552_air_game; round=berts_vehicle_pack:defa552_air_game; hdc=HE; shell=HE; direct=250; FX_ONLY(ED=0); mount_scale=0.5
berts_vehicle_pack:fv721_fox/Cannon	RARDEN 30 APHE I	autocannon_aphe	30	bvp/src/generated/resources/data/berts_vehicle_pack/sbw/vehicles/fv721_fox.json	0	0	Weapons.Cannon; proj=superbwarfare:small_cannon_shell; profile=berts_vehicle_pack:fv721_fox/rarden_30_aphe_i; round=berts_vehicle_pack:rarden_30_aphe_i; hdc=APHE; shell=APHE; direct=60; NO_BLAST(ED=ER=0); mount_scale=0.5
berts_vehicle_pack:fv721_fox/Cannon[AmmoType[0]]	rarden_30_aphe_i	autocannon_aphe	30	bvp/src/generated/resources/data/berts_vehicle_pack/sbw/vehicles/fv721_fox.json	0	0	Weapons.Cannon.AmmoType[0].Override; proj=superbwarfare:small_cannon_shell; profile=berts_vehicle_pack:fv721_fox/rarden_30_aphe_i; round=berts_vehicle_pack:rarden_30_aphe_i; hdc=APHE; shell=APHE; direct=60; NO_BLAST(ED=ER=0); mount_scale=0.5
berts_vehicle_pack:fv721_fox/Cannon[AmmoType[1]]	rarden_30_hei_t	autocannon_he	30	bvp/src/generated/resources/data/berts_vehicle_pack/sbw/vehicles/fv721_fox.json	40	1.5	Weapons.Cannon.AmmoType[1].Override; proj=superbwarfare:small_cannon_shell; profile=berts_vehicle_pack:fv721_fox/rarden_30_hei_t; round=berts_vehicle_pack:rarden_30_hei_t; hdc=HE; shell=HE; direct=55; mount_scale=0.5
berts_vehicle_pack:gaz_3937_vodnik_aa/Missile	VODNIK AA IR PROXY	sam_he	70	bvp/src/generated/resources/data/berts_vehicle_pack/sbw/vehicles/gaz_3937_vodnik_aa.json	90	6	Weapons.Missile; proj=superbwarfare:ru_9m336_missile; profile=berts_vehicle_pack:gaz_3937_vodnik_aa/vodnik_aa_ir_proxy; round=berts_vehicle_pack:vodnik_aa_ir_proxy; hdc=HE; direct=260
berts_vehicle_pack:gaz_3937_vodnik_aa/Missile[AmmoType[0]]	VODNIK AA IR PROXY	sam_he	70	bvp/src/generated/resources/data/berts_vehicle_pack/sbw/vehicles/gaz_3937_vodnik_aa.json	90	6	Weapons.Missile.AmmoType[0].Override; proj=superbwarfare:ru_9m336_missile; profile=berts_vehicle_pack:gaz_3937_vodnik_aa/vodnik_aa_ir_proxy; round=berts_vehicle_pack:vodnik_aa_ir_proxy; hdc=HE; direct=260
berts_vehicle_pack:gepard/Cannon	KDA 35 HEI T	autocannon_he	35	bvp/src/generated/resources/data/berts_vehicle_pack/sbw/vehicles/gepard.json	0	5	Weapons.Cannon; proj=superbwarfare:small_cannon_shell; profile=berts_vehicle_pack:gepard/cannon/default; round=berts_vehicle_pack:kda_35_hei_t; hdc=HE; shell=HE; direct=250; FX_ONLY(ED=0)
berts_vehicle_pack:gepard/Cannon[AmmoType[0]]	Air Belt	autocannon_he	35	bvp/src/generated/resources/data/berts_vehicle_pack/sbw/vehicles/gepard.json	0	5	Weapons.Cannon.AmmoType[0].Override; proj=superbwarfare:small_cannon_shell; profile=berts_vehicle_pack:gepard/cannon/ammo_00_kda_35_hei_t; round=berts_vehicle_pack:kda_35_hei_t; hdc=HE; shell=HE; direct=250; FX_ONLY(ED=0)
berts_vehicle_pack:ho_229#destroy	ho_229 destruction / cook-off	vehicle_destruction		bvp/src/generated/resources/data/berts_vehicle_pack/sbw/vehicles/ho_229.json	160	13	DestroyInfo particle=Giant; keepBlock; SympatheticDetonation
berts_vehicle_pack:ho_229/CannonLeft	MK103 HE I T MINE	autocannon_he	30	bvp/src/generated/resources/data/berts_vehicle_pack/sbw/vehicles/ho_229.json	0	5	Weapons.CannonLeft; proj=superbwarfare:small_cannon_shell; profile=berts_vehicle_pack:aircraft_rounds/mk103/mk103_he_i_t_mine; round=berts_vehicle_pack:mk103_he_i_t_mine; hdc=HE; shell=HE; direct=250; FX_ONLY(ED=0); mount_scale=0.5
berts_vehicle_pack:ho_229/CannonLeft[AmmoType[0]]	Air Belt	autocannon_he	30	bvp/src/generated/resources/data/berts_vehicle_pack/sbw/vehicles/ho_229.json	0	5	Weapons.CannonLeft.AmmoType[0].Override; proj=superbwarfare:small_cannon_shell; profile=berts_vehicle_pack:aircraft_rounds/mk103/mk103_he_i_t_mine; round=berts_vehicle_pack:mk103_he_i_t_mine; hdc=HE; shell=HE; direct=250; FX_ONLY(ED=0); mount_scale=0.5
berts_vehicle_pack:ho_229/CannonLeft[ProjectileBeltAmmoType[0]]	SAPHEI_T	autocannon_aphe	30	bvp/src/generated/resources/data/berts_vehicle_pack/sbw/vehicles/ho_229.json	0	5	Weapons.CannonLeft.ProjectileBeltAmmoType[0].Override; proj=superbwarfare:small_cannon_shell; profile=berts_vehicle_pack:aircraft_rounds/mk103/mk103_sap_hei_t; round=berts_vehicle_pack:mk103_sap_hei_t; hdc=APHE; shell=APHE; direct=45; FX_ONLY(ED=0); mount_scale=0.5
berts_vehicle_pack:ho_229/CannonRight	MK103 HE I T MINE	autocannon_he	30	bvp/src/generated/resources/data/berts_vehicle_pack/sbw/vehicles/ho_229.json	0	5	Weapons.CannonRight; proj=superbwarfare:small_cannon_shell; profile=berts_vehicle_pack:aircraft_rounds/mk103/mk103_he_i_t_mine; round=berts_vehicle_pack:mk103_he_i_t_mine; hdc=HE; shell=HE; direct=250; FX_ONLY(ED=0); mount_scale=0.5
berts_vehicle_pack:ho_229/CannonRight[AmmoType[0]]	Air Belt	autocannon_he	30	bvp/src/generated/resources/data/berts_vehicle_pack/sbw/vehicles/ho_229.json	0	5	Weapons.CannonRight.AmmoType[0].Override; proj=superbwarfare:small_cannon_shell; profile=berts_vehicle_pack:aircraft_rounds/mk103/mk103_he_i_t_mine; round=berts_vehicle_pack:mk103_he_i_t_mine; hdc=HE; shell=HE; direct=250; FX_ONLY(ED=0); mount_scale=0.5
berts_vehicle_pack:ho_229/CannonRight[ProjectileBeltAmmoType[0]]	SAPHEI_T	autocannon_aphe	30	bvp/src/generated/resources/data/berts_vehicle_pack/sbw/vehicles/ho_229.json	0	5	Weapons.CannonRight.ProjectileBeltAmmoType[0].Override; proj=superbwarfare:small_cannon_shell; profile=berts_vehicle_pack:aircraft_rounds/mk103/mk103_sap_hei_t; round=berts_vehicle_pack:mk103_sap_hei_t; hdc=APHE; shell=APHE; direct=45; FX_ONLY(ED=0); mount_scale=0.5
berts_vehicle_pack:hs_129_b3#destroy	hs_129_b3 destruction / cook-off	vehicle_destruction		bvp/src/generated/resources/data/berts_vehicle_pack/sbw/vehicles/hs_129_b3.json	160	13	DestroyInfo particle=Giant; keepBlock; SympatheticDetonation
berts_vehicle_pack:hs_129_b3/Cannon	BK75 APHE	autocannon_aphe	75	bvp/src/generated/resources/data/berts_vehicle_pack/sbw/vehicles/hs_129_b3.json	0	5	Weapons.Cannon; proj=superbwarfare:small_cannon_shell; profile=berts_vehicle_pack:aircraft_rounds/bk75/bk75_aphe; round=berts_vehicle_pack:bk75_aphe; hdc=APHE; shell=APHE; direct=45; FX_ONLY(ED=0)
berts_vehicle_pack:hs_129_b3/Cannon[AmmoType[0]]	Air Belt	autocannon_aphe	75	bvp/src/generated/resources/data/berts_vehicle_pack/sbw/vehicles/hs_129_b3.json	0	5	Weapons.Cannon.AmmoType[0].Override; proj=superbwarfare:small_cannon_shell; profile=berts_vehicle_pack:aircraft_rounds/bk75/bk75_aphe; round=berts_vehicle_pack:bk75_aphe; hdc=APHE; shell=APHE; direct=45; FX_ONLY(ED=0)
berts_vehicle_pack:il_10#destroy	il_10 destruction / cook-off	vehicle_destruction		bvp/src/generated/resources/data/berts_vehicle_pack/sbw/vehicles/il_10.json	160	13	DestroyInfo particle=Giant; keepBlock; SympatheticDetonation
berts_vehicle_pack:il_10/Gun1[ProjectileBeltAmmoType[0]]	FI_T	autocannon_he	23	bvp/src/generated/resources/data/berts_vehicle_pack/sbw/vehicles/il_10.json	0	3.8333	Weapons.Gun1.ProjectileBeltAmmoType[0].Override; proj=superbwarfare:small_cannon_shell; profile=berts_vehicle_pack:aircraft_rounds/ns23_1946/ns23_1946_fit; round=berts_vehicle_pack:ns23_1946_fit; hdc=HE; shell=HE; direct=191.667; FX_ONLY(ED=0); mount_scale=0.5
berts_vehicle_pack:il_10/Gun2[ProjectileBeltAmmoType[0]]	FI_T	autocannon_he	23	bvp/src/generated/resources/data/berts_vehicle_pack/sbw/vehicles/il_10.json	0	3.8333	Weapons.Gun2.ProjectileBeltAmmoType[0].Override; proj=superbwarfare:small_cannon_shell; profile=berts_vehicle_pack:aircraft_rounds/ns23_1946/ns23_1946_fit; round=berts_vehicle_pack:ns23_1946_fit; hdc=HE; shell=HE; direct=191.667; FX_ONLY(ED=0); mount_scale=0.5
berts_vehicle_pack:il_10/Gun3[ProjectileBeltAmmoType[0]]	FI_T	autocannon_he	23	bvp/src/generated/resources/data/berts_vehicle_pack/sbw/vehicles/il_10.json	0	3.8333	Weapons.Gun3.ProjectileBeltAmmoType[0].Override; proj=superbwarfare:small_cannon_shell; profile=berts_vehicle_pack:aircraft_rounds/ns23_1946/ns23_1946_fit; round=berts_vehicle_pack:ns23_1946_fit; hdc=HE; shell=HE; direct=191.667; FX_ONLY(ED=0); mount_scale=0.5
berts_vehicle_pack:il_10/Gun4[ProjectileBeltAmmoType[0]]	FI_T	autocannon_he	23	bvp/src/generated/resources/data/berts_vehicle_pack/sbw/vehicles/il_10.json	0	3.8333	Weapons.Gun4.ProjectileBeltAmmoType[0].Override; proj=superbwarfare:small_cannon_shell; profile=berts_vehicle_pack:aircraft_rounds/ns23_1946/ns23_1946_fit; round=berts_vehicle_pack:ns23_1946_fit; hdc=HE; shell=HE; direct=191.667; FX_ONLY(ED=0); mount_scale=0.5
berts_vehicle_pack:il_10/RearCannon	BT20 FIT	autocannon_he	20	bvp/src/generated/resources/data/berts_vehicle_pack/sbw/vehicles/il_10.json	0	3.3333	Weapons.RearCannon; proj=superbwarfare:small_cannon_shell; profile=berts_vehicle_pack:aircraft_rounds/bt20/bt20_fit; round=berts_vehicle_pack:bt20_fit; hdc=HE; shell=HE; direct=166.667; FX_ONLY(ED=0); mount_scale=0.5
berts_vehicle_pack:il_10/RearCannon[AmmoType[0]]	Air Belt	autocannon_he	20	bvp/src/generated/resources/data/berts_vehicle_pack/sbw/vehicles/il_10.json	0	3.3333	Weapons.RearCannon.AmmoType[0].Override; proj=superbwarfare:small_cannon_shell; profile=berts_vehicle_pack:aircraft_rounds/bt20/bt20_fit; round=berts_vehicle_pack:bt20_fit; hdc=HE; shell=HE; direct=166.667; FX_ONLY(ED=0); mount_scale=0.5
berts_vehicle_pack:il_10/RearCannon[ProjectileBeltAmmoType[0]]	HEF	autocannon_he	20	bvp/src/generated/resources/data/berts_vehicle_pack/sbw/vehicles/il_10.json	0	3.3333	Weapons.RearCannon.ProjectileBeltAmmoType[0].Override; proj=superbwarfare:small_cannon_shell; profile=berts_vehicle_pack:aircraft_rounds/bt20/bt20_hefrag; round=berts_vehicle_pack:bt20_hefrag; hdc=HE; shell=HE; direct=166.667; FX_ONLY(ED=0); mount_scale=0.5
berts_vehicle_pack:il_76m#destroy	il_76m destruction / cook-off	vehicle_destruction		bvp/src/generated/resources/data/berts_vehicle_pack/sbw/vehicles/il_76m.json	160	13	DestroyInfo particle=Giant; keepBlock; SympatheticDetonation
berts_vehicle_pack:il_76m/tail_gun_1	GSH23L AIR GAME	autocannon_he	23	bvp/src/generated/resources/data/berts_vehicle_pack/sbw/vehicles/il_76m.json	0	3.8333	Weapons.tail_gun_1; proj=superbwarfare:small_cannon_shell; profile=berts_vehicle_pack:aircraft_rounds/gsh23l/gsh23l_air_game; round=berts_vehicle_pack:gsh23l_air_game; hdc=HE; shell=HE; direct=191.667; FX_ONLY(ED=0); mount_scale=0.5
berts_vehicle_pack:il_76m/tail_gun_1[AmmoType[0]]	Air Belt	autocannon_he	23	bvp/src/generated/resources/data/berts_vehicle_pack/sbw/vehicles/il_76m.json	0	3.8333	Weapons.tail_gun_1.AmmoType[0].Override; proj=superbwarfare:small_cannon_shell; profile=berts_vehicle_pack:aircraft_rounds/gsh23l/gsh23l_air_game; round=berts_vehicle_pack:gsh23l_air_game; hdc=HE; shell=HE; direct=191.667; FX_ONLY(ED=0); mount_scale=0.5
berts_vehicle_pack:il_76m/tail_gun_2	GSH23L AIR GAME	autocannon_he	23	bvp/src/generated/resources/data/berts_vehicle_pack/sbw/vehicles/il_76m.json	0	3.8333	Weapons.tail_gun_2; proj=superbwarfare:small_cannon_shell; profile=berts_vehicle_pack:aircraft_rounds/gsh23l/gsh23l_air_game; round=berts_vehicle_pack:gsh23l_air_game; hdc=HE; shell=HE; direct=191.667; FX_ONLY(ED=0); mount_scale=0.5
berts_vehicle_pack:il_76m/tail_gun_2[AmmoType[0]]	Air Belt	autocannon_he	23	bvp/src/generated/resources/data/berts_vehicle_pack/sbw/vehicles/il_76m.json	0	3.8333	Weapons.tail_gun_2.AmmoType[0].Override; proj=superbwarfare:small_cannon_shell; profile=berts_vehicle_pack:aircraft_rounds/gsh23l/gsh23l_air_game; round=berts_vehicle_pack:gsh23l_air_game; hdc=HE; shell=HE; direct=191.667; FX_ONLY(ED=0); mount_scale=0.5
berts_vehicle_pack:j_11a#destroy	j_11a destruction / cook-off	vehicle_destruction		bvp/src/generated/resources/data/berts_vehicle_pack/sbw/vehicles/j_11a.json	160	13	DestroyInfo particle=Giant; keepBlock; SympatheticDetonation
berts_vehicle_pack:j_11a/Gun1	GSH301 AIR GAME	autocannon_he	30	bvp/src/generated/resources/data/berts_vehicle_pack/sbw/vehicles/j_11a.json	0	5	Weapons.Gun1; proj=superbwarfare:small_cannon_shell; profile=berts_vehicle_pack:aircraft_rounds/gsh301/gsh301_air_game; round=berts_vehicle_pack:gsh301_air_game; hdc=HE; shell=HE; direct=250; FX_ONLY(ED=0); mount_scale=0.5
berts_vehicle_pack:j_11a/Gun1[AmmoType[0]]	Air Belt	autocannon_he	30	bvp/src/generated/resources/data/berts_vehicle_pack/sbw/vehicles/j_11a.json	0	5	Weapons.Gun1.AmmoType[0].Override; proj=superbwarfare:small_cannon_shell; profile=berts_vehicle_pack:aircraft_rounds/gsh301/gsh301_air_game; round=berts_vehicle_pack:gsh301_air_game; hdc=HE; shell=HE; direct=250; FX_ONLY(ED=0); mount_scale=0.5
berts_vehicle_pack:j_2#destroy	j_2 destruction / cook-off	vehicle_destruction		bvp/src/generated/resources/data/berts_vehicle_pack/sbw/vehicles/j_2.json	160	13	DestroyInfo particle=Giant; keepBlock; SympatheticDetonation
berts_vehicle_pack:j_2/Gun1	NR23 AIR GAME	autocannon_he	23	bvp/src/generated/resources/data/berts_vehicle_pack/sbw/vehicles/j_2.json	0	3.8333	Weapons.Gun1; proj=superbwarfare:small_cannon_shell; profile=berts_vehicle_pack:aircraft_rounds/nr23/nr23_air_game; round=berts_vehicle_pack:nr23_air_game; hdc=HE; shell=HE; direct=191.667; FX_ONLY(ED=0); mount_scale=0.5
berts_vehicle_pack:j_2/Gun1[AmmoType[0]]	Air Belt	autocannon_he	23	bvp/src/generated/resources/data/berts_vehicle_pack/sbw/vehicles/j_2.json	0	3.8333	Weapons.Gun1.AmmoType[0].Override; proj=superbwarfare:small_cannon_shell; profile=berts_vehicle_pack:aircraft_rounds/nr23/nr23_air_game; round=berts_vehicle_pack:nr23_air_game; hdc=HE; shell=HE; direct=191.667; FX_ONLY(ED=0); mount_scale=0.5
berts_vehicle_pack:j_2/Gun2	NR23 AIR GAME	autocannon_he	23	bvp/src/generated/resources/data/berts_vehicle_pack/sbw/vehicles/j_2.json	0	3.8333	Weapons.Gun2; proj=superbwarfare:small_cannon_shell; profile=berts_vehicle_pack:aircraft_rounds/nr23/nr23_air_game; round=berts_vehicle_pack:nr23_air_game; hdc=HE; shell=HE; direct=191.667; FX_ONLY(ED=0); mount_scale=0.5
berts_vehicle_pack:j_2/Gun2[AmmoType[0]]	Air Belt	autocannon_he	23	bvp/src/generated/resources/data/berts_vehicle_pack/sbw/vehicles/j_2.json	0	3.8333	Weapons.Gun2.AmmoType[0].Override; proj=superbwarfare:small_cannon_shell; profile=berts_vehicle_pack:aircraft_rounds/nr23/nr23_air_game; round=berts_vehicle_pack:nr23_air_game; hdc=HE; shell=HE; direct=191.667; FX_ONLY(ED=0); mount_scale=0.5
berts_vehicle_pack:j_2/Gun3	N37D AIR GAME	autocannon_he	37	bvp/src/generated/resources/data/berts_vehicle_pack/sbw/vehicles/j_2.json	0	6.1667	Weapons.Gun3; proj=superbwarfare:small_cannon_shell; profile=berts_vehicle_pack:aircraft_rounds/n37d/n37d_air_game; round=berts_vehicle_pack:n37d_air_game; hdc=HE; shell=HE; direct=308.333; FX_ONLY(ED=0)
berts_vehicle_pack:j_2/Gun3[AmmoType[0]]	Air Belt	autocannon_he	37	bvp/src/generated/resources/data/berts_vehicle_pack/sbw/vehicles/j_2.json	0	6.1667	Weapons.Gun3.AmmoType[0].Override; proj=superbwarfare:small_cannon_shell; profile=berts_vehicle_pack:aircraft_rounds/n37d/n37d_air_game; round=berts_vehicle_pack:n37d_air_game; hdc=HE; shell=HE; direct=308.333; FX_ONLY(ED=0)
berts_vehicle_pack:j_26#destroy	j_26 destruction / cook-off	vehicle_destruction		bvp/src/generated/resources/data/berts_vehicle_pack/sbw/vehicles/j_26.json	160	13	DestroyInfo particle=Giant; keepBlock; SympatheticDetonation
berts_vehicle_pack:j_26/MachineGunLeftInner	AKAN45 ANM2 AIR GAME	bullet_he	12.7	bvp/src/generated/resources/data/berts_vehicle_pack/sbw/vehicles/j_26.json	0	1.6667	Weapons.MachineGunLeftInner; proj=superbwarfare:projectile; profile=berts_vehicle_pack:aircraft_rounds/akan45_anm2/akan45_anm2_air_game; round=berts_vehicle_pack:akan45_anm2_air_game; hdc=HE; shell=HE; direct=83.3333; FX_ONLY(ED=0); mount_scale=0.33
berts_vehicle_pack:j_26/MachineGunLeftInner[AmmoType[0]]	Air Belt	bullet_he	12.7	bvp/src/generated/resources/data/berts_vehicle_pack/sbw/vehicles/j_26.json	0	1.6667	Weapons.MachineGunLeftInner.AmmoType[0].Override; proj=superbwarfare:projectile; profile=berts_vehicle_pack:aircraft_rounds/akan45_anm2/akan45_anm2_air_game; round=berts_vehicle_pack:akan45_anm2_air_game; hdc=HE; shell=HE; direct=83.3333; FX_ONLY(ED=0); mount_scale=0.33
berts_vehicle_pack:j_26/MachineGunRightInner	AKAN45 ANM2 AIR GAME	bullet_he	12.7	bvp/src/generated/resources/data/berts_vehicle_pack/sbw/vehicles/j_26.json	0	1.6667	Weapons.MachineGunRightInner; proj=superbwarfare:projectile; profile=berts_vehicle_pack:aircraft_rounds/akan45_anm2/akan45_anm2_air_game; round=berts_vehicle_pack:akan45_anm2_air_game; hdc=HE; shell=HE; direct=83.3333; FX_ONLY(ED=0); mount_scale=0.33
berts_vehicle_pack:j_26/MachineGunRightInner[AmmoType[0]]	Air Belt	bullet_he	12.7	bvp/src/generated/resources/data/berts_vehicle_pack/sbw/vehicles/j_26.json	0	1.6667	Weapons.MachineGunRightInner.AmmoType[0].Override; proj=superbwarfare:projectile; profile=berts_vehicle_pack:aircraft_rounds/akan45_anm2/akan45_anm2_air_game; round=berts_vehicle_pack:akan45_anm2_air_game; hdc=HE; shell=HE; direct=83.3333; FX_ONLY(ED=0); mount_scale=0.33
berts_vehicle_pack:j_26/MachineGunLeftMiddle	AKAN45 ANM2 AIR GAME	bullet_he	12.7	bvp/src/generated/resources/data/berts_vehicle_pack/sbw/vehicles/j_26.json	0	1.6667	Weapons.MachineGunLeftMiddle; proj=superbwarfare:projectile; profile=berts_vehicle_pack:aircraft_rounds/akan45_anm2/akan45_anm2_air_game; round=berts_vehicle_pack:akan45_anm2_air_game; hdc=HE; shell=HE; direct=83.3333; FX_ONLY(ED=0); mount_scale=0.33
berts_vehicle_pack:j_26/MachineGunLeftMiddle[AmmoType[0]]	Air Belt	bullet_he	12.7	bvp/src/generated/resources/data/berts_vehicle_pack/sbw/vehicles/j_26.json	0	1.6667	Weapons.MachineGunLeftMiddle.AmmoType[0].Override; proj=superbwarfare:projectile; profile=berts_vehicle_pack:aircraft_rounds/akan45_anm2/akan45_anm2_air_game; round=berts_vehicle_pack:akan45_anm2_air_game; hdc=HE; shell=HE; direct=83.3333; FX_ONLY(ED=0); mount_scale=0.33
berts_vehicle_pack:j_26/MachineGunRightMiddle	AKAN45 ANM2 AIR GAME	bullet_he	12.7	bvp/src/generated/resources/data/berts_vehicle_pack/sbw/vehicles/j_26.json	0	1.6667	Weapons.MachineGunRightMiddle; proj=superbwarfare:projectile; profile=berts_vehicle_pack:aircraft_rounds/akan45_anm2/akan45_anm2_air_game; round=berts_vehicle_pack:akan45_anm2_air_game; hdc=HE; shell=HE; direct=83.3333; FX_ONLY(ED=0); mount_scale=0.33
berts_vehicle_pack:j_26/MachineGunRightMiddle[AmmoType[0]]	Air Belt	bullet_he	12.7	bvp/src/generated/resources/data/berts_vehicle_pack/sbw/vehicles/j_26.json	0	1.6667	Weapons.MachineGunRightMiddle.AmmoType[0].Override; proj=superbwarfare:projectile; profile=berts_vehicle_pack:aircraft_rounds/akan45_anm2/akan45_anm2_air_game; round=berts_vehicle_pack:akan45_anm2_air_game; hdc=HE; shell=HE; direct=83.3333; FX_ONLY(ED=0); mount_scale=0.33
berts_vehicle_pack:j_26/MachineGunLeftOuter	AKAN45 ANM2 AIR GAME	bullet_he	12.7	bvp/src/generated/resources/data/berts_vehicle_pack/sbw/vehicles/j_26.json	0	1.6667	Weapons.MachineGunLeftOuter; proj=superbwarfare:projectile; profile=berts_vehicle_pack:aircraft_rounds/akan45_anm2/akan45_anm2_air_game; round=berts_vehicle_pack:akan45_anm2_air_game; hdc=HE; shell=HE; direct=83.3333; FX_ONLY(ED=0); mount_scale=0.33
berts_vehicle_pack:j_26/MachineGunLeftOuter[AmmoType[0]]	Air Belt	bullet_he	12.7	bvp/src/generated/resources/data/berts_vehicle_pack/sbw/vehicles/j_26.json	0	1.6667	Weapons.MachineGunLeftOuter.AmmoType[0].Override; proj=superbwarfare:projectile; profile=berts_vehicle_pack:aircraft_rounds/akan45_anm2/akan45_anm2_air_game; round=berts_vehicle_pack:akan45_anm2_air_game; hdc=HE; shell=HE; direct=83.3333; FX_ONLY(ED=0); mount_scale=0.33
berts_vehicle_pack:j_26/MachineGunRightOuter	AKAN45 ANM2 AIR GAME	bullet_he	12.7	bvp/src/generated/resources/data/berts_vehicle_pack/sbw/vehicles/j_26.json	0	1.6667	Weapons.MachineGunRightOuter; proj=superbwarfare:projectile; profile=berts_vehicle_pack:aircraft_rounds/akan45_anm2/akan45_anm2_air_game; round=berts_vehicle_pack:akan45_anm2_air_game; hdc=HE; shell=HE; direct=83.3333; FX_ONLY(ED=0); mount_scale=0.33
berts_vehicle_pack:j_26/MachineGunRightOuter[AmmoType[0]]	Air Belt	bullet_he	12.7	bvp/src/generated/resources/data/berts_vehicle_pack/sbw/vehicles/j_26.json	0	1.6667	Weapons.MachineGunRightOuter.AmmoType[0].Override; proj=superbwarfare:projectile; profile=berts_vehicle_pack:aircraft_rounds/akan45_anm2/akan45_anm2_air_game; round=berts_vehicle_pack:akan45_anm2_air_game; hdc=HE; shell=HE; direct=83.3333; FX_ONLY(ED=0); mount_scale=0.33
berts_vehicle_pack:j_5#destroy	j_5 destruction / cook-off	vehicle_destruction		bvp/src/generated/resources/data/berts_vehicle_pack/sbw/vehicles/j_5.json	160	13	DestroyInfo particle=Giant; keepBlock; SympatheticDetonation
berts_vehicle_pack:j_5/Gun1	NR23 AIR GAME	autocannon_he	23	bvp/src/generated/resources/data/berts_vehicle_pack/sbw/vehicles/j_5.json	0	3.8333	Weapons.Gun1; proj=superbwarfare:small_cannon_shell; profile=berts_vehicle_pack:aircraft_rounds/nr23/nr23_air_game; round=berts_vehicle_pack:nr23_air_game; hdc=HE; shell=HE; direct=191.667; FX_ONLY(ED=0); mount_scale=0.5
berts_vehicle_pack:j_5/Gun1[AmmoType[0]]	Air Belt	autocannon_he	23	bvp/src/generated/resources/data/berts_vehicle_pack/sbw/vehicles/j_5.json	0	3.8333	Weapons.Gun1.AmmoType[0].Override; proj=superbwarfare:small_cannon_shell; profile=berts_vehicle_pack:aircraft_rounds/nr23/nr23_air_game; round=berts_vehicle_pack:nr23_air_game; hdc=HE; shell=HE; direct=191.667; FX_ONLY(ED=0); mount_scale=0.5
berts_vehicle_pack:j_5/Gun2	NR23 AIR GAME	autocannon_he	23	bvp/src/generated/resources/data/berts_vehicle_pack/sbw/vehicles/j_5.json	0	3.8333	Weapons.Gun2; proj=superbwarfare:small_cannon_shell; profile=berts_vehicle_pack:aircraft_rounds/nr23/nr23_air_game; round=berts_vehicle_pack:nr23_air_game; hdc=HE; shell=HE; direct=191.667; FX_ONLY(ED=0); mount_scale=0.5
berts_vehicle_pack:j_5/Gun2[AmmoType[0]]	Air Belt	autocannon_he	23	bvp/src/generated/resources/data/berts_vehicle_pack/sbw/vehicles/j_5.json	0	3.8333	Weapons.Gun2.AmmoType[0].Override; proj=superbwarfare:small_cannon_shell; profile=berts_vehicle_pack:aircraft_rounds/nr23/nr23_air_game; round=berts_vehicle_pack:nr23_air_game; hdc=HE; shell=HE; direct=191.667; FX_ONLY(ED=0); mount_scale=0.5
berts_vehicle_pack:j_5/Gun3	N37D AIR GAME	autocannon_he	37	bvp/src/generated/resources/data/berts_vehicle_pack/sbw/vehicles/j_5.json	0	6.1667	Weapons.Gun3; proj=superbwarfare:small_cannon_shell; profile=berts_vehicle_pack:aircraft_rounds/n37d/n37d_air_game; round=berts_vehicle_pack:n37d_air_game; hdc=HE; shell=HE; direct=308.333; FX_ONLY(ED=0)
berts_vehicle_pack:j_5/Gun3[AmmoType[0]]	Air Belt	autocannon_he	37	bvp/src/generated/resources/data/berts_vehicle_pack/sbw/vehicles/j_5.json	0	6.1667	Weapons.Gun3.AmmoType[0].Override; proj=superbwarfare:small_cannon_shell; profile=berts_vehicle_pack:aircraft_rounds/n37d/n37d_air_game; round=berts_vehicle_pack:n37d_air_game; hdc=HE; shell=HE; direct=308.333; FX_ONLY(ED=0)
berts_vehicle_pack:ju_87_b2#destroy	ju_87_b2 destruction / cook-off	vehicle_destruction		bvp/src/generated/resources/data/berts_vehicle_pack/sbw/vehicles/ju_87_b2.json	160	13	DestroyInfo particle=Giant; keepBlock; SympatheticDetonation
berts_vehicle_pack:k2a1_black_panther/Cannon[AmmoType[1]]	DM12A1 HEAT-FS	tank_shell_heat_fs	120	bvp/src/generated/resources/data/berts_vehicle_pack/sbw/vehicles/k2a1_black_panther.json	0	9	Weapons.Cannon.AmmoType[1].Override; proj=superbwarfare:cannon_shell; profile=berts_vehicle_pack:k2a1_black_panther/cannon/ammo_01_dm12a1_heat_fs; round=berts_vehicle_pack:dm12a1_heat_fs; hdc=HEAT_FS; shell=HE; direct=140; FX_ONLY(ED=0)
berts_vehicle_pack:ka50#destroy	ka50 destruction / cook-off	vehicle_destruction		bvp/src/generated/resources/data/berts_vehicle_pack/sbw/vehicles/ka50.json	120	10	DestroyInfo particle=Large; keepBlock
berts_vehicle_pack:ka50/Cannon[AmmoType[1]]	HE Belt	autocannon_he	30	bvp/src/generated/resources/data/berts_vehicle_pack/sbw/vehicles/ka50.json	0	5	Weapons.Cannon.AmmoType[1].Override; proj=superbwarfare:small_cannon_shell; profile=berts_vehicle_pack:ka50/cannon/ammo_01_3uor6_hef_t; round=berts_vehicle_pack:3uor6_hef_t; hdc=HE; shell=HE; direct=250; FX_ONLY(ED=0); mount_scale=0.5
berts_vehicle_pack:ka50/Cannon[ProjectileBeltAmmoType[1]]	HEF_I	autocannon_he	30	bvp/src/generated/resources/data/berts_vehicle_pack/sbw/vehicles/ka50.json	0	5	Weapons.Cannon.ProjectileBeltAmmoType[1].Override; proj=superbwarfare:small_cannon_shell; profile=berts_vehicle_pack:ka50/cannon/belt_ammo_01_3uof8_hef_i; round=berts_vehicle_pack:3uof8_hef_i; hdc=HE; shell=HE; direct=250; FX_ONLY(ED=0); mount_scale=0.5
berts_vehicle_pack:ka50/Rocket	S8KO	rocket_heat	80	bvp/src/generated/resources/data/berts_vehicle_pack/sbw/vehicles/ka50.json	0	6	Weapons.Rocket; proj=berts_vehicle_pack:s8ko_rocket; profile=berts_vehicle_pack:ka50/rocket/default; round=berts_vehicle_pack:s8ko; hdc=HEAT; direct=100; FX_ONLY(ED=0)
berts_vehicle_pack:ka50/Rocket[AmmoType[0]]	S8KO	rocket_heat	80	bvp/src/generated/resources/data/berts_vehicle_pack/sbw/vehicles/ka50.json	0	6	Weapons.Rocket.AmmoType[0].Override; proj=berts_vehicle_pack:s8ko_rocket; profile=berts_vehicle_pack:ka50/rocket/default; round=berts_vehicle_pack:s8ko; hdc=HEAT; direct=100; FX_ONLY(ED=0)
berts_vehicle_pack:ka50/B13LRocket	S8KO	rocket_heat	80	bvp/src/generated/resources/data/berts_vehicle_pack/sbw/vehicles/ka50.json	0	6	Weapons.B13LRocket; proj=berts_vehicle_pack:s8ko_rocket; profile=berts_vehicle_pack:ka50/b13lrocket/default; round=berts_vehicle_pack:s8ko; hdc=HEAT; direct=100; FX_ONLY(ED=0)
berts_vehicle_pack:ka50/B13LRocket[AmmoType[0]]	S8KO	rocket_heat	80	bvp/src/generated/resources/data/berts_vehicle_pack/sbw/vehicles/ka50.json	0	6	Weapons.B13LRocket.AmmoType[0].Override; proj=berts_vehicle_pack:s8ko_rocket; profile=berts_vehicle_pack:ka50/b13lrocket/default; round=berts_vehicle_pack:s8ko; hdc=HEAT; direct=100; FX_ONLY(ED=0)
berts_vehicle_pack:ka50/S8KORocket	S8KO	rocket_heat	80	bvp/src/generated/resources/data/berts_vehicle_pack/sbw/vehicles/ka50.json	0	6	Weapons.S8KORocket; proj=berts_vehicle_pack:s8ko_rocket; profile=berts_vehicle_pack:ka50/s8korocket/default; round=berts_vehicle_pack:s8ko; hdc=HEAT; shell=HEAT; direct=100; FX_ONLY(ED=0)
berts_vehicle_pack:ka50/S8KORocket[AmmoType[0]]	S8KO	rocket_heat	80	bvp/src/generated/resources/data/berts_vehicle_pack/sbw/vehicles/ka50.json	0	6	Weapons.S8KORocket.AmmoType[0].Override; proj=berts_vehicle_pack:s8ko_rocket; profile=berts_vehicle_pack:ka50/s8korocket/default; round=berts_vehicle_pack:s8ko; hdc=HEAT; shell=HEAT; direct=100; FX_ONLY(ED=0)
berts_vehicle_pack:ka50/@Missile	9K127 VIKHR	guided_missile_atgm		bvp/src/generated/resources/data/berts_vehicle_pack/sbw/vehicles/ka50.json	0	8	Weapons.@Missile; proj=berts_vehicle_pack:ataka_missile; profile=berts_vehicle_pack:ka50/template_missile/default; round=berts_vehicle_pack:9k127_vikhr; hdc=ATGM; shell=ATGM; direct=205; FX_ONLY(ED=0)
berts_vehicle_pack:ka50/@Missile[AmmoType[0]]	9K127 VIKHR	guided_missile_atgm		bvp/src/generated/resources/data/berts_vehicle_pack/sbw/vehicles/ka50.json	0	8	Weapons.@Missile.AmmoType[0].Override; proj=berts_vehicle_pack:ataka_missile; profile=berts_vehicle_pack:ka50/template_missile/default; round=berts_vehicle_pack:9k127_vikhr; hdc=ATGM; shell=ATGM; direct=205; FX_ONLY(ED=0)
berts_vehicle_pack:ka50/PassengerMissile	9K127 VIKHR	guided_missile_atgm		bvp/src/generated/resources/data/berts_vehicle_pack/sbw/vehicles/ka50.json	0	0	Weapons.PassengerMissile; proj=berts_vehicle_pack:ataka_missile; profile=berts_vehicle_pack:ka50/passengermissile/default; round=berts_vehicle_pack:9k127_vikhr; hdc=ATGM; direct=; NO_BLAST(ED=ER=0)
berts_vehicle_pack:ka50/PilotMissile	9K127 VIKHR	guided_missile_atgm		bvp/src/generated/resources/data/berts_vehicle_pack/sbw/vehicles/ka50.json	0	0	Weapons.PilotMissile; proj=berts_vehicle_pack:ataka_missile; profile=berts_vehicle_pack:ka50/pilotmissile/default; round=berts_vehicle_pack:9k127_vikhr; hdc=ATGM; direct=; NO_BLAST(ED=ER=0)
berts_vehicle_pack:kamaz4310#destroy	kamaz4310 destruction / cook-off	vehicle_destruction		bvp/src/generated/resources/data/berts_vehicle_pack/sbw/vehicles/kamaz4310.json	120	7	DestroyInfo particle=Huge; keepBlock
berts_vehicle_pack:kord_tripod#destroy	kord_tripod destruction / cook-off	vehicle_destruction		bvp/src/generated/resources/data/berts_vehicle_pack/sbw/vehicles/kord_tripod.json	6	0.75	DestroyInfo particle=Mini; keepBlock
berts_vehicle_pack:kord_tripod/Cannon[ProjectileBeltAmmoType[0]]	IAI	bullet_he	12.7	bvp/src/generated/resources/data/berts_vehicle_pack/sbw/vehicles/kord_tripod.json	0	1.6667	Weapons.Cannon.ProjectileBeltAmmoType[0].Override; proj=superbwarfare:projectile; profile=berts_vehicle_pack:kord_tripod/cannon/belt_ammo_00_russian_127_mdz_iai; round=berts_vehicle_pack:russian_127_mdz_iai; hdc=HE; shell=HE; direct=83.3333; FX_ONLY(ED=0); mount_scale=0.33
berts_vehicle_pack:lav25#destroy	lav25 destruction / cook-off	vehicle_destruction		bvp/src/generated/resources/data/berts_vehicle_pack/sbw/vehicles/lav25.json	160	13	DestroyInfo particle=Giant; keepBlock; SympatheticDetonation
berts_vehicle_pack:lav25/Cannon	M919 APFSDS	autocannon_apfsds	25	bvp/src/generated/resources/data/berts_vehicle_pack/sbw/vehicles/lav25.json	8	2	Weapons.Cannon; proj=superbwarfare:small_cannon_shell; profile=berts_vehicle_pack:lav25/cannon/default; round=berts_vehicle_pack:m919_apfsds; hdc=APFSDS; direct=65; KINETIC_WITH_BLAST; mount_scale=0.5
berts_vehicle_pack:lav25/Cannon[AmmoType[1]]	HE Belt	autocannon_he	25	bvp/src/generated/resources/data/berts_vehicle_pack/sbw/vehicles/lav25.json	0	5	Weapons.Cannon.AmmoType[1].Override; proj=superbwarfare:small_cannon_shell; profile=berts_vehicle_pack:lav25/cannon/ammo_01_m792_hei_t_1; round=berts_vehicle_pack:m792_hei_t_1; hdc=HE; shell=HE; direct=250; FX_ONLY(ED=0); mount_scale=0.5
berts_vehicle_pack:lav25/Cannon[ProjectileBeltAmmoType[1]]	HEI_T	autocannon_he	25	bvp/src/generated/resources/data/berts_vehicle_pack/sbw/vehicles/lav25.json	0	5	Weapons.Cannon.ProjectileBeltAmmoType[1].Override; proj=superbwarfare:small_cannon_shell; profile=berts_vehicle_pack:lav25/cannon/belt_ammo_01_m792_hei_t_1; round=berts_vehicle_pack:m792_hei_t_1; hdc=HE; shell=HE; direct=250; FX_ONLY(ED=0); mount_scale=0.5
berts_vehicle_pack:lav_iii/Cannon[AmmoType[1]]	HE Belt	autocannon_he	25	bvp/src/generated/resources/data/berts_vehicle_pack/sbw/vehicles/lav_iii.json	0	5	Weapons.Cannon.AmmoType[1].Override; proj=superbwarfare:small_cannon_shell; profile=berts_vehicle_pack:lav_iii/cannon/ammo_01_m792_hei_t_1; round=berts_vehicle_pack:m792_hei_t_1; hdc=HE; shell=HE; direct=250; FX_ONLY(ED=0); mount_scale=0.5
berts_vehicle_pack:lav_iii/Cannon[ProjectileBeltAmmoType[1]]	HEI_T	autocannon_he	25	bvp/src/generated/resources/data/berts_vehicle_pack/sbw/vehicles/lav_iii.json	0	5	Weapons.Cannon.ProjectileBeltAmmoType[1].Override; proj=superbwarfare:small_cannon_shell; profile=berts_vehicle_pack:lav_iii/cannon/belt_ammo_01_m792_hei_t_1; round=berts_vehicle_pack:m792_hei_t_1; hdc=HE; shell=HE; direct=250; FX_ONLY(ED=0); mount_scale=0.5
berts_vehicle_pack:leclerc_s1/Cannon[AmmoType[2]]	OCC 120 G1 HEAT-FS	tank_shell_heat_fs	120	bvp/src/generated/resources/data/berts_vehicle_pack/sbw/vehicles/leclerc_s1.json	0	9	Weapons.Cannon.AmmoType[2].Override; proj=superbwarfare:cannon_shell; profile=berts_vehicle_pack:leclerc_s1/cannon/ammo_02_occ120g1_heat_fs; round=berts_vehicle_pack:occ120g1_heat_fs; hdc=HEAT_FS; shell=HE; direct=140; FX_ONLY(ED=0)
berts_vehicle_pack:leclerc_s1/Cannon[AmmoType[3]]	F1 HE	tank_shell_he	120	bvp/src/generated/resources/data/berts_vehicle_pack/sbw/vehicles/leclerc_s1.json	115	9	Weapons.Cannon.AmmoType[3].Override; proj=superbwarfare:cannon_shell; profile=berts_vehicle_pack:leclerc_s1/cannon/ammo_03_f1_120_he; round=berts_vehicle_pack:f1_120_he; hdc=HE; shell=HE; direct=230
berts_vehicle_pack:leo2a6#destroy	leo2a6 destruction / cook-off	vehicle_destruction		bvp/src/generated/resources/data/berts_vehicle_pack/sbw/vehicles/leo2a6.json	160	13	DestroyInfo particle=Giant; keepBlock; SympatheticDetonation
berts_vehicle_pack:leo2a6/Cannon	DM53 APFSDS	tank_shell_apfsds	120	bvp/src/generated/resources/data/berts_vehicle_pack/sbw/vehicles/leo2a6.json	80	4	Weapons.Cannon; proj=superbwarfare:cannon_shell; profile=berts_vehicle_pack:leo2a6/cannon/default; round=berts_vehicle_pack:dm53_apfsds; hdc=APFSDS; shell=AP; direct=620; KINETIC_WITH_BLAST
berts_vehicle_pack:leo2a6/Cannon[AmmoType[0]]	DM53 APFSDS	tank_shell_apfsds	120	bvp/src/generated/resources/data/berts_vehicle_pack/sbw/vehicles/leo2a6.json	80	4	Weapons.Cannon.AmmoType[0].Override; proj=superbwarfare:cannon_shell; profile=berts_vehicle_pack:leo2a6/cannon/ammo_00_dm53_apfsds; round=berts_vehicle_pack:dm53_apfsds; hdc=APFSDS; shell=AP; direct=620; KINETIC_WITH_BLAST
berts_vehicle_pack:leopard_2a4/Cannon[AmmoType[2]]	DM12 HEAT-FS	tank_shell_heat_fs	120	bvp/src/generated/resources/data/berts_vehicle_pack/sbw/vehicles/leopard_2a4.json	0	9	Weapons.Cannon.AmmoType[2].Override; proj=superbwarfare:cannon_shell; profile=berts_vehicle_pack:leopard_2a4/cannon/ammo_02_dm12_heat_fs; round=berts_vehicle_pack:dm12_heat_fs; hdc=HEAT_FS; shell=HE; direct=140; FX_ONLY(ED=0)
berts_vehicle_pack:leopard_2a7/Cannon[AmmoType[1]]	DM12A1 HEAT-FS	tank_shell_heat_fs	120	bvp/src/generated/resources/data/berts_vehicle_pack/sbw/vehicles/leopard_2a7.json	0	9	Weapons.Cannon.AmmoType[1].Override; proj=superbwarfare:cannon_shell; profile=berts_vehicle_pack:leopard_2a7/cannon/ammo_01_dm12a1_heat_fs; round=berts_vehicle_pack:dm12a1_heat_fs; hdc=HEAT_FS; shell=HE; direct=140; FX_ONLY(ED=0)
berts_vehicle_pack:m103/Cannon[AmmoType[1]]	M469 HEAT-FS	tank_shell_heat_fs	120	bvp/src/generated/resources/data/berts_vehicle_pack/sbw/vehicles/m103.json	0	9	Weapons.Cannon.AmmoType[1].Override; proj=superbwarfare:cannon_shell; profile=berts_vehicle_pack:m103/cannon/ammo_01_m469_heat_fs; round=berts_vehicle_pack:m469_heat_fs; hdc=HEAT_FS; shell=HE; direct=140; FX_ONLY(ED=0)
berts_vehicle_pack:m103/Cannon[AmmoType[2]]	M356 HE	tank_shell_he	120	bvp/src/generated/resources/data/berts_vehicle_pack/sbw/vehicles/m103.json	115	9	Weapons.Cannon.AmmoType[2].Override; proj=superbwarfare:cannon_shell; profile=berts_vehicle_pack:m103/cannon/ammo_02_m356_he; round=berts_vehicle_pack:m356_he; hdc=HE; shell=HE; direct=230
berts_vehicle_pack:m109a7_paladin/Cannon	M107 HE	tank_shell_he	155	bvp/src/generated/resources/data/berts_vehicle_pack/sbw/vehicles/m109a7_paladin.json	115	9	Weapons.Cannon; proj=superbwarfare:cannon_shell; profile=berts_vehicle_pack:m109a7_paladin/cannon/default; round=berts_vehicle_pack:m107_he; hdc=HE; shell=HE; direct=230
berts_vehicle_pack:m109a7_paladin/Cannon[AmmoType[0]]	M107 HE	tank_shell_he	155	bvp/src/generated/resources/data/berts_vehicle_pack/sbw/vehicles/m109a7_paladin.json	115	9	Weapons.Cannon.AmmoType[0].Override; proj=superbwarfare:cannon_shell; profile=berts_vehicle_pack:m109a7_paladin/cannon/ammo_00_m107_he; round=berts_vehicle_pack:m107_he; hdc=HE; shell=HE; direct=230
berts_vehicle_pack:m1128#destroy	m1128 destruction / cook-off	vehicle_destruction		bvp/src/generated/resources/data/berts_vehicle_pack/sbw/vehicles/m1128.json	160	13	DestroyInfo particle=Giant; keepBlock; SympatheticDetonation
berts_vehicle_pack:m1128/Cannon	M900 APFSDS	tank_shell_apfsds	105	bvp/src/generated/resources/data/berts_vehicle_pack/sbw/vehicles/m1128.json	80	4	Weapons.Cannon; proj=superbwarfare:cannon_shell; profile=berts_vehicle_pack:m1128/cannon/default; round=berts_vehicle_pack:m900_apfsds; hdc=APFSDS; shell=AP; direct=620; KINETIC_WITH_BLAST
berts_vehicle_pack:m1128/Cannon[AmmoType[2]]	M456A2 HEAT-FS	tank_shell_heat_fs	105	bvp/src/generated/resources/data/berts_vehicle_pack/sbw/vehicles/m1128.json	0	9	Weapons.Cannon.AmmoType[2].Override; proj=superbwarfare:cannon_shell; profile=berts_vehicle_pack:m1128/cannon/ammo_02_m456a2_heat_fs; round=berts_vehicle_pack:m456a2_heat_fs; hdc=HEAT_FS; shell=HE; direct=140; FX_ONLY(ED=0)
berts_vehicle_pack:m1_abrams_elite#destroy	m1_abrams_elite destruction / cook-off	vehicle_destruction		bvp/src/generated/resources/data/berts_vehicle_pack/sbw/vehicles/m1_abrams_elite.json	160	13	DestroyInfo particle=Giant; keepBlock; SympatheticDetonation
berts_vehicle_pack:m1_abrams_elite/Cannon	M774 APFSDS	tank_shell_apfsds	105	bvp/src/generated/resources/data/berts_vehicle_pack/sbw/vehicles/m1_abrams_elite.json	80	4	Weapons.Cannon; proj=superbwarfare:cannon_shell; profile=berts_vehicle_pack:m1_abrams_elite/cannon/default; round=berts_vehicle_pack:m774_apfsds; hdc=APFSDS; shell=AP; direct=620; KINETIC_WITH_BLAST
berts_vehicle_pack:m1_abrams_elite/Cannon[AmmoType[1]]	M456A2 HEAT-FS	tank_shell_heat_fs	105	bvp/src/generated/resources/data/berts_vehicle_pack/sbw/vehicles/m1_abrams_elite.json	0	9	Weapons.Cannon.AmmoType[1].Override; proj=superbwarfare:cannon_shell; profile=berts_vehicle_pack:m1_abrams_elite/cannon/ammo_01_m456a2_heat_fs; round=berts_vehicle_pack:m456a2_heat_fs; hdc=HEAT_FS; shell=HE; direct=140; FX_ONLY(ED=0)
berts_vehicle_pack:m1a1_abrams#destroy	m1a1_abrams destruction / cook-off	vehicle_destruction		bvp/src/generated/resources/data/berts_vehicle_pack/sbw/vehicles/m1a1_abrams.json	160	13	DestroyInfo particle=Giant; keepBlock; SympatheticDetonation
berts_vehicle_pack:m1a2_abrams_sep_v2#destroy	m1a2_abrams_sep_v2 destruction / cook-off	vehicle_destruction		bvp/src/generated/resources/data/berts_vehicle_pack/sbw/vehicles/m1a2_abrams_sep_v2.json	160	13	DestroyInfo particle=Giant; keepBlock; SympatheticDetonation
berts_vehicle_pack:m1a2_abrams_sep_v2/Cannon	M829A2 APFSDS	tank_shell_apfsds	120	bvp/src/generated/resources/data/berts_vehicle_pack/sbw/vehicles/m1a2_abrams_sep_v2.json	80	4	Weapons.Cannon; proj=superbwarfare:cannon_shell; profile=berts_vehicle_pack:m1a2_abrams_sep_v2/cannon/default; round=berts_vehicle_pack:m829a2_apfsds; hdc=APFSDS; shell=AP; direct=620; KINETIC_WITH_BLAST
berts_vehicle_pack:m1a2_abrams_sep_v2/Cannon[AmmoType[1]]	M830A1 HEAT-MP	tank_shell_heat_fs	120	bvp/src/generated/resources/data/berts_vehicle_pack/sbw/vehicles/m1a2_abrams_sep_v2.json	0	9	Weapons.Cannon.AmmoType[1].Override; proj=superbwarfare:cannon_shell; profile=berts_vehicle_pack:m1a2_abrams_sep_v2/cannon/ammo_01_m830a1_heat_mp; round=berts_vehicle_pack:m830a1_heat_mp; hdc=HEAT_FS; shell=HE; direct=140; FX_ONLY(ED=0)
berts_vehicle_pack:m1a2_abrams_sep_v2/Cannon[AmmoType[2]]	M830 HEAT-FS	tank_shell_heat_fs	120	bvp/src/generated/resources/data/berts_vehicle_pack/sbw/vehicles/m1a2_abrams_sep_v2.json	0	9	Weapons.Cannon.AmmoType[2].Override; proj=superbwarfare:cannon_shell; profile=berts_vehicle_pack:m1a2_abrams_sep_v2/cannon/ammo_02_m830_heat_fs; round=berts_vehicle_pack:m830_heat_fs; hdc=HEAT_FS; shell=HE; direct=140; FX_ONLY(ED=0)
berts_vehicle_pack:m2_bradley#destroy	m2_bradley destruction / cook-off	vehicle_destruction		bvp/src/generated/resources/data/berts_vehicle_pack/sbw/vehicles/m2_bradley.json	160	13	DestroyInfo particle=Giant; keepBlock; SympatheticDetonation
berts_vehicle_pack:m2_bradley/Cannon	M791 APDS	autocannon_apds	25	bvp/src/generated/resources/data/berts_vehicle_pack/sbw/vehicles/m2_bradley.json	8	2	Weapons.Cannon; proj=superbwarfare:small_cannon_shell; profile=berts_vehicle_pack:m2_bradley/cannon/default; round=berts_vehicle_pack:m791_apds; hdc=APDS; direct=65; KINETIC_WITH_BLAST; mount_scale=0.5
berts_vehicle_pack:m2_bradley/Cannon[AmmoType[1]]	HE Belt	autocannon_he	25	bvp/src/generated/resources/data/berts_vehicle_pack/sbw/vehicles/m2_bradley.json	0	5	Weapons.Cannon.AmmoType[1].Override; proj=superbwarfare:small_cannon_shell; profile=berts_vehicle_pack:m2_bradley/cannon/ammo_01_m792_hei_t_1; round=berts_vehicle_pack:m792_hei_t_1; hdc=HE; shell=HE; direct=250; FX_ONLY(ED=0); mount_scale=0.5
berts_vehicle_pack:m2_bradley/Cannon[ProjectileBeltAmmoType[1]]	HEI_T	autocannon_he	25	bvp/src/generated/resources/data/berts_vehicle_pack/sbw/vehicles/m2_bradley.json	0	5	Weapons.Cannon.ProjectileBeltAmmoType[1].Override; proj=superbwarfare:small_cannon_shell; profile=berts_vehicle_pack:m2_bradley/cannon/belt_ammo_01_m792_hei_t_1; round=berts_vehicle_pack:m792_hei_t_1; hdc=HE; shell=HE; direct=250; FX_ONLY(ED=0); mount_scale=0.5
berts_vehicle_pack:m2_bradley/Missile	BGM-71	guided_missile_atgm		bvp/src/generated/resources/data/berts_vehicle_pack/sbw/vehicles/m2_bradley.json	0	5	Weapons.Missile; proj=superbwarfare:wire_guide_missile; profile=berts_vehicle_pack:m2_bradley/missile/default; round=berts_vehicle_pack:bgm71a_tow; hdc=ATGM; direct=172; FX_ONLY(ED=0)
berts_vehicle_pack:m2_bradley/Missile[AmmoType[0]]	BGM-71	guided_missile_atgm		bvp/src/generated/resources/data/berts_vehicle_pack/sbw/vehicles/m2_bradley.json	0	5	Weapons.Missile.AmmoType[0].Override; proj=superbwarfare:wire_guide_missile; profile=berts_vehicle_pack:m2_bradley/missile/default; round=berts_vehicle_pack:bgm71a_tow; hdc=ATGM; direct=172; FX_ONLY(ED=0)
berts_vehicle_pack:m41#destroy	m41 destruction / cook-off	vehicle_destruction		bvp/src/generated/resources/data/berts_vehicle_pack/sbw/vehicles/m41.json	160	13	DestroyInfo particle=Giant; keepBlock; SympatheticDetonation
berts_vehicle_pack:m41/Cannon	M331A2 APDS	tank_shell_apds	76	bvp/src/generated/resources/data/berts_vehicle_pack/sbw/vehicles/m41.json	80	4	Weapons.Cannon; proj=superbwarfare:cannon_shell; profile=berts_vehicle_pack:m41/cannon/default; round=berts_vehicle_pack:m331a2_apds; hdc=APDS; shell=AP; direct=620; KINETIC_WITH_BLAST
berts_vehicle_pack:m41/Cannon[AmmoType[0]]	M331A2 APDS	tank_shell_apds	76	bvp/src/generated/resources/data/berts_vehicle_pack/sbw/vehicles/m41.json	80	4	Weapons.Cannon.AmmoType[0].Override; proj=superbwarfare:cannon_shell; profile=berts_vehicle_pack:m41/cannon/ammo_00_m331a2_apds; round=berts_vehicle_pack:m331a2_apds; hdc=APDS; shell=AP; direct=620; KINETIC_WITH_BLAST
berts_vehicle_pack:m48a3_elite#destroy	m48a3_elite destruction / cook-off	vehicle_destruction		bvp/src/generated/resources/data/berts_vehicle_pack/sbw/vehicles/m48a3_elite.json	160	13	DestroyInfo particle=Giant; keepBlock; SympatheticDetonation
berts_vehicle_pack:m48a3_elite/Cannon	M332 APCR	tank_shell_apcr	90	bvp/src/generated/resources/data/berts_vehicle_pack/sbw/vehicles/m48a3_elite.json	80	4	Weapons.Cannon; proj=superbwarfare:cannon_shell; profile=berts_vehicle_pack:m48a3_elite/cannon/default; round=berts_vehicle_pack:m332_apcr; hdc=APCR; shell=AP; direct=620; KINETIC_WITH_BLAST
berts_vehicle_pack:m48a3_elite/Cannon[AmmoType[1]]	M82 APHE (APCBC)	tank_shell_aphe	90	bvp/src/generated/resources/data/berts_vehicle_pack/sbw/vehicles/m48a3_elite.json	0	0	Weapons.Cannon.AmmoType[1].Override; proj=superbwarfare:cannon_shell; profile=berts_vehicle_pack:m48a3_elite/cannon/ammo_01_m82_apcbc; round=berts_vehicle_pack:m82_apcbc; hdc=APHE; shell=AP; direct=620; NO_BLAST(ED=ER=0)
berts_vehicle_pack:m48a3_elite/Cannon[AmmoType[2]]	M431 HEAT-FS	tank_shell_heat_fs	90	bvp/src/generated/resources/data/berts_vehicle_pack/sbw/vehicles/m48a3_elite.json	0	9	Weapons.Cannon.AmmoType[2].Override; proj=superbwarfare:cannon_shell; profile=berts_vehicle_pack:m48a3_elite/cannon/ammo_02_m431_heat_fs; round=berts_vehicle_pack:m431_heat_fs; hdc=HEAT_FS; shell=HE; direct=140; FX_ONLY(ED=0)
berts_vehicle_pack:m48a3_elite/Cannon[AmmoType[3]]	M71 HE	tank_shell_he	90	bvp/src/generated/resources/data/berts_vehicle_pack/sbw/vehicles/m48a3_elite.json	115	9	Weapons.Cannon.AmmoType[3].Override; proj=superbwarfare:cannon_shell; profile=berts_vehicle_pack:m48a3_elite/cannon/ammo_03_m71_he; round=berts_vehicle_pack:m71_he; hdc=HE; shell=HE; direct=230
berts_vehicle_pack:m551a1#destroy	m551a1 destruction / cook-off	vehicle_destruction		bvp/src/generated/resources/data/berts_vehicle_pack/sbw/vehicles/m551a1.json	160	13	DestroyInfo particle=Giant; keepBlock; SympatheticDetonation
berts_vehicle_pack:m551a1/Cannon	APFSDS	tank_shell_apfsds	152	bvp/src/generated/resources/data/berts_vehicle_pack/sbw/vehicles/m551a1.json	80	4	Weapons.Cannon; proj=superbwarfare:cannon_shell; profile=berts_vehicle_pack:m551a1/cannon/default; round=berts_vehicle_pack:apfsds; hdc=APFSDS; shell=AP; direct=620; KINETIC_WITH_BLAST
berts_vehicle_pack:m551a1/Cannon[AmmoType[0]]	APFSDS	tank_shell_apfsds	152	bvp/src/generated/resources/data/berts_vehicle_pack/sbw/vehicles/m551a1.json	80	4	Weapons.Cannon.AmmoType[0].Override; proj=superbwarfare:cannon_shell; profile=berts_vehicle_pack:m551a1/cannon/ammo_00_apfsds; round=berts_vehicle_pack:apfsds; hdc=APFSDS; shell=AP; direct=620; KINETIC_WITH_BLAST
berts_vehicle_pack:m60a1#destroy	m60a1 destruction / cook-off	vehicle_destruction		bvp/src/generated/resources/data/berts_vehicle_pack/sbw/vehicles/m60a1.json	160	13	DestroyInfo particle=Giant; keepBlock; SympatheticDetonation
berts_vehicle_pack:m60a1/Cannon	M728 APDS	tank_shell_apds	105	bvp/src/generated/resources/data/berts_vehicle_pack/sbw/vehicles/m60a1.json	80	4	Weapons.Cannon; proj=superbwarfare:cannon_shell; profile=berts_vehicle_pack:m60a1/cannon/default; round=berts_vehicle_pack:m728_apds; hdc=APDS; shell=AP; direct=620; KINETIC_WITH_BLAST
berts_vehicle_pack:m60a1/Cannon[AmmoType[1]]	M456 HEAT-FS	tank_shell_heat_fs	105	bvp/src/generated/resources/data/berts_vehicle_pack/sbw/vehicles/m60a1.json	0	9	Weapons.Cannon.AmmoType[1].Override; proj=superbwarfare:cannon_shell; profile=berts_vehicle_pack:m60a1/cannon/ammo_01_m456_heat_fs; round=berts_vehicle_pack:m456_heat_fs; hdc=HEAT_FS; shell=HE; direct=140; FX_ONLY(ED=0)
berts_vehicle_pack:m_50a#destroy	m_50a destruction / cook-off	vehicle_destruction		bvp/src/generated/resources/data/berts_vehicle_pack/sbw/vehicles/m_50a.json	160	13	DestroyInfo particle=Giant; keepBlock; SympatheticDetonation
berts_vehicle_pack:marder_1a1#destroy	marder_1a1 destruction / cook-off	vehicle_destruction		bvp/src/generated/resources/data/berts_vehicle_pack/sbw/vehicles/marder_1a1.json	160	13	DestroyInfo particle=Giant; keepBlock; SympatheticDetonation
berts_vehicle_pack:marder_1a1/Cannon	DM63 APDS	autocannon_apds	20	bvp/src/generated/resources/data/berts_vehicle_pack/sbw/vehicles/marder_1a1.json	8	2	Weapons.Cannon; proj=superbwarfare:small_cannon_shell; profile=berts_vehicle_pack:marder_1a1/cannon/default; round=berts_vehicle_pack:dm63_apds; hdc=APDS; direct=65; KINETIC_WITH_BLAST; mount_scale=0.5
berts_vehicle_pack:marder_1a1/Cannon[AmmoType[1]]	HE Belt	autocannon_he	20	bvp/src/generated/resources/data/berts_vehicle_pack/sbw/vehicles/marder_1a1.json	0	5	Weapons.Cannon.AmmoType[1].Override; proj=superbwarfare:small_cannon_shell; profile=berts_vehicle_pack:marder_1a1/cannon/ammo_01_dm51a1_hefi_t_1; round=berts_vehicle_pack:dm51a1_hefi_t_1; hdc=HE; shell=HE; direct=250; FX_ONLY(ED=0); mount_scale=0.5
berts_vehicle_pack:marder_1a1/Cannon[ProjectileBeltAmmoType[0]]	HEFI_T	autocannon_he	20	bvp/src/generated/resources/data/berts_vehicle_pack/sbw/vehicles/marder_1a1.json	0	5	Weapons.Cannon.ProjectileBeltAmmoType[0].Override; proj=superbwarfare:small_cannon_shell; profile=berts_vehicle_pack:marder_1a1/cannon/belt_ammo_00_dm51a1_hefi_t_2; round=berts_vehicle_pack:dm51a1_hefi_t_2; hdc=HE; shell=HE; direct=250; FX_ONLY(ED=0); mount_scale=0.5
berts_vehicle_pack:marder_1a2#destroy	marder_1a2 destruction / cook-off	vehicle_destruction		bvp/src/generated/resources/data/berts_vehicle_pack/sbw/vehicles/marder_1a2.json	160	13	DestroyInfo particle=Giant; keepBlock; SympatheticDetonation
berts_vehicle_pack:marder_1a2/Cannon	DM63 APDS	autocannon_apds	20	bvp/src/generated/resources/data/berts_vehicle_pack/sbw/vehicles/marder_1a2.json	8	2	Weapons.Cannon; proj=superbwarfare:small_cannon_shell; profile=berts_vehicle_pack:marder_1a2/cannon/default; round=berts_vehicle_pack:dm63_apds; hdc=APDS; direct=65; KINETIC_WITH_BLAST; mount_scale=0.5
berts_vehicle_pack:marder_1a2/Cannon[AmmoType[1]]	HE Belt	autocannon_he	20	bvp/src/generated/resources/data/berts_vehicle_pack/sbw/vehicles/marder_1a2.json	0	5	Weapons.Cannon.AmmoType[1].Override; proj=superbwarfare:small_cannon_shell; profile=berts_vehicle_pack:marder_1a2/cannon/ammo_01_dm51a1_hefi_t_1; round=berts_vehicle_pack:dm51a1_hefi_t_1; hdc=HE; shell=HE; direct=250; FX_ONLY(ED=0); mount_scale=0.5
berts_vehicle_pack:marder_1a2/Cannon[ProjectileBeltAmmoType[0]]	HEFI_T	autocannon_he	20	bvp/src/generated/resources/data/berts_vehicle_pack/sbw/vehicles/marder_1a2.json	0	5	Weapons.Cannon.ProjectileBeltAmmoType[0].Override; proj=superbwarfare:small_cannon_shell; profile=berts_vehicle_pack:marder_1a2/cannon/belt_ammo_00_dm51a1_hefi_t_2; round=berts_vehicle_pack:dm51a1_hefi_t_2; hdc=HE; shell=HE; direct=250; FX_ONLY(ED=0); mount_scale=0.5
berts_vehicle_pack:marder_1a2/Missile	BGM-71	guided_missile_atgm		bvp/src/generated/resources/data/berts_vehicle_pack/sbw/vehicles/marder_1a2.json	0	5	Weapons.Missile; proj=superbwarfare:wire_guide_missile; profile=berts_vehicle_pack:marder_1a2/missile/default; round=berts_vehicle_pack:bgm71a_tow; hdc=ATGM; direct=172; FX_ONLY(ED=0)
berts_vehicle_pack:marder_1a2/Missile[AmmoType[0]]	BGM-71	guided_missile_atgm		bvp/src/generated/resources/data/berts_vehicle_pack/sbw/vehicles/marder_1a2.json	0	5	Weapons.Missile.AmmoType[0].Override; proj=superbwarfare:wire_guide_missile; profile=berts_vehicle_pack:marder_1a2/missile/default; round=berts_vehicle_pack:bgm71a_tow; hdc=ATGM; direct=172; FX_ONLY(ED=0)
berts_vehicle_pack:marder_1a5/Cannon[AmmoType[1]]	HE Belt	autocannon_he	20	bvp/src/generated/resources/data/berts_vehicle_pack/sbw/vehicles/marder_1a5.json	0	5	Weapons.Cannon.AmmoType[1].Override; proj=superbwarfare:small_cannon_shell; profile=berts_vehicle_pack:marder_1a5/cannon/ammo_01_dm51a1_hefi_t_1; round=berts_vehicle_pack:dm51a1_hefi_t_1; hdc=HE; shell=HE; direct=250; FX_ONLY(ED=0); mount_scale=0.5
berts_vehicle_pack:marder_1a5/Cannon[ProjectileBeltAmmoType[0]]	HEFI_T	autocannon_he	20	bvp/src/generated/resources/data/berts_vehicle_pack/sbw/vehicles/marder_1a5.json	0	5	Weapons.Cannon.ProjectileBeltAmmoType[0].Override; proj=superbwarfare:small_cannon_shell; profile=berts_vehicle_pack:marder_1a5/cannon/belt_ammo_00_dm51a1_hefi_t_2; round=berts_vehicle_pack:dm51a1_hefi_t_2; hdc=HE; shell=HE; direct=250; FX_ONLY(ED=0); mount_scale=0.5
berts_vehicle_pack:marder_1a5/Missile	MILAN 1	guided_missile_atgm	115	bvp/src/generated/resources/data/berts_vehicle_pack/sbw/vehicles/marder_1a5.json	0	5	Weapons.Missile; proj=superbwarfare:wire_guide_missile; profile=berts_vehicle_pack:marder_1a5/missile/default; round=berts_vehicle_pack:milan_atgm; hdc=ATGM; direct=600; FX_ONLY(ED=0)
berts_vehicle_pack:marder_1a5/Missile[AmmoType[0]]	MILAN 1	guided_missile_atgm	115	bvp/src/generated/resources/data/berts_vehicle_pack/sbw/vehicles/marder_1a5.json	0	5	Weapons.Missile.AmmoType[0].Override; proj=superbwarfare:wire_guide_missile; profile=berts_vehicle_pack:marder_1a5/missile/ammo_00_milan_atgm; round=berts_vehicle_pack:milan_atgm; hdc=ATGM; direct=600; FX_ONLY(ED=0)
berts_vehicle_pack:mbt_70/Cannon[AmmoType[1]]	M409A1 HEAT	tank_shell_heat	152	bvp/src/generated/resources/data/berts_vehicle_pack/sbw/vehicles/mbt_70.json	0	9	Weapons.Cannon.AmmoType[1].Override; proj=superbwarfare:cannon_shell; profile=berts_vehicle_pack:mbt_70/cannon/ammo_01_m409a1_heat; round=berts_vehicle_pack:m409a1_heat; hdc=HEAT; shell=HE; direct=140; FX_ONLY(ED=0)
berts_vehicle_pack:mbt_70/Cannon[AmmoType[2]]	MGM-51C Shillelagh	guided_missile_atgm	152	bvp/src/generated/resources/data/berts_vehicle_pack/sbw/vehicles/mbt_70.json	0	5	Weapons.Cannon.AmmoType[2].Override; proj=berts_vehicle_pack:ataka_missile; profile=berts_vehicle_pack:mbt_70/cannon/ammo_02_mgm51c_atgm; round=berts_vehicle_pack:mgm51c_atgm; hdc=ATGM; shell=ATGM; direct=650; FX_ONLY(ED=0)
berts_vehicle_pack:mbt_70/PassengerMachineGun	DM51A1 HEFI T 1	autocannon_he	20	bvp/src/generated/resources/data/berts_vehicle_pack/sbw/vehicles/mbt_70.json	0	5	Weapons.PassengerMachineGun; proj=superbwarfare:small_cannon_shell; profile=berts_vehicle_pack:mbt_70/passengermachinegun/default; round=berts_vehicle_pack:dm51a1_hefi_t_1; hdc=HE; shell=HE; direct=250; FX_ONLY(ED=0); mount_scale=0.5
berts_vehicle_pack:mbt_70/PassengerMachineGun[AmmoType[0]]	Ground Belt	autocannon_he	20	bvp/src/generated/resources/data/berts_vehicle_pack/sbw/vehicles/mbt_70.json	0	5	Weapons.PassengerMachineGun.AmmoType[0].Override; proj=superbwarfare:small_cannon_shell; profile=berts_vehicle_pack:mbt_70/passengermachinegun/ammo_00_dm51a1_hefi_t_1; round=berts_vehicle_pack:dm51a1_hefi_t_1; hdc=HE; shell=HE; direct=250; FX_ONLY(ED=0); mount_scale=0.5
berts_vehicle_pack:md_450_ouragan#destroy	md_450_ouragan destruction / cook-off	vehicle_destruction		bvp/src/generated/resources/data/berts_vehicle_pack/sbw/vehicles/md_450_ouragan.json	160	13	DestroyInfo particle=Giant; keepBlock; SympatheticDetonation
berts_vehicle_pack:md_450_ouragan/Gun1	M50 HEI	autocannon_he	20	bvp/src/generated/resources/data/berts_vehicle_pack/sbw/vehicles/md_450_ouragan.json	0	3.3333	Weapons.Gun1; proj=superbwarfare:small_cannon_shell; profile=berts_vehicle_pack:aircraft_rounds/m50/m50_hei; round=berts_vehicle_pack:m50_hei; hdc=HE; shell=HE; direct=166.667; FX_ONLY(ED=0); mount_scale=0.5
berts_vehicle_pack:md_450_ouragan/Gun1[AmmoType[0]]	Air Belt	autocannon_he	20	bvp/src/generated/resources/data/berts_vehicle_pack/sbw/vehicles/md_450_ouragan.json	0	3.3333	Weapons.Gun1.AmmoType[0].Override; proj=superbwarfare:small_cannon_shell; profile=berts_vehicle_pack:aircraft_rounds/m50/m50_hei; round=berts_vehicle_pack:m50_hei; hdc=HE; shell=HE; direct=166.667; FX_ONLY(ED=0); mount_scale=0.5
berts_vehicle_pack:md_450_ouragan/Gun2	M50 HEI	autocannon_he	20	bvp/src/generated/resources/data/berts_vehicle_pack/sbw/vehicles/md_450_ouragan.json	0	3.3333	Weapons.Gun2; proj=superbwarfare:small_cannon_shell; profile=berts_vehicle_pack:aircraft_rounds/m50/m50_hei; round=berts_vehicle_pack:m50_hei; hdc=HE; shell=HE; direct=166.667; FX_ONLY(ED=0); mount_scale=0.5
berts_vehicle_pack:md_450_ouragan/Gun2[AmmoType[0]]	Air Belt	autocannon_he	20	bvp/src/generated/resources/data/berts_vehicle_pack/sbw/vehicles/md_450_ouragan.json	0	3.3333	Weapons.Gun2.AmmoType[0].Override; proj=superbwarfare:small_cannon_shell; profile=berts_vehicle_pack:aircraft_rounds/m50/m50_hei; round=berts_vehicle_pack:m50_hei; hdc=HE; shell=HE; direct=166.667; FX_ONLY(ED=0); mount_scale=0.5
berts_vehicle_pack:md_450_ouragan/Gun3	M50 HEI	autocannon_he	20	bvp/src/generated/resources/data/berts_vehicle_pack/sbw/vehicles/md_450_ouragan.json	0	3.3333	Weapons.Gun3; proj=superbwarfare:small_cannon_shell; profile=berts_vehicle_pack:aircraft_rounds/m50/m50_hei; round=berts_vehicle_pack:m50_hei; hdc=HE; shell=HE; direct=166.667; FX_ONLY(ED=0); mount_scale=0.5
berts_vehicle_pack:md_450_ouragan/Gun3[AmmoType[0]]	Air Belt	autocannon_he	20	bvp/src/generated/resources/data/berts_vehicle_pack/sbw/vehicles/md_450_ouragan.json	0	3.3333	Weapons.Gun3.AmmoType[0].Override; proj=superbwarfare:small_cannon_shell; profile=berts_vehicle_pack:aircraft_rounds/m50/m50_hei; round=berts_vehicle_pack:m50_hei; hdc=HE; shell=HE; direct=166.667; FX_ONLY(ED=0); mount_scale=0.5
berts_vehicle_pack:md_450_ouragan/Gun4	M50 HEI	autocannon_he	20	bvp/src/generated/resources/data/berts_vehicle_pack/sbw/vehicles/md_450_ouragan.json	0	3.3333	Weapons.Gun4; proj=superbwarfare:small_cannon_shell; profile=berts_vehicle_pack:aircraft_rounds/m50/m50_hei; round=berts_vehicle_pack:m50_hei; hdc=HE; shell=HE; direct=166.667; FX_ONLY(ED=0); mount_scale=0.5
berts_vehicle_pack:md_450_ouragan/Gun4[AmmoType[0]]	Air Belt	autocannon_he	20	bvp/src/generated/resources/data/berts_vehicle_pack/sbw/vehicles/md_450_ouragan.json	0	3.3333	Weapons.Gun4.AmmoType[0].Override; proj=superbwarfare:small_cannon_shell; profile=berts_vehicle_pack:aircraft_rounds/m50/m50_hei; round=berts_vehicle_pack:m50_hei; hdc=HE; shell=HE; direct=166.667; FX_ONLY(ED=0); mount_scale=0.5
berts_vehicle_pack:me_163#destroy	me_163 destruction / cook-off	vehicle_destruction		bvp/src/generated/resources/data/berts_vehicle_pack/sbw/vehicles/me_163.json	160	13	DestroyInfo particle=Giant; keepBlock; SympatheticDetonation
berts_vehicle_pack:me_163/CannonLeft	MK108 HEI T	autocannon_he	30	bvp/src/generated/resources/data/berts_vehicle_pack/sbw/vehicles/me_163.json	0	5	Weapons.CannonLeft; proj=superbwarfare:small_cannon_shell; profile=berts_vehicle_pack:aircraft_rounds/mk108/mk108_hei_t; round=berts_vehicle_pack:mk108_hei_t; hdc=HE; shell=HE; direct=250; FX_ONLY(ED=0); mount_scale=0.5
berts_vehicle_pack:me_163/CannonLeft[AmmoType[0]]	Air Belt	autocannon_he	30	bvp/src/generated/resources/data/berts_vehicle_pack/sbw/vehicles/me_163.json	0	5	Weapons.CannonLeft.AmmoType[0].Override; proj=superbwarfare:small_cannon_shell; profile=berts_vehicle_pack:aircraft_rounds/mk108/mk108_hei_t; round=berts_vehicle_pack:mk108_hei_t; hdc=HE; shell=HE; direct=250; FX_ONLY(ED=0); mount_scale=0.5
berts_vehicle_pack:me_163/CannonRight	MK108 HEI T	autocannon_he	30	bvp/src/generated/resources/data/berts_vehicle_pack/sbw/vehicles/me_163.json	0	5	Weapons.CannonRight; proj=superbwarfare:small_cannon_shell; profile=berts_vehicle_pack:aircraft_rounds/mk108/mk108_hei_t; round=berts_vehicle_pack:mk108_hei_t; hdc=HE; shell=HE; direct=250; FX_ONLY(ED=0); mount_scale=0.5
berts_vehicle_pack:me_163/CannonRight[AmmoType[0]]	Air Belt	autocannon_he	30	bvp/src/generated/resources/data/berts_vehicle_pack/sbw/vehicles/me_163.json	0	5	Weapons.CannonRight.AmmoType[0].Override; proj=superbwarfare:small_cannon_shell; profile=berts_vehicle_pack:aircraft_rounds/mk108/mk108_hei_t; round=berts_vehicle_pack:mk108_hei_t; hdc=HE; shell=HE; direct=250; FX_ONLY(ED=0); mount_scale=0.5
berts_vehicle_pack:me_262_50mm#destroy	me_262_50mm destruction / cook-off	vehicle_destruction		bvp/src/generated/resources/data/berts_vehicle_pack/sbw/vehicles/me_262_50mm.json	160	13	DestroyInfo particle=Giant; keepBlock; SympatheticDetonation
berts_vehicle_pack:me_262_50mm/Cannon1[ProjectileBeltAmmoType[0]]	HEF_I	autocannon_he	50	bvp/src/generated/resources/data/berts_vehicle_pack/sbw/vehicles/me_262_50mm.json	0	5	Weapons.Cannon1.ProjectileBeltAmmoType[0].Override; proj=superbwarfare:small_cannon_shell; profile=berts_vehicle_pack:aircraft_rounds/mk214a/mk214a_hef_i; round=berts_vehicle_pack:mk214a_hef_i; hdc=HE; shell=HE; direct=250; FX_ONLY(ED=0)
berts_vehicle_pack:me_262_50mm/Cannon1[ProjectileBeltAmmoType[1]]	HEI_T	autocannon_he	50	bvp/src/generated/resources/data/berts_vehicle_pack/sbw/vehicles/me_262_50mm.json	0	5	Weapons.Cannon1.ProjectileBeltAmmoType[1].Override; proj=superbwarfare:small_cannon_shell; profile=berts_vehicle_pack:aircraft_rounds/mk214a/mk214a_hei_t; round=berts_vehicle_pack:mk214a_hei_t; hdc=HE; shell=HE; direct=250; FX_ONLY(ED=0)
berts_vehicle_pack:me_262_elite#destroy	me_262_elite destruction / cook-off	vehicle_destruction		bvp/src/generated/resources/data/berts_vehicle_pack/sbw/vehicles/me_262_elite.json	160	13	DestroyInfo particle=Giant; keepBlock; SympatheticDetonation
berts_vehicle_pack:me_262_elite/Cannon1	MK108 HEI T	autocannon_he	30	bvp/src/generated/resources/data/berts_vehicle_pack/sbw/vehicles/me_262_elite.json	0	5	Weapons.Cannon1; proj=superbwarfare:small_cannon_shell; profile=berts_vehicle_pack:aircraft_rounds/mk108/mk108_hei_t; round=berts_vehicle_pack:mk108_hei_t; hdc=HE; shell=HE; direct=250; FX_ONLY(ED=0); mount_scale=0.5
berts_vehicle_pack:me_262_elite/Cannon1[AmmoType[0]]	Air Belt	autocannon_he	30	bvp/src/generated/resources/data/berts_vehicle_pack/sbw/vehicles/me_262_elite.json	0	5	Weapons.Cannon1.AmmoType[0].Override; proj=superbwarfare:small_cannon_shell; profile=berts_vehicle_pack:aircraft_rounds/mk108/mk108_hei_t; round=berts_vehicle_pack:mk108_hei_t; hdc=HE; shell=HE; direct=250; FX_ONLY(ED=0); mount_scale=0.5
berts_vehicle_pack:me_262_elite/Cannon2	MK108 HEI T	autocannon_he	30	bvp/src/generated/resources/data/berts_vehicle_pack/sbw/vehicles/me_262_elite.json	0	5	Weapons.Cannon2; proj=superbwarfare:small_cannon_shell; profile=berts_vehicle_pack:aircraft_rounds/mk108/mk108_hei_t; round=berts_vehicle_pack:mk108_hei_t; hdc=HE; shell=HE; direct=250; FX_ONLY(ED=0); mount_scale=0.5
berts_vehicle_pack:me_262_elite/Cannon2[AmmoType[0]]	Air Belt	autocannon_he	30	bvp/src/generated/resources/data/berts_vehicle_pack/sbw/vehicles/me_262_elite.json	0	5	Weapons.Cannon2.AmmoType[0].Override; proj=superbwarfare:small_cannon_shell; profile=berts_vehicle_pack:aircraft_rounds/mk108/mk108_hei_t; round=berts_vehicle_pack:mk108_hei_t; hdc=HE; shell=HE; direct=250; FX_ONLY(ED=0); mount_scale=0.5
berts_vehicle_pack:me_262_elite/Cannon3	MK108 HEI T	autocannon_he	30	bvp/src/generated/resources/data/berts_vehicle_pack/sbw/vehicles/me_262_elite.json	0	5	Weapons.Cannon3; proj=superbwarfare:small_cannon_shell; profile=berts_vehicle_pack:aircraft_rounds/mk108/mk108_hei_t; round=berts_vehicle_pack:mk108_hei_t; hdc=HE; shell=HE; direct=250; FX_ONLY(ED=0); mount_scale=0.5
berts_vehicle_pack:me_262_elite/Cannon3[AmmoType[0]]	Air Belt	autocannon_he	30	bvp/src/generated/resources/data/berts_vehicle_pack/sbw/vehicles/me_262_elite.json	0	5	Weapons.Cannon3.AmmoType[0].Override; proj=superbwarfare:small_cannon_shell; profile=berts_vehicle_pack:aircraft_rounds/mk108/mk108_hei_t; round=berts_vehicle_pack:mk108_hei_t; hdc=HE; shell=HE; direct=250; FX_ONLY(ED=0); mount_scale=0.5
berts_vehicle_pack:me_262_elite/Cannon4	MK108 HEI T	autocannon_he	30	bvp/src/generated/resources/data/berts_vehicle_pack/sbw/vehicles/me_262_elite.json	0	5	Weapons.Cannon4; proj=superbwarfare:small_cannon_shell; profile=berts_vehicle_pack:aircraft_rounds/mk108/mk108_hei_t; round=berts_vehicle_pack:mk108_hei_t; hdc=HE; shell=HE; direct=250; FX_ONLY(ED=0); mount_scale=0.5
berts_vehicle_pack:me_262_elite/Cannon4[AmmoType[0]]	Air Belt	autocannon_he	30	bvp/src/generated/resources/data/berts_vehicle_pack/sbw/vehicles/me_262_elite.json	0	5	Weapons.Cannon4.AmmoType[0].Override; proj=superbwarfare:small_cannon_shell; profile=berts_vehicle_pack:aircraft_rounds/mk108/mk108_hei_t; round=berts_vehicle_pack:mk108_hei_t; hdc=HE; shell=HE; direct=250; FX_ONLY(ED=0); mount_scale=0.5
berts_vehicle_pack:meteor_f_8#destroy	meteor_f_8 destruction / cook-off	vehicle_destruction		bvp/src/generated/resources/data/berts_vehicle_pack/sbw/vehicles/meteor_f_8.json	160	13	DestroyInfo particle=Giant; keepBlock; SympatheticDetonation
berts_vehicle_pack:meteor_f_8/Gun1	HISPANO2 AIR GAME	autocannon_he	20	bvp/src/generated/resources/data/berts_vehicle_pack/sbw/vehicles/meteor_f_8.json	0	3.3333	Weapons.Gun1; proj=superbwarfare:small_cannon_shell; profile=berts_vehicle_pack:aircraft_rounds/hispano2/hispano2_air_game; round=berts_vehicle_pack:hispano2_air_game; hdc=HE; shell=HE; direct=166.667; FX_ONLY(ED=0); mount_scale=0.5
berts_vehicle_pack:meteor_f_8/Gun1[AmmoType[0]]	Air Belt	autocannon_he	20	bvp/src/generated/resources/data/berts_vehicle_pack/sbw/vehicles/meteor_f_8.json	0	3.3333	Weapons.Gun1.AmmoType[0].Override; proj=superbwarfare:small_cannon_shell; profile=berts_vehicle_pack:aircraft_rounds/hispano2/hispano2_air_game; round=berts_vehicle_pack:hispano2_air_game; hdc=HE; shell=HE; direct=166.667; FX_ONLY(ED=0); mount_scale=0.5
berts_vehicle_pack:meteor_f_8/Gun2	HISPANO2 AIR GAME	autocannon_he	20	bvp/src/generated/resources/data/berts_vehicle_pack/sbw/vehicles/meteor_f_8.json	0	3.3333	Weapons.Gun2; proj=superbwarfare:small_cannon_shell; profile=berts_vehicle_pack:aircraft_rounds/hispano2/hispano2_air_game; round=berts_vehicle_pack:hispano2_air_game; hdc=HE; shell=HE; direct=166.667; FX_ONLY(ED=0); mount_scale=0.5
berts_vehicle_pack:meteor_f_8/Gun2[AmmoType[0]]	Air Belt	autocannon_he	20	bvp/src/generated/resources/data/berts_vehicle_pack/sbw/vehicles/meteor_f_8.json	0	3.3333	Weapons.Gun2.AmmoType[0].Override; proj=superbwarfare:small_cannon_shell; profile=berts_vehicle_pack:aircraft_rounds/hispano2/hispano2_air_game; round=berts_vehicle_pack:hispano2_air_game; hdc=HE; shell=HE; direct=166.667; FX_ONLY(ED=0); mount_scale=0.5
berts_vehicle_pack:meteor_f_8/Gun3	HISPANO2 AIR GAME	autocannon_he	20	bvp/src/generated/resources/data/berts_vehicle_pack/sbw/vehicles/meteor_f_8.json	0	3.3333	Weapons.Gun3; proj=superbwarfare:small_cannon_shell; profile=berts_vehicle_pack:aircraft_rounds/hispano2/hispano2_air_game; round=berts_vehicle_pack:hispano2_air_game; hdc=HE; shell=HE; direct=166.667; FX_ONLY(ED=0); mount_scale=0.5
berts_vehicle_pack:meteor_f_8/Gun3[AmmoType[0]]	Air Belt	autocannon_he	20	bvp/src/generated/resources/data/berts_vehicle_pack/sbw/vehicles/meteor_f_8.json	0	3.3333	Weapons.Gun3.AmmoType[0].Override; proj=superbwarfare:small_cannon_shell; profile=berts_vehicle_pack:aircraft_rounds/hispano2/hispano2_air_game; round=berts_vehicle_pack:hispano2_air_game; hdc=HE; shell=HE; direct=166.667; FX_ONLY(ED=0); mount_scale=0.5
berts_vehicle_pack:meteor_f_8/Gun4	HISPANO2 AIR GAME	autocannon_he	20	bvp/src/generated/resources/data/berts_vehicle_pack/sbw/vehicles/meteor_f_8.json	0	3.3333	Weapons.Gun4; proj=superbwarfare:small_cannon_shell; profile=berts_vehicle_pack:aircraft_rounds/hispano2/hispano2_air_game; round=berts_vehicle_pack:hispano2_air_game; hdc=HE; shell=HE; direct=166.667; FX_ONLY(ED=0); mount_scale=0.5
berts_vehicle_pack:meteor_f_8/Gun4[AmmoType[0]]	Air Belt	autocannon_he	20	bvp/src/generated/resources/data/berts_vehicle_pack/sbw/vehicles/meteor_f_8.json	0	3.3333	Weapons.Gun4.AmmoType[0].Override; proj=superbwarfare:small_cannon_shell; profile=berts_vehicle_pack:aircraft_rounds/hispano2/hispano2_air_game; round=berts_vehicle_pack:hispano2_air_game; hdc=HE; shell=HE; direct=166.667; FX_ONLY(ED=0); mount_scale=0.5
berts_vehicle_pack:mi24_hind_a#destroy	mi24_hind_a destruction / cook-off	vehicle_destruction		bvp/src/generated/resources/data/berts_vehicle_pack/sbw/vehicles/mi24_hind_a.json	120	10	DestroyInfo particle=Large; keepBlock
berts_vehicle_pack:mi24v#destroy	mi24v destruction / cook-off	vehicle_destruction		bvp/src/generated/resources/data/berts_vehicle_pack/sbw/vehicles/mi24v.json	120	10	DestroyInfo particle=Large; keepBlock
berts_vehicle_pack:mi24v/Cannon	YAKB IAI	bullet_he	12.7	bvp/src/generated/resources/data/berts_vehicle_pack/sbw/vehicles/mi24v.json	0	0	Weapons.Cannon; proj=superbwarfare:projectile; profile=berts_vehicle_pack:mi24v/cannon/default; round=berts_vehicle_pack:yakb_iai; hdc=HE; direct=22; NO_BLAST(ED=ER=0); mount_scale=0.33
berts_vehicle_pack:mi24v/Cannon[AmmoType[0]]	AP Belt	bullet_he	12.7	bvp/src/generated/resources/data/berts_vehicle_pack/sbw/vehicles/mi24v.json	0	1.6667	Weapons.Cannon.AmmoType[0].Override; proj=superbwarfare:projectile; profile=berts_vehicle_pack:mi24v/cannon/ammo_00_yakb_iai; round=berts_vehicle_pack:yakb_iai; hdc=HE; shell=HE; direct=83.3333; FX_ONLY(ED=0); mount_scale=0.33
berts_vehicle_pack:mi24v/Cannon[AmmoType[1]]	HE Belt	bullet_he	12.7	bvp/src/generated/resources/data/berts_vehicle_pack/sbw/vehicles/mi24v.json	0	1.6667	Weapons.Cannon.AmmoType[1].Override; proj=superbwarfare:projectile; profile=berts_vehicle_pack:mi24v/cannon/ammo_01_yakb_iai; round=berts_vehicle_pack:yakb_iai; hdc=HE; shell=HE; direct=83.3333; FX_ONLY(ED=0); mount_scale=0.33
berts_vehicle_pack:mi24v/Rocket	S8KO	rocket_heat	80	bvp/src/generated/resources/data/berts_vehicle_pack/sbw/vehicles/mi24v.json	0	6	Weapons.Rocket; proj=berts_vehicle_pack:s8ko_rocket; profile=berts_vehicle_pack:mi24v/rocket/default; round=berts_vehicle_pack:s8ko; hdc=HEAT; direct=100; FX_ONLY(ED=0)
berts_vehicle_pack:mi24v/Rocket[AmmoType[0]]	S8KO	rocket_heat	80	bvp/src/generated/resources/data/berts_vehicle_pack/sbw/vehicles/mi24v.json	0	6	Weapons.Rocket.AmmoType[0].Override; proj=berts_vehicle_pack:s8ko_rocket; profile=berts_vehicle_pack:mi24v/rocket/default; round=berts_vehicle_pack:s8ko; hdc=HEAT; direct=100; FX_ONLY(ED=0)
berts_vehicle_pack:mi24v/B13LRocket	S13	rocket_he	122	bvp/src/generated/resources/data/berts_vehicle_pack/sbw/vehicles/mi24v.json	115	9	Weapons.B13LRocket; proj=berts_vehicle_pack:s13_rocket; profile=berts_vehicle_pack:mi24v/b13lrocket/default; round=berts_vehicle_pack:s13; hdc=HE; shell=HE; direct=175
berts_vehicle_pack:mi24v/B13LRocket[AmmoType[0]]	S13	rocket_he	122	bvp/src/generated/resources/data/berts_vehicle_pack/sbw/vehicles/mi24v.json	115	9	Weapons.B13LRocket.AmmoType[0].Override; proj=berts_vehicle_pack:s13_rocket; profile=berts_vehicle_pack:mi24v/b13lrocket/default; round=berts_vehicle_pack:s13; hdc=HE; shell=HE; direct=175
berts_vehicle_pack:mi24v/S8KORocket	S8KO	rocket_heat	80	bvp/src/generated/resources/data/berts_vehicle_pack/sbw/vehicles/mi24v.json	0	6	Weapons.S8KORocket; proj=berts_vehicle_pack:s8ko_rocket; profile=berts_vehicle_pack:mi24v/s8korocket/default; round=berts_vehicle_pack:s8ko; hdc=HEAT; shell=HEAT; direct=100; FX_ONLY(ED=0)
berts_vehicle_pack:mi24v/S8KORocket[AmmoType[0]]	S8KO	rocket_heat	80	bvp/src/generated/resources/data/berts_vehicle_pack/sbw/vehicles/mi24v.json	0	6	Weapons.S8KORocket.AmmoType[0].Override; proj=berts_vehicle_pack:s8ko_rocket; profile=berts_vehicle_pack:mi24v/s8korocket/default; round=berts_vehicle_pack:s8ko; hdc=HEAT; shell=HEAT; direct=100; FX_ONLY(ED=0)
berts_vehicle_pack:mi24v/@Missile	9M114 SHTURM	guided_missile_atgm		bvp/src/generated/resources/data/berts_vehicle_pack/sbw/vehicles/mi24v.json	0	8	Weapons.@Missile; proj=berts_vehicle_pack:ataka_missile; profile=berts_vehicle_pack:mi24v/template_missile/default; round=berts_vehicle_pack:9m114_shturm; hdc=ATGM; shell=ATGM; direct=210; FX_ONLY(ED=0)
berts_vehicle_pack:mi24v/@Missile[AmmoType[0]]	9M114 SHTURM	guided_missile_atgm		bvp/src/generated/resources/data/berts_vehicle_pack/sbw/vehicles/mi24v.json	0	8	Weapons.@Missile.AmmoType[0].Override; proj=berts_vehicle_pack:ataka_missile; profile=berts_vehicle_pack:mi24v/template_missile/default; round=berts_vehicle_pack:9m114_shturm; hdc=ATGM; shell=ATGM; direct=210; FX_ONLY(ED=0)
berts_vehicle_pack:mi24v/PassengerMissile	9M114 SHTURM	guided_missile_atgm		bvp/src/generated/resources/data/berts_vehicle_pack/sbw/vehicles/mi24v.json	0	0	Weapons.PassengerMissile; proj=berts_vehicle_pack:ataka_missile; profile=berts_vehicle_pack:mi24v/passengermissile/default; round=berts_vehicle_pack:9m114_shturm; hdc=ATGM; direct=; NO_BLAST(ED=ER=0)
berts_vehicle_pack:mi24v/PilotMissile	9M114 SHTURM	guided_missile_atgm		bvp/src/generated/resources/data/berts_vehicle_pack/sbw/vehicles/mi24v.json	0	0	Weapons.PilotMissile; proj=berts_vehicle_pack:ataka_missile; profile=berts_vehicle_pack:mi24v/pilotmissile/default; round=berts_vehicle_pack:9m114_shturm; hdc=ATGM; direct=; NO_BLAST(ED=ER=0)
berts_vehicle_pack:mi28n#destroy	mi28n destruction / cook-off	vehicle_destruction		bvp/src/generated/resources/data/berts_vehicle_pack/sbw/vehicles/mi28n.json	120	10	DestroyInfo particle=Large; keepBlock
berts_vehicle_pack:mi28n/Cannon[AmmoType[1]]	HE Belt	autocannon_he	30	bvp/src/generated/resources/data/berts_vehicle_pack/sbw/vehicles/mi28n.json	0	5	Weapons.Cannon.AmmoType[1].Override; proj=superbwarfare:small_cannon_shell; profile=berts_vehicle_pack:mi28n/cannon/ammo_01_3uor6_hef_t; round=berts_vehicle_pack:3uor6_hef_t; hdc=HE; shell=HE; direct=250; FX_ONLY(ED=0); mount_scale=0.5
berts_vehicle_pack:mi28n/Cannon[ProjectileBeltAmmoType[1]]	HEF_I	autocannon_he	30	bvp/src/generated/resources/data/berts_vehicle_pack/sbw/vehicles/mi28n.json	0	5	Weapons.Cannon.ProjectileBeltAmmoType[1].Override; proj=superbwarfare:small_cannon_shell; profile=berts_vehicle_pack:mi28n/cannon/belt_ammo_01_3uof8_hef_i; round=berts_vehicle_pack:3uof8_hef_i; hdc=HE; shell=HE; direct=250; FX_ONLY(ED=0); mount_scale=0.5
berts_vehicle_pack:mi28n/Rocket	S8KO	rocket_heat	80	bvp/src/generated/resources/data/berts_vehicle_pack/sbw/vehicles/mi28n.json	0	6	Weapons.Rocket; proj=berts_vehicle_pack:s8ko_rocket; profile=berts_vehicle_pack:mi28n/rocket/default; round=berts_vehicle_pack:s8ko; hdc=HEAT; direct=100; FX_ONLY(ED=0)
berts_vehicle_pack:mi28n/Rocket[AmmoType[0]]	S8KO	rocket_heat	80	bvp/src/generated/resources/data/berts_vehicle_pack/sbw/vehicles/mi28n.json	0	6	Weapons.Rocket.AmmoType[0].Override; proj=berts_vehicle_pack:s8ko_rocket; profile=berts_vehicle_pack:mi28n/rocket/default; round=berts_vehicle_pack:s8ko; hdc=HEAT; direct=100; FX_ONLY(ED=0)
berts_vehicle_pack:mi28n/B13LRocket	S8KO	rocket_heat	80	bvp/src/generated/resources/data/berts_vehicle_pack/sbw/vehicles/mi28n.json	0	6	Weapons.B13LRocket; proj=berts_vehicle_pack:s8ko_rocket; profile=berts_vehicle_pack:mi28n/b13lrocket/default; round=berts_vehicle_pack:s8ko; hdc=HEAT; direct=100; FX_ONLY(ED=0)
berts_vehicle_pack:mi28n/B13LRocket[AmmoType[0]]	S8KO	rocket_heat	80	bvp/src/generated/resources/data/berts_vehicle_pack/sbw/vehicles/mi28n.json	0	6	Weapons.B13LRocket.AmmoType[0].Override; proj=berts_vehicle_pack:s8ko_rocket; profile=berts_vehicle_pack:mi28n/b13lrocket/default; round=berts_vehicle_pack:s8ko; hdc=HEAT; direct=100; FX_ONLY(ED=0)
berts_vehicle_pack:mi28n/S8KORocket	S8KO	rocket_heat	80	bvp/src/generated/resources/data/berts_vehicle_pack/sbw/vehicles/mi28n.json	0	6	Weapons.S8KORocket; proj=berts_vehicle_pack:s8ko_rocket; profile=berts_vehicle_pack:mi28n/s8korocket/default; round=berts_vehicle_pack:s8ko; hdc=HEAT; shell=HEAT; direct=100; FX_ONLY(ED=0)
berts_vehicle_pack:mi28n/S8KORocket[AmmoType[0]]	S8KO	rocket_heat	80	bvp/src/generated/resources/data/berts_vehicle_pack/sbw/vehicles/mi28n.json	0	6	Weapons.S8KORocket.AmmoType[0].Override; proj=berts_vehicle_pack:s8ko_rocket; profile=berts_vehicle_pack:mi28n/s8korocket/default; round=berts_vehicle_pack:s8ko; hdc=HEAT; shell=HEAT; direct=100; FX_ONLY(ED=0)
berts_vehicle_pack:mi28n/@Missile	9M120 ATAKA	guided_missile_atgm		bvp/src/generated/resources/data/berts_vehicle_pack/sbw/vehicles/mi28n.json	0	8	Weapons.@Missile; proj=berts_vehicle_pack:ataka_missile; profile=berts_vehicle_pack:mi28n/template_missile/default; round=berts_vehicle_pack:9m120_ataka; hdc=ATGM; shell=ATGM; direct=225; FX_ONLY(ED=0)
berts_vehicle_pack:mi28n/@Missile[AmmoType[0]]	9M120 ATAKA	guided_missile_atgm		bvp/src/generated/resources/data/berts_vehicle_pack/sbw/vehicles/mi28n.json	0	8	Weapons.@Missile.AmmoType[0].Override; proj=berts_vehicle_pack:ataka_missile; profile=berts_vehicle_pack:mi28n/template_missile/default; round=berts_vehicle_pack:9m120_ataka; hdc=ATGM; shell=ATGM; direct=225; FX_ONLY(ED=0)
berts_vehicle_pack:mi28n/PassengerMissile	9M120 ATAKA	guided_missile_atgm		bvp/src/generated/resources/data/berts_vehicle_pack/sbw/vehicles/mi28n.json	0	0	Weapons.PassengerMissile; proj=berts_vehicle_pack:ataka_missile; profile=berts_vehicle_pack:mi28n/passengermissile/default; round=berts_vehicle_pack:9m120_ataka; hdc=ATGM; direct=; NO_BLAST(ED=ER=0)
berts_vehicle_pack:mi28n/PilotMissile	9M120 ATAKA	guided_missile_atgm		bvp/src/generated/resources/data/berts_vehicle_pack/sbw/vehicles/mi28n.json	0	0	Weapons.PilotMissile; proj=berts_vehicle_pack:ataka_missile; profile=berts_vehicle_pack:mi28n/pilotmissile/default; round=berts_vehicle_pack:9m120_ataka; hdc=ATGM; direct=; NO_BLAST(ED=ER=0)
berts_vehicle_pack:mi_24a#destroy	mi_24a destruction / cook-off	vehicle_destruction		bvp/src/generated/resources/data/berts_vehicle_pack/sbw/vehicles/mi_24a.json	160	13	DestroyInfo particle=Giant; keepBlock; SympatheticDetonation
berts_vehicle_pack:mi_24a/PassengerGun1	A127 AIR GAME	bullet_he	12.7	bvp/src/generated/resources/data/berts_vehicle_pack/sbw/vehicles/mi_24a.json	0	1.6667	Weapons.PassengerGun1; proj=superbwarfare:projectile; profile=berts_vehicle_pack:aircraft_rounds/a127/a127_air_game; round=berts_vehicle_pack:a127_air_game; hdc=HE; shell=HE; direct=83.3333; FX_ONLY(ED=0); mount_scale=0.33
berts_vehicle_pack:mi_24a/PassengerGun1[AmmoType[0]]	Air Belt	bullet_he	12.7	bvp/src/generated/resources/data/berts_vehicle_pack/sbw/vehicles/mi_24a.json	0	1.6667	Weapons.PassengerGun1.AmmoType[0].Override; proj=superbwarfare:projectile; profile=berts_vehicle_pack:aircraft_rounds/a127/a127_air_game; round=berts_vehicle_pack:a127_air_game; hdc=HE; shell=HE; direct=83.3333; FX_ONLY(ED=0); mount_scale=0.33
berts_vehicle_pack:mi_24d#destroy	mi_24d destruction / cook-off	vehicle_destruction		bvp/src/generated/resources/data/berts_vehicle_pack/sbw/vehicles/mi_24d.json	160	13	DestroyInfo particle=Giant; keepBlock; SympatheticDetonation
berts_vehicle_pack:mi_24d/PassengerGun1	YAKB AIR GAME	bullet_he	12.7	bvp/src/generated/resources/data/berts_vehicle_pack/sbw/vehicles/mi_24d.json	0	1.6667	Weapons.PassengerGun1; proj=superbwarfare:projectile; profile=berts_vehicle_pack:aircraft_rounds/yakb/yakb_air_game; round=berts_vehicle_pack:yakb_air_game; hdc=HE; shell=HE; direct=83.3333; FX_ONLY(ED=0); mount_scale=0.33
berts_vehicle_pack:mi_24d/PassengerGun1[AmmoType[0]]	Air Belt	bullet_he	12.7	bvp/src/generated/resources/data/berts_vehicle_pack/sbw/vehicles/mi_24d.json	0	1.6667	Weapons.PassengerGun1.AmmoType[0].Override; proj=superbwarfare:projectile; profile=berts_vehicle_pack:aircraft_rounds/yakb/yakb_air_game; round=berts_vehicle_pack:yakb_air_game; hdc=HE; shell=HE; direct=83.3333; FX_ONLY(ED=0); mount_scale=0.33
berts_vehicle_pack:mi_26#destroy	mi_26 destruction / cook-off	vehicle_destruction		bvp/src/generated/resources/data/berts_vehicle_pack/sbw/vehicles/mi_26.json	160	13	DestroyInfo particle=Giant; keepBlock; SympatheticDetonation
berts_vehicle_pack:mig19#destroy	mig19 destruction / cook-off	vehicle_destruction		bvp/src/generated/resources/data/berts_vehicle_pack/sbw/vehicles/mig19.json	160	13	DestroyInfo particle=Giant; keepBlock; SympatheticDetonation
berts_vehicle_pack:mig19/Cannon	NR30 APHE	autocannon_aphe	30	bvp/src/generated/resources/data/berts_vehicle_pack/sbw/vehicles/mig19.json	0	0	Weapons.Cannon; proj=superbwarfare:small_cannon_shell; profile=berts_vehicle_pack:mig19/cannon/default; round=berts_vehicle_pack:nr30_aphe; hdc=APHE; shell=AP; direct=45; NO_BLAST(ED=ER=0); mount_scale=0.5
berts_vehicle_pack:mig19/Cannon[AmmoType[0]]	Air Belt	autocannon_aphe	30	bvp/src/generated/resources/data/berts_vehicle_pack/sbw/vehicles/mig19.json	0	5	Weapons.Cannon.AmmoType[0].Override; proj=superbwarfare:small_cannon_shell; profile=berts_vehicle_pack:mig19/cannon/ammo_00_nr30_aphe; round=berts_vehicle_pack:nr30_aphe; hdc=APHE; shell=APHE; direct=45; FX_ONLY(ED=0); mount_scale=0.5
berts_vehicle_pack:mig19/Cannon[ProjectileBeltAmmoType[0]]	HEF_I	autocannon_he	30	bvp/src/generated/resources/data/berts_vehicle_pack/sbw/vehicles/mig19.json	0	5	Weapons.Cannon.ProjectileBeltAmmoType[0].Override; proj=superbwarfare:small_cannon_shell; profile=berts_vehicle_pack:mig19/cannon/belt_ammo_00_nr30_hef_i; round=berts_vehicle_pack:nr30_hef_i; hdc=HE; shell=HE; direct=250; FX_ONLY(ED=0); mount_scale=0.5
berts_vehicle_pack:mig19/Cannon[ProjectileBeltAmmoType[1]]	HEFI_T	autocannon_he	30	bvp/src/generated/resources/data/berts_vehicle_pack/sbw/vehicles/mig19.json	0	5	Weapons.Cannon.ProjectileBeltAmmoType[1].Override; proj=superbwarfare:small_cannon_shell; profile=berts_vehicle_pack:mig19/cannon/belt_ammo_01_nr30_hefi_t; round=berts_vehicle_pack:nr30_hefi_t; hdc=HE; shell=HE; direct=250; FX_ONLY(ED=0); mount_scale=0.5
berts_vehicle_pack:mig19/Cannon2	NR30 APHE	autocannon_aphe	30	bvp/src/generated/resources/data/berts_vehicle_pack/sbw/vehicles/mig19.json	0	0	Weapons.Cannon2; proj=superbwarfare:small_cannon_shell; profile=berts_vehicle_pack:mig19/cannon2/default; round=berts_vehicle_pack:nr30_aphe; hdc=APHE; shell=AP; direct=45; NO_BLAST(ED=ER=0); mount_scale=0.5
berts_vehicle_pack:mig19/Cannon2[AmmoType[0]]	Air Belt	autocannon_aphe	30	bvp/src/generated/resources/data/berts_vehicle_pack/sbw/vehicles/mig19.json	0	5	Weapons.Cannon2.AmmoType[0].Override; proj=superbwarfare:small_cannon_shell; profile=berts_vehicle_pack:mig19/cannon2/ammo_00_nr30_aphe; round=berts_vehicle_pack:nr30_aphe; hdc=APHE; shell=APHE; direct=45; FX_ONLY(ED=0); mount_scale=0.5
berts_vehicle_pack:mig19/Cannon2[ProjectileBeltAmmoType[0]]	HEF_I	autocannon_he	30	bvp/src/generated/resources/data/berts_vehicle_pack/sbw/vehicles/mig19.json	0	5	Weapons.Cannon2.ProjectileBeltAmmoType[0].Override; proj=superbwarfare:small_cannon_shell; profile=berts_vehicle_pack:mig19/cannon2/belt_ammo_00_nr30_hef_i; round=berts_vehicle_pack:nr30_hef_i; hdc=HE; shell=HE; direct=250; FX_ONLY(ED=0); mount_scale=0.5
berts_vehicle_pack:mig19/Cannon2[ProjectileBeltAmmoType[1]]	HEFI_T	autocannon_he	30	bvp/src/generated/resources/data/berts_vehicle_pack/sbw/vehicles/mig19.json	0	5	Weapons.Cannon2.ProjectileBeltAmmoType[1].Override; proj=superbwarfare:small_cannon_shell; profile=berts_vehicle_pack:mig19/cannon2/belt_ammo_01_nr30_hefi_t; round=berts_vehicle_pack:nr30_hefi_t; hdc=HE; shell=HE; direct=250; FX_ONLY(ED=0); mount_scale=0.5
berts_vehicle_pack:mig19/Cannon3	NR30 APHE	autocannon_aphe	30	bvp/src/generated/resources/data/berts_vehicle_pack/sbw/vehicles/mig19.json	0	0	Weapons.Cannon3; proj=superbwarfare:small_cannon_shell; profile=berts_vehicle_pack:mig19/cannon3/default; round=berts_vehicle_pack:nr30_aphe; hdc=APHE; shell=AP; direct=45; NO_BLAST(ED=ER=0); mount_scale=0.5
berts_vehicle_pack:mig19/Cannon3[AmmoType[0]]	Air Belt	autocannon_aphe	30	bvp/src/generated/resources/data/berts_vehicle_pack/sbw/vehicles/mig19.json	0	5	Weapons.Cannon3.AmmoType[0].Override; proj=superbwarfare:small_cannon_shell; profile=berts_vehicle_pack:mig19/cannon3/ammo_00_nr30_aphe; round=berts_vehicle_pack:nr30_aphe; hdc=APHE; shell=APHE; direct=45; FX_ONLY(ED=0); mount_scale=0.5
berts_vehicle_pack:mig19/Cannon3[ProjectileBeltAmmoType[0]]	HEF_I	autocannon_he	30	bvp/src/generated/resources/data/berts_vehicle_pack/sbw/vehicles/mig19.json	0	5	Weapons.Cannon3.ProjectileBeltAmmoType[0].Override; proj=superbwarfare:small_cannon_shell; profile=berts_vehicle_pack:mig19/cannon3/belt_ammo_00_nr30_hef_i; round=berts_vehicle_pack:nr30_hef_i; hdc=HE; shell=HE; direct=250; FX_ONLY(ED=0); mount_scale=0.5
berts_vehicle_pack:mig19/Cannon3[ProjectileBeltAmmoType[1]]	HEFI_T	autocannon_he	30	bvp/src/generated/resources/data/berts_vehicle_pack/sbw/vehicles/mig19.json	0	5	Weapons.Cannon3.ProjectileBeltAmmoType[1].Override; proj=superbwarfare:small_cannon_shell; profile=berts_vehicle_pack:mig19/cannon3/belt_ammo_01_nr30_hefi_t; round=berts_vehicle_pack:nr30_hefi_t; hdc=HE; shell=HE; direct=250; FX_ONLY(ED=0); mount_scale=0.5
berts_vehicle_pack:mig_15bis#destroy	mig_15bis destruction / cook-off	vehicle_destruction		bvp/src/generated/resources/data/berts_vehicle_pack/sbw/vehicles/mig_15bis.json	160	13	DestroyInfo particle=Giant; keepBlock; SympatheticDetonation
berts_vehicle_pack:mig_15bis/Cannon37	N37D AIR GAME	autocannon_he	37	bvp/src/generated/resources/data/berts_vehicle_pack/sbw/vehicles/mig_15bis.json	0	6.1667	Weapons.Cannon37; proj=superbwarfare:small_cannon_shell; profile=berts_vehicle_pack:aircraft_rounds/n37d/n37d_air_game; round=berts_vehicle_pack:n37d_air_game; hdc=HE; shell=HE; direct=308.333; FX_ONLY(ED=0)
berts_vehicle_pack:mig_15bis/Cannon37[AmmoType[0]]	Air Belt	autocannon_he	37	bvp/src/generated/resources/data/berts_vehicle_pack/sbw/vehicles/mig_15bis.json	0	6.1667	Weapons.Cannon37.AmmoType[0].Override; proj=superbwarfare:small_cannon_shell; profile=berts_vehicle_pack:aircraft_rounds/n37d/n37d_air_game; round=berts_vehicle_pack:n37d_air_game; hdc=HE; shell=HE; direct=308.333; FX_ONLY(ED=0)
berts_vehicle_pack:mig_15bis/Cannon23LeftUpper	NR23 AIR GAME	autocannon_he	23	bvp/src/generated/resources/data/berts_vehicle_pack/sbw/vehicles/mig_15bis.json	0	3.8333	Weapons.Cannon23LeftUpper; proj=superbwarfare:small_cannon_shell; profile=berts_vehicle_pack:aircraft_rounds/nr23/nr23_air_game; round=berts_vehicle_pack:nr23_air_game; hdc=HE; shell=HE; direct=191.667; FX_ONLY(ED=0); mount_scale=0.5
berts_vehicle_pack:mig_15bis/Cannon23LeftUpper[AmmoType[0]]	Air Belt	autocannon_he	23	bvp/src/generated/resources/data/berts_vehicle_pack/sbw/vehicles/mig_15bis.json	0	3.8333	Weapons.Cannon23LeftUpper.AmmoType[0].Override; proj=superbwarfare:small_cannon_shell; profile=berts_vehicle_pack:aircraft_rounds/nr23/nr23_air_game; round=berts_vehicle_pack:nr23_air_game; hdc=HE; shell=HE; direct=191.667; FX_ONLY(ED=0); mount_scale=0.5
berts_vehicle_pack:mig_15bis/Cannon23LeftLower	NR23 AIR GAME	autocannon_he	23	bvp/src/generated/resources/data/berts_vehicle_pack/sbw/vehicles/mig_15bis.json	0	3.8333	Weapons.Cannon23LeftLower; proj=superbwarfare:small_cannon_shell; profile=berts_vehicle_pack:aircraft_rounds/nr23/nr23_air_game; round=berts_vehicle_pack:nr23_air_game; hdc=HE; shell=HE; direct=191.667; FX_ONLY(ED=0); mount_scale=0.5
berts_vehicle_pack:mig_15bis/Cannon23LeftLower[AmmoType[0]]	Air Belt	autocannon_he	23	bvp/src/generated/resources/data/berts_vehicle_pack/sbw/vehicles/mig_15bis.json	0	3.8333	Weapons.Cannon23LeftLower.AmmoType[0].Override; proj=superbwarfare:small_cannon_shell; profile=berts_vehicle_pack:aircraft_rounds/nr23/nr23_air_game; round=berts_vehicle_pack:nr23_air_game; hdc=HE; shell=HE; direct=191.667; FX_ONLY(ED=0); mount_scale=0.5
berts_vehicle_pack:mig_19s#destroy	mig_19s destruction / cook-off	vehicle_destruction		bvp/src/generated/resources/data/berts_vehicle_pack/sbw/vehicles/mig_19s.json	160	13	DestroyInfo particle=Giant; keepBlock; SympatheticDetonation
berts_vehicle_pack:mig_19s/CannonLeft	NR30 AIR GAME	autocannon_he	30	bvp/src/generated/resources/data/berts_vehicle_pack/sbw/vehicles/mig_19s.json	0	5	Weapons.CannonLeft; proj=superbwarfare:small_cannon_shell; profile=berts_vehicle_pack:aircraft_rounds/nr30/nr30_air_game; round=berts_vehicle_pack:nr30_air_game; hdc=HE; shell=HE; direct=250; FX_ONLY(ED=0); mount_scale=0.5
berts_vehicle_pack:mig_19s/CannonLeft[AmmoType[0]]	Air Belt	autocannon_he	30	bvp/src/generated/resources/data/berts_vehicle_pack/sbw/vehicles/mig_19s.json	0	5	Weapons.CannonLeft.AmmoType[0].Override; proj=superbwarfare:small_cannon_shell; profile=berts_vehicle_pack:aircraft_rounds/nr30/nr30_air_game; round=berts_vehicle_pack:nr30_air_game; hdc=HE; shell=HE; direct=250; FX_ONLY(ED=0); mount_scale=0.5
berts_vehicle_pack:mig_19s/CannonRight	NR30 AIR GAME	autocannon_he	30	bvp/src/generated/resources/data/berts_vehicle_pack/sbw/vehicles/mig_19s.json	0	5	Weapons.CannonRight; proj=superbwarfare:small_cannon_shell; profile=berts_vehicle_pack:aircraft_rounds/nr30/nr30_air_game; round=berts_vehicle_pack:nr30_air_game; hdc=HE; shell=HE; direct=250; FX_ONLY(ED=0); mount_scale=0.5
berts_vehicle_pack:mig_19s/CannonRight[AmmoType[0]]	Air Belt	autocannon_he	30	bvp/src/generated/resources/data/berts_vehicle_pack/sbw/vehicles/mig_19s.json	0	5	Weapons.CannonRight.AmmoType[0].Override; proj=superbwarfare:small_cannon_shell; profile=berts_vehicle_pack:aircraft_rounds/nr30/nr30_air_game; round=berts_vehicle_pack:nr30_air_game; hdc=HE; shell=HE; direct=250; FX_ONLY(ED=0); mount_scale=0.5
berts_vehicle_pack:mig_19s/CannonChin	NR30 AIR GAME	autocannon_he	30	bvp/src/generated/resources/data/berts_vehicle_pack/sbw/vehicles/mig_19s.json	0	5	Weapons.CannonChin; proj=superbwarfare:small_cannon_shell; profile=berts_vehicle_pack:aircraft_rounds/nr30/nr30_air_game; round=berts_vehicle_pack:nr30_air_game; hdc=HE; shell=HE; direct=250; FX_ONLY(ED=0); mount_scale=0.5
berts_vehicle_pack:mig_19s/CannonChin[AmmoType[0]]	Air Belt	autocannon_he	30	bvp/src/generated/resources/data/berts_vehicle_pack/sbw/vehicles/mig_19s.json	0	5	Weapons.CannonChin.AmmoType[0].Override; proj=superbwarfare:small_cannon_shell; profile=berts_vehicle_pack:aircraft_rounds/nr30/nr30_air_game; round=berts_vehicle_pack:nr30_air_game; hdc=HE; shell=HE; direct=250; FX_ONLY(ED=0); mount_scale=0.5
berts_vehicle_pack:mig_21bis#destroy	mig_21bis destruction / cook-off	vehicle_destruction		bvp/src/generated/resources/data/berts_vehicle_pack/sbw/vehicles/mig_21bis.json	160	13	DestroyInfo particle=Giant; keepBlock; SympatheticDetonation
berts_vehicle_pack:mig_21bis/Cannon	GSH23L AIR GAME	autocannon_he	23	bvp/src/generated/resources/data/berts_vehicle_pack/sbw/vehicles/mig_21bis.json	0	3.8333	Weapons.Cannon; proj=superbwarfare:small_cannon_shell; profile=berts_vehicle_pack:aircraft_rounds/gsh23l/gsh23l_air_game; round=berts_vehicle_pack:gsh23l_air_game; hdc=HE; shell=HE; direct=191.667; FX_ONLY(ED=0); mount_scale=0.5
berts_vehicle_pack:mig_21bis/Cannon[AmmoType[0]]	Air Belt	autocannon_he	23	bvp/src/generated/resources/data/berts_vehicle_pack/sbw/vehicles/mig_21bis.json	0	3.8333	Weapons.Cannon.AmmoType[0].Override; proj=superbwarfare:small_cannon_shell; profile=berts_vehicle_pack:aircraft_rounds/gsh23l/gsh23l_air_game; round=berts_vehicle_pack:gsh23l_air_game; hdc=HE; shell=HE; direct=191.667; FX_ONLY(ED=0); mount_scale=0.5
berts_vehicle_pack:mig_23mld#destroy	mig_23mld destruction / cook-off	vehicle_destruction		bvp/src/generated/resources/data/berts_vehicle_pack/sbw/vehicles/mig_23mld.json	160	13	DestroyInfo particle=Giant; keepBlock; SympatheticDetonation
berts_vehicle_pack:mig_23mld/GSh23L	GSH23L AIR GAME	autocannon_he	23	bvp/src/generated/resources/data/berts_vehicle_pack/sbw/vehicles/mig_23mld.json	0	3.8333	Weapons.GSh23L; proj=superbwarfare:small_cannon_shell; profile=berts_vehicle_pack:aircraft_rounds/gsh23l/gsh23l_air_game; round=berts_vehicle_pack:gsh23l_air_game; hdc=HE; shell=HE; direct=191.667; FX_ONLY(ED=0); mount_scale=0.5
berts_vehicle_pack:mig_23mld/GSh23L[AmmoType[0]]	Air Belt	autocannon_he	23	bvp/src/generated/resources/data/berts_vehicle_pack/sbw/vehicles/mig_23mld.json	0	3.8333	Weapons.GSh23L.AmmoType[0].Override; proj=superbwarfare:small_cannon_shell; profile=berts_vehicle_pack:aircraft_rounds/gsh23l/gsh23l_air_game; round=berts_vehicle_pack:gsh23l_air_game; hdc=HE; shell=HE; direct=191.667; FX_ONLY(ED=0); mount_scale=0.5
berts_vehicle_pack:mig_29#destroy	mig_29 destruction / cook-off	vehicle_destruction		bvp/src/generated/resources/data/berts_vehicle_pack/sbw/vehicles/mig_29.json	160	13	DestroyInfo particle=Giant; keepBlock; SympatheticDetonation
berts_vehicle_pack:mig_29/Cannon	GSH301 AIR GAME	autocannon_he	30	bvp/src/generated/resources/data/berts_vehicle_pack/sbw/vehicles/mig_29.json	0	5	Weapons.Cannon; proj=superbwarfare:small_cannon_shell; profile=berts_vehicle_pack:aircraft_rounds/gsh301/gsh301_air_game; round=berts_vehicle_pack:gsh301_air_game; hdc=HE; shell=HE; direct=250; FX_ONLY(ED=0); mount_scale=0.5
berts_vehicle_pack:mig_29/Cannon[AmmoType[0]]	Air Belt	autocannon_he	30	bvp/src/generated/resources/data/berts_vehicle_pack/sbw/vehicles/mig_29.json	0	5	Weapons.Cannon.AmmoType[0].Override; proj=superbwarfare:small_cannon_shell; profile=berts_vehicle_pack:aircraft_rounds/gsh301/gsh301_air_game; round=berts_vehicle_pack:gsh301_air_game; hdc=HE; shell=HE; direct=250; FX_ONLY(ED=0); mount_scale=0.5
berts_vehicle_pack:mig_9#destroy	mig_9 destruction / cook-off	vehicle_destruction		bvp/src/generated/resources/data/berts_vehicle_pack/sbw/vehicles/mig_9.json	160	13	DestroyInfo particle=Giant; keepBlock; SympatheticDetonation
berts_vehicle_pack:mig_9/Cannon37	N37D AIR GAME	autocannon_he	37	bvp/src/generated/resources/data/berts_vehicle_pack/sbw/vehicles/mig_9.json	0	6.1667	Weapons.Cannon37; proj=superbwarfare:small_cannon_shell; profile=berts_vehicle_pack:aircraft_rounds/n37d/n37d_air_game; round=berts_vehicle_pack:n37d_air_game; hdc=HE; shell=HE; direct=308.333; FX_ONLY(ED=0)
berts_vehicle_pack:mig_9/Cannon37[AmmoType[0]]	Air Belt	autocannon_he	37	bvp/src/generated/resources/data/berts_vehicle_pack/sbw/vehicles/mig_9.json	0	6.1667	Weapons.Cannon37.AmmoType[0].Override; proj=superbwarfare:small_cannon_shell; profile=berts_vehicle_pack:aircraft_rounds/n37d/n37d_air_game; round=berts_vehicle_pack:n37d_air_game; hdc=HE; shell=HE; direct=308.333; FX_ONLY(ED=0)
berts_vehicle_pack:mig_9/Cannon23Left	NS23 AIR GAME	autocannon_he	23	bvp/src/generated/resources/data/berts_vehicle_pack/sbw/vehicles/mig_9.json	0	3.8333	Weapons.Cannon23Left; proj=superbwarfare:small_cannon_shell; profile=berts_vehicle_pack:aircraft_rounds/ns23/ns23_air_game; round=berts_vehicle_pack:ns23_air_game; hdc=HE; shell=HE; direct=191.667; FX_ONLY(ED=0); mount_scale=0.5
berts_vehicle_pack:mig_9/Cannon23Left[AmmoType[0]]	Air Belt	autocannon_he	23	bvp/src/generated/resources/data/berts_vehicle_pack/sbw/vehicles/mig_9.json	0	3.8333	Weapons.Cannon23Left.AmmoType[0].Override; proj=superbwarfare:small_cannon_shell; profile=berts_vehicle_pack:aircraft_rounds/ns23/ns23_air_game; round=berts_vehicle_pack:ns23_air_game; hdc=HE; shell=HE; direct=191.667; FX_ONLY(ED=0); mount_scale=0.5
berts_vehicle_pack:mig_9/Cannon23Right	NS23 AIR GAME	autocannon_he	23	bvp/src/generated/resources/data/berts_vehicle_pack/sbw/vehicles/mig_9.json	0	3.8333	Weapons.Cannon23Right; proj=superbwarfare:small_cannon_shell; profile=berts_vehicle_pack:aircraft_rounds/ns23/ns23_air_game; round=berts_vehicle_pack:ns23_air_game; hdc=HE; shell=HE; direct=191.667; FX_ONLY(ED=0); mount_scale=0.5
berts_vehicle_pack:mig_9/Cannon23Right[AmmoType[0]]	Air Belt	autocannon_he	23	bvp/src/generated/resources/data/berts_vehicle_pack/sbw/vehicles/mig_9.json	0	3.8333	Weapons.Cannon23Right.AmmoType[0].Override; proj=superbwarfare:small_cannon_shell; profile=berts_vehicle_pack:aircraft_rounds/ns23/ns23_air_game; round=berts_vehicle_pack:ns23_air_game; hdc=HE; shell=HE; direct=191.667; FX_ONLY(ED=0); mount_scale=0.5
berts_vehicle_pack:milan_tripod#destroy	milan_tripod destruction / cook-off	vehicle_destruction		bvp/src/generated/resources/data/berts_vehicle_pack/sbw/vehicles/milan_tripod.json	6	0.75	DestroyInfo particle=Mini; keepBlock
berts_vehicle_pack:milan_tripod/Cannon	MILAN 1	guided_missile_atgm		bvp/src/generated/resources/data/berts_vehicle_pack/sbw/vehicles/milan_tripod.json	80	5	Weapons.Cannon; proj=superbwarfare:wire_guide_missile; profile=berts_vehicle_pack:milan_tripod/cannon/default; round=berts_vehicle_pack:milan_atgm; hdc=ATGM; shell=AP; direct=420
berts_vehicle_pack:milan_tripod/Cannon[AmmoType[0]]	MILAN 1	guided_missile_atgm		bvp/src/generated/resources/data/berts_vehicle_pack/sbw/vehicles/milan_tripod.json	80	5	Weapons.Cannon.AmmoType[0].Override; proj=superbwarfare:wire_guide_missile; profile=berts_vehicle_pack:milan_tripod/cannon/ammo_00_milan_atgm; round=berts_vehicle_pack:milan_atgm; hdc=ATGM; shell=AP; direct=420
berts_vehicle_pack:milan_tripod/Cannon[AmmoType[1]]	MILAN 3	guided_missile_atgm		bvp/src/generated/resources/data/berts_vehicle_pack/sbw/vehicles/milan_tripod.json	80	5	Weapons.Cannon.AmmoType[1].Override; proj=superbwarfare:wire_guide_missile; profile=berts_vehicle_pack:milan_tripod/cannon/ammo_01_milan_3_atgm; round=berts_vehicle_pack:milan_3_atgm; hdc=ATGM; shell=AP; direct=420
berts_vehicle_pack:mirage_5#destroy	mirage_5 destruction / cook-off	vehicle_destruction		bvp/src/generated/resources/data/berts_vehicle_pack/sbw/vehicles/mirage_5.json	160	13	DestroyInfo particle=Giant; keepBlock; SympatheticDetonation
berts_vehicle_pack:mirage_5/Gun1[ProjectileBeltAmmoType[0]]	HEI	autocannon_he	30	bvp/src/generated/resources/data/berts_vehicle_pack/sbw/vehicles/mirage_5.json	0	5	Weapons.Gun1.ProjectileBeltAmmoType[0].Override; proj=superbwarfare:small_cannon_shell; profile=berts_vehicle_pack:aircraft_rounds/defa552a/defa552a_hei; round=berts_vehicle_pack:defa552a_hei; hdc=HE; shell=HE; direct=250; FX_ONLY(ED=0); mount_scale=0.5
berts_vehicle_pack:mirage_5/Gun1[ProjectileBeltAmmoType[1]]	HEF	autocannon_he	30	bvp/src/generated/resources/data/berts_vehicle_pack/sbw/vehicles/mirage_5.json	0	5	Weapons.Gun1.ProjectileBeltAmmoType[1].Override; proj=superbwarfare:small_cannon_shell; profile=berts_vehicle_pack:aircraft_rounds/defa552a/defa552a_hef; round=berts_vehicle_pack:defa552a_hef; hdc=HE; shell=HE; direct=250; FX_ONLY(ED=0); mount_scale=0.5
berts_vehicle_pack:mirage_5/Gun2[ProjectileBeltAmmoType[0]]	HEI	autocannon_he	30	bvp/src/generated/resources/data/berts_vehicle_pack/sbw/vehicles/mirage_5.json	0	5	Weapons.Gun2.ProjectileBeltAmmoType[0].Override; proj=superbwarfare:small_cannon_shell; profile=berts_vehicle_pack:aircraft_rounds/defa552a/defa552a_hei; round=berts_vehicle_pack:defa552a_hei; hdc=HE; shell=HE; direct=250; FX_ONLY(ED=0); mount_scale=0.5
berts_vehicle_pack:mirage_5/Gun2[ProjectileBeltAmmoType[1]]	HEF	autocannon_he	30	bvp/src/generated/resources/data/berts_vehicle_pack/sbw/vehicles/mirage_5.json	0	5	Weapons.Gun2.ProjectileBeltAmmoType[1].Override; proj=superbwarfare:small_cannon_shell; profile=berts_vehicle_pack:aircraft_rounds/defa552a/defa552a_hef; round=berts_vehicle_pack:defa552a_hef; hdc=HE; shell=HE; direct=250; FX_ONLY(ED=0); mount_scale=0.5
berts_vehicle_pack:mirage_f1#destroy	mirage_f1 destruction / cook-off	vehicle_destruction		bvp/src/generated/resources/data/berts_vehicle_pack/sbw/vehicles/mirage_f1.json	160	13	DestroyInfo particle=Giant; keepBlock; SympatheticDetonation
berts_vehicle_pack:mirage_f1/Gun1[ProjectileBeltAmmoType[0]]	HEI	autocannon_he	30	bvp/src/generated/resources/data/berts_vehicle_pack/sbw/vehicles/mirage_f1.json	0	5	Weapons.Gun1.ProjectileBeltAmmoType[0].Override; proj=superbwarfare:small_cannon_shell; profile=berts_vehicle_pack:aircraft_rounds/defa553/defa553_hei; round=berts_vehicle_pack:defa553_hei; hdc=HE; shell=HE; direct=250; FX_ONLY(ED=0); mount_scale=0.5
berts_vehicle_pack:mirage_f1/Gun1[ProjectileBeltAmmoType[1]]	HEF	autocannon_he	30	bvp/src/generated/resources/data/berts_vehicle_pack/sbw/vehicles/mirage_f1.json	0	5	Weapons.Gun1.ProjectileBeltAmmoType[1].Override; proj=superbwarfare:small_cannon_shell; profile=berts_vehicle_pack:aircraft_rounds/defa553/defa553_hef; round=berts_vehicle_pack:defa553_hef; hdc=HE; shell=HE; direct=250; FX_ONLY(ED=0); mount_scale=0.5
berts_vehicle_pack:mirage_f1/Gun2[ProjectileBeltAmmoType[0]]	HEI	autocannon_he	30	bvp/src/generated/resources/data/berts_vehicle_pack/sbw/vehicles/mirage_f1.json	0	5	Weapons.Gun2.ProjectileBeltAmmoType[0].Override; proj=superbwarfare:small_cannon_shell; profile=berts_vehicle_pack:aircraft_rounds/defa553/defa553_hei; round=berts_vehicle_pack:defa553_hei; hdc=HE; shell=HE; direct=250; FX_ONLY(ED=0); mount_scale=0.5
berts_vehicle_pack:mirage_f1/Gun2[ProjectileBeltAmmoType[1]]	HEF	autocannon_he	30	bvp/src/generated/resources/data/berts_vehicle_pack/sbw/vehicles/mirage_f1.json	0	5	Weapons.Gun2.ProjectileBeltAmmoType[1].Override; proj=superbwarfare:small_cannon_shell; profile=berts_vehicle_pack:aircraft_rounds/defa553/defa553_hef; round=berts_vehicle_pack:defa553_hef; hdc=HE; shell=HE; direct=250; FX_ONLY(ED=0); mount_scale=0.5
berts_vehicle_pack:p_39#destroy	p_39 destruction / cook-off	vehicle_destruction		bvp/src/generated/resources/data/berts_vehicle_pack/sbw/vehicles/p_39.json	160	13	DestroyInfo particle=Giant; keepBlock; SympatheticDetonation
berts_vehicle_pack:p_39/Cannon	M4 37 HE FRAG I T	autocannon_he	37	bvp/src/generated/resources/data/berts_vehicle_pack/sbw/vehicles/p_39.json	0	5	Weapons.Cannon; proj=superbwarfare:small_cannon_shell; profile=berts_vehicle_pack:aircraft_rounds/m4_37/m4_37_he_frag_i_t; round=berts_vehicle_pack:m4_37_he_frag_i_t; hdc=HE; shell=HE; direct=250; FX_ONLY(ED=0)
berts_vehicle_pack:p_39/Cannon[AmmoType[0]]	Air Belt	autocannon_he	37	bvp/src/generated/resources/data/berts_vehicle_pack/sbw/vehicles/p_39.json	0	5	Weapons.Cannon.AmmoType[0].Override; proj=superbwarfare:small_cannon_shell; profile=berts_vehicle_pack:aircraft_rounds/m4_37/m4_37_he_frag_i_t; round=berts_vehicle_pack:m4_37_he_frag_i_t; hdc=HE; shell=HE; direct=250; FX_ONLY(ED=0)
berts_vehicle_pack:p_51d#destroy	p_51d destruction / cook-off	vehicle_destruction		bvp/src/generated/resources/data/berts_vehicle_pack/sbw/vehicles/p_51d.json	160	13	DestroyInfo particle=Giant; keepBlock; SympatheticDetonation
berts_vehicle_pack:panavia_tornado_ids_marineflieger#destroy	panavia_tornado_ids_marineflieger destruction / cook-off	vehicle_destruction		bvp/src/generated/resources/data/berts_vehicle_pack/sbw/vehicles/panavia_tornado_ids_marineflieger.json	160	13	DestroyInfo particle=Giant; keepBlock; SympatheticDetonation
berts_vehicle_pack:panavia_tornado_ids_marineflieger/CannonLeft	BK27 AIR GAME	autocannon_he	27	bvp/src/generated/resources/data/berts_vehicle_pack/sbw/vehicles/panavia_tornado_ids_marineflieger.json	0	4.5	Weapons.CannonLeft; proj=superbwarfare:small_cannon_shell; profile=berts_vehicle_pack:aircraft_rounds/bk27/bk27_air_game; round=berts_vehicle_pack:bk27_air_game; hdc=HE; shell=HE; direct=225; FX_ONLY(ED=0); mount_scale=0.5
berts_vehicle_pack:panavia_tornado_ids_marineflieger/CannonLeft[AmmoType[0]]	Air Belt	autocannon_he	27	bvp/src/generated/resources/data/berts_vehicle_pack/sbw/vehicles/panavia_tornado_ids_marineflieger.json	0	4.5	Weapons.CannonLeft.AmmoType[0].Override; proj=superbwarfare:small_cannon_shell; profile=berts_vehicle_pack:aircraft_rounds/bk27/bk27_air_game; round=berts_vehicle_pack:bk27_air_game; hdc=HE; shell=HE; direct=225; FX_ONLY(ED=0); mount_scale=0.5
berts_vehicle_pack:panavia_tornado_ids_marineflieger/CannonRight	BK27 AIR GAME	autocannon_he	27	bvp/src/generated/resources/data/berts_vehicle_pack/sbw/vehicles/panavia_tornado_ids_marineflieger.json	0	4.5	Weapons.CannonRight; proj=superbwarfare:small_cannon_shell; profile=berts_vehicle_pack:aircraft_rounds/bk27/bk27_air_game; round=berts_vehicle_pack:bk27_air_game; hdc=HE; shell=HE; direct=225; FX_ONLY(ED=0); mount_scale=0.5
berts_vehicle_pack:panavia_tornado_ids_marineflieger/CannonRight[AmmoType[0]]	Air Belt	autocannon_he	27	bvp/src/generated/resources/data/berts_vehicle_pack/sbw/vehicles/panavia_tornado_ids_marineflieger.json	0	4.5	Weapons.CannonRight.AmmoType[0].Override; proj=superbwarfare:small_cannon_shell; profile=berts_vehicle_pack:aircraft_rounds/bk27/bk27_air_game; round=berts_vehicle_pack:bk27_air_game; hdc=HE; shell=HE; direct=225; FX_ONLY(ED=0); mount_scale=0.5
berts_vehicle_pack:panther_g#destroy	panther_g destruction / cook-off	vehicle_destruction		bvp/src/generated/resources/data/berts_vehicle_pack/sbw/vehicles/panther_g.json	160	13	DestroyInfo particle=Giant; keepBlock; SympatheticDetonation
berts_vehicle_pack:panther_g/Cannon	PZGR39 42 APCBC	tank_shell_apfsds	75	bvp/src/generated/resources/data/berts_vehicle_pack/sbw/vehicles/panther_g.json	80	4	Weapons.Cannon; proj=superbwarfare:cannon_shell; profile=berts_vehicle_pack:panther_g/cannon/default; round=berts_vehicle_pack:pzgr39_42_apcbc; hdc=APFSDS; shell=AP; direct=620; KINETIC_WITH_BLAST
berts_vehicle_pack:panther_g/Cannon[AmmoType[0]]	PZGR39 42 APCBC	tank_shell_apfsds	75	bvp/src/generated/resources/data/berts_vehicle_pack/sbw/vehicles/panther_g.json	80	4	Weapons.Cannon.AmmoType[0].Override; proj=superbwarfare:cannon_shell; profile=berts_vehicle_pack:panther_g/cannon/ammo_00_pzgr39_42_apcbc; round=berts_vehicle_pack:pzgr39_42_apcbc; hdc=APFSDS; shell=AP; direct=620; KINETIC_WITH_BLAST
berts_vehicle_pack:pzh_2000/Cannon	M107 HE	tank_shell_he	155	bvp/src/generated/resources/data/berts_vehicle_pack/sbw/vehicles/pzh_2000.json	115	9	Weapons.Cannon; proj=superbwarfare:cannon_shell; profile=berts_vehicle_pack:pzh_2000/cannon/default; round=berts_vehicle_pack:m107_he; hdc=HE; shell=HE; direct=230
berts_vehicle_pack:pzh_2000/Cannon[AmmoType[0]]	M107 HE	tank_shell_he	155	bvp/src/generated/resources/data/berts_vehicle_pack/sbw/vehicles/pzh_2000.json	115	9	Weapons.Cannon.AmmoType[0].Override; proj=superbwarfare:cannon_shell; profile=berts_vehicle_pack:pzh_2000/cannon/ammo_00_m107_he; round=berts_vehicle_pack:m107_he; hdc=HE; shell=HE; direct=230
berts_vehicle_pack:qn_506model/Cannon[AmmoType[1]]	HE Belt	autocannon_he	30	bvp/src/generated/resources/data/berts_vehicle_pack/sbw/vehicles/qn_506model.json	0	5	Weapons.Cannon.AmmoType[1].Override; proj=superbwarfare:small_cannon_shell; profile=berts_vehicle_pack:qn_506model/cannon/ammo_01_dty02_30_hefi; round=berts_vehicle_pack:dty02_30_hefi; hdc=HE; shell=HE; direct=250; FX_ONLY(ED=0); mount_scale=0.5
berts_vehicle_pack:qn_506model/Missile	QN502CDD ATGM	guided_missile_atgm	200	bvp/src/generated/resources/data/berts_vehicle_pack/sbw/vehicles/qn_506model.json	0	3.3	Weapons.Missile; proj=superbwarfare:wire_guide_missile; profile=berts_vehicle_pack:qn_506model/missile/default; round=berts_vehicle_pack:qn502cdd_atgm; hdc=ATGM; direct=789; FX_ONLY(ED=0)
berts_vehicle_pack:qn_506model/Missile[AmmoType[0]]	QN502CDD ATGM	guided_missile_atgm	200	bvp/src/generated/resources/data/berts_vehicle_pack/sbw/vehicles/qn_506model.json	0	3.3	Weapons.Missile.AmmoType[0].Override; proj=superbwarfare:wire_guide_missile; profile=berts_vehicle_pack:qn_506model/missile/ammo_00_qn502cdd_atgm; round=berts_vehicle_pack:qn502cdd_atgm; hdc=ATGM; direct=789; FX_ONLY(ED=0)
berts_vehicle_pack:qn_506model/MicroMissile	QN201DD ATGM	guided_missile_atgm	70	bvp/src/generated/resources/data/berts_vehicle_pack/sbw/vehicles/qn_506model.json	0	2.7	Weapons.MicroMissile; proj=superbwarfare:wire_guide_missile; profile=berts_vehicle_pack:qn_506model/micromissile/default; round=berts_vehicle_pack:qn201dd_atgm; hdc=ATGM; direct=276; FX_ONLY(ED=0)
berts_vehicle_pack:qn_506model/MicroMissile[AmmoType[0]]	QN201DD ATGM	guided_missile_atgm	70	bvp/src/generated/resources/data/berts_vehicle_pack/sbw/vehicles/qn_506model.json	0	2.7	Weapons.MicroMissile.AmmoType[0].Override; proj=superbwarfare:wire_guide_missile; profile=berts_vehicle_pack:qn_506model/micromissile/ammo_00_qn201dd_atgm; round=berts_vehicle_pack:qn201dd_atgm; hdc=ATGM; direct=276; FX_ONLY(ED=0)
berts_vehicle_pack:rafale#destroy	rafale destruction / cook-off	vehicle_destruction		bvp/src/generated/resources/data/berts_vehicle_pack/sbw/vehicles/rafale.json	160	13	DestroyInfo particle=Giant; keepBlock; SympatheticDetonation
berts_vehicle_pack:rafale/Gun1	M791 SAPHEI	autocannon_aphe	30	bvp/src/generated/resources/data/berts_vehicle_pack/sbw/vehicles/rafale.json	0	5	Weapons.Gun1; proj=superbwarfare:small_cannon_shell; profile=berts_vehicle_pack:aircraft_rounds/m791/m791_saphei; round=berts_vehicle_pack:m791_saphei; hdc=APHE; shell=APHE; direct=45; FX_ONLY(ED=0); mount_scale=0.5
berts_vehicle_pack:rafale/Gun1[AmmoType[0]]	Air Belt	autocannon_aphe	30	bvp/src/generated/resources/data/berts_vehicle_pack/sbw/vehicles/rafale.json	0	5	Weapons.Gun1.AmmoType[0].Override; proj=superbwarfare:small_cannon_shell; profile=berts_vehicle_pack:aircraft_rounds/m791/m791_saphei; round=berts_vehicle_pack:m791_saphei; hdc=APHE; shell=APHE; direct=45; FX_ONLY(ED=0); mount_scale=0.5
berts_vehicle_pack:saab_105#destroy	saab_105 destruction / cook-off	vehicle_destruction		bvp/src/generated/resources/data/berts_vehicle_pack/sbw/vehicles/saab_105.json	160	13	DestroyInfo particle=Giant; keepBlock; SympatheticDetonation
berts_vehicle_pack:saab_105/Rockets	ZUNI	rocket_heat	127	bvp/src/generated/resources/data/berts_vehicle_pack/sbw/vehicles/saab_105.json	0	5	Weapons.Rockets; proj=berts_vehicle_pack:s8ko_rocket; profile=berts_vehicle_pack:aircraft_rockets/zuni; round=berts_vehicle_pack:zuni; hdc=HEAT; shell=HEAT; direct=158.75; FX_ONLY(ED=0)
berts_vehicle_pack:saab_105/Rockets[AmmoType[0]]	ZUNI	rocket_heat	127	bvp/src/generated/resources/data/berts_vehicle_pack/sbw/vehicles/saab_105.json	0	5	Weapons.Rockets.AmmoType[0].Override; proj=berts_vehicle_pack:s8ko_rocket; profile=berts_vehicle_pack:aircraft_rockets/zuni; round=berts_vehicle_pack:zuni; hdc=HEAT; shell=HEAT; direct=158.75; FX_ONLY(ED=0)
berts_vehicle_pack:saab_29_tunnan#destroy	saab_29_tunnan destruction / cook-off	vehicle_destruction		bvp/src/generated/resources/data/berts_vehicle_pack/sbw/vehicles/saab_29_tunnan.json	160	13	DestroyInfo particle=Giant; keepBlock; SympatheticDetonation
berts_vehicle_pack:saab_29_tunnan/CannonLeftLower	AKAN47C AIR GAME	autocannon_he	20	bvp/src/generated/resources/data/berts_vehicle_pack/sbw/vehicles/saab_29_tunnan.json	0	3.3333	Weapons.CannonLeftLower; proj=superbwarfare:small_cannon_shell; profile=berts_vehicle_pack:aircraft_rounds/akan47c/akan47c_air_game; round=berts_vehicle_pack:akan47c_air_game; hdc=HE; shell=HE; direct=166.667; FX_ONLY(ED=0); mount_scale=0.5
berts_vehicle_pack:saab_29_tunnan/CannonLeftLower[AmmoType[0]]	Air Belt	autocannon_he	20	bvp/src/generated/resources/data/berts_vehicle_pack/sbw/vehicles/saab_29_tunnan.json	0	3.3333	Weapons.CannonLeftLower.AmmoType[0].Override; proj=superbwarfare:small_cannon_shell; profile=berts_vehicle_pack:aircraft_rounds/akan47c/akan47c_air_game; round=berts_vehicle_pack:akan47c_air_game; hdc=HE; shell=HE; direct=166.667; FX_ONLY(ED=0); mount_scale=0.5
berts_vehicle_pack:saab_29_tunnan/CannonLeftUpper	AKAN47C AIR GAME	autocannon_he	20	bvp/src/generated/resources/data/berts_vehicle_pack/sbw/vehicles/saab_29_tunnan.json	0	3.3333	Weapons.CannonLeftUpper; proj=superbwarfare:small_cannon_shell; profile=berts_vehicle_pack:aircraft_rounds/akan47c/akan47c_air_game; round=berts_vehicle_pack:akan47c_air_game; hdc=HE; shell=HE; direct=166.667; FX_ONLY(ED=0); mount_scale=0.5
berts_vehicle_pack:saab_29_tunnan/CannonLeftUpper[AmmoType[0]]	Air Belt	autocannon_he	20	bvp/src/generated/resources/data/berts_vehicle_pack/sbw/vehicles/saab_29_tunnan.json	0	3.3333	Weapons.CannonLeftUpper.AmmoType[0].Override; proj=superbwarfare:small_cannon_shell; profile=berts_vehicle_pack:aircraft_rounds/akan47c/akan47c_air_game; round=berts_vehicle_pack:akan47c_air_game; hdc=HE; shell=HE; direct=166.667; FX_ONLY(ED=0); mount_scale=0.5
berts_vehicle_pack:saab_29_tunnan/CannonRightLower	AKAN47C AIR GAME	autocannon_he	20	bvp/src/generated/resources/data/berts_vehicle_pack/sbw/vehicles/saab_29_tunnan.json	0	3.3333	Weapons.CannonRightLower; proj=superbwarfare:small_cannon_shell; profile=berts_vehicle_pack:aircraft_rounds/akan47c/akan47c_air_game; round=berts_vehicle_pack:akan47c_air_game; hdc=HE; shell=HE; direct=166.667; FX_ONLY(ED=0); mount_scale=0.5
berts_vehicle_pack:saab_29_tunnan/CannonRightLower[AmmoType[0]]	Air Belt	autocannon_he	20	bvp/src/generated/resources/data/berts_vehicle_pack/sbw/vehicles/saab_29_tunnan.json	0	3.3333	Weapons.CannonRightLower.AmmoType[0].Override; proj=superbwarfare:small_cannon_shell; profile=berts_vehicle_pack:aircraft_rounds/akan47c/akan47c_air_game; round=berts_vehicle_pack:akan47c_air_game; hdc=HE; shell=HE; direct=166.667; FX_ONLY(ED=0); mount_scale=0.5
berts_vehicle_pack:saab_29_tunnan/CannonRightUpper	AKAN47C AIR GAME	autocannon_he	20	bvp/src/generated/resources/data/berts_vehicle_pack/sbw/vehicles/saab_29_tunnan.json	0	3.3333	Weapons.CannonRightUpper; proj=superbwarfare:small_cannon_shell; profile=berts_vehicle_pack:aircraft_rounds/akan47c/akan47c_air_game; round=berts_vehicle_pack:akan47c_air_game; hdc=HE; shell=HE; direct=166.667; FX_ONLY(ED=0); mount_scale=0.5
berts_vehicle_pack:saab_29_tunnan/CannonRightUpper[AmmoType[0]]	Air Belt	autocannon_he	20	bvp/src/generated/resources/data/berts_vehicle_pack/sbw/vehicles/saab_29_tunnan.json	0	3.3333	Weapons.CannonRightUpper.AmmoType[0].Override; proj=superbwarfare:small_cannon_shell; profile=berts_vehicle_pack:aircraft_rounds/akan47c/akan47c_air_game; round=berts_vehicle_pack:akan47c_air_game; hdc=HE; shell=HE; direct=166.667; FX_ONLY(ED=0); mount_scale=0.5
berts_vehicle_pack:saab_32_lansen#destroy	saab_32_lansen destruction / cook-off	vehicle_destruction		bvp/src/generated/resources/data/berts_vehicle_pack/sbw/vehicles/saab_32_lansen.json	160	13	DestroyInfo particle=Giant; keepBlock; SympatheticDetonation
berts_vehicle_pack:saab_32_lansen/CannonLeftOuter	AKAN55 AIR GAME	autocannon_he	30	bvp/src/generated/resources/data/berts_vehicle_pack/sbw/vehicles/saab_32_lansen.json	0	5	Weapons.CannonLeftOuter; proj=superbwarfare:small_cannon_shell; profile=berts_vehicle_pack:aircraft_rounds/akan55/akan55_air_game; round=berts_vehicle_pack:akan55_air_game; hdc=HE; shell=HE; direct=250; FX_ONLY(ED=0); mount_scale=0.5
berts_vehicle_pack:saab_32_lansen/CannonLeftOuter[AmmoType[0]]	Air Belt	autocannon_he	30	bvp/src/generated/resources/data/berts_vehicle_pack/sbw/vehicles/saab_32_lansen.json	0	5	Weapons.CannonLeftOuter.AmmoType[0].Override; proj=superbwarfare:small_cannon_shell; profile=berts_vehicle_pack:aircraft_rounds/akan55/akan55_air_game; round=berts_vehicle_pack:akan55_air_game; hdc=HE; shell=HE; direct=250; FX_ONLY(ED=0); mount_scale=0.5
berts_vehicle_pack:saab_32_lansen/CannonLeftInner	AKAN55 AIR GAME	autocannon_he	30	bvp/src/generated/resources/data/berts_vehicle_pack/sbw/vehicles/saab_32_lansen.json	0	5	Weapons.CannonLeftInner; proj=superbwarfare:small_cannon_shell; profile=berts_vehicle_pack:aircraft_rounds/akan55/akan55_air_game; round=berts_vehicle_pack:akan55_air_game; hdc=HE; shell=HE; direct=250; FX_ONLY(ED=0); mount_scale=0.5
berts_vehicle_pack:saab_32_lansen/CannonLeftInner[AmmoType[0]]	Air Belt	autocannon_he	30	bvp/src/generated/resources/data/berts_vehicle_pack/sbw/vehicles/saab_32_lansen.json	0	5	Weapons.CannonLeftInner.AmmoType[0].Override; proj=superbwarfare:small_cannon_shell; profile=berts_vehicle_pack:aircraft_rounds/akan55/akan55_air_game; round=berts_vehicle_pack:akan55_air_game; hdc=HE; shell=HE; direct=250; FX_ONLY(ED=0); mount_scale=0.5
berts_vehicle_pack:saab_32_lansen/CannonRightOuter	AKAN55 AIR GAME	autocannon_he	30	bvp/src/generated/resources/data/berts_vehicle_pack/sbw/vehicles/saab_32_lansen.json	0	5	Weapons.CannonRightOuter; proj=superbwarfare:small_cannon_shell; profile=berts_vehicle_pack:aircraft_rounds/akan55/akan55_air_game; round=berts_vehicle_pack:akan55_air_game; hdc=HE; shell=HE; direct=250; FX_ONLY(ED=0); mount_scale=0.5
berts_vehicle_pack:saab_32_lansen/CannonRightOuter[AmmoType[0]]	Air Belt	autocannon_he	30	bvp/src/generated/resources/data/berts_vehicle_pack/sbw/vehicles/saab_32_lansen.json	0	5	Weapons.CannonRightOuter.AmmoType[0].Override; proj=superbwarfare:small_cannon_shell; profile=berts_vehicle_pack:aircraft_rounds/akan55/akan55_air_game; round=berts_vehicle_pack:akan55_air_game; hdc=HE; shell=HE; direct=250; FX_ONLY(ED=0); mount_scale=0.5
berts_vehicle_pack:saab_32_lansen/CannonRightInner	AKAN55 AIR GAME	autocannon_he	30	bvp/src/generated/resources/data/berts_vehicle_pack/sbw/vehicles/saab_32_lansen.json	0	5	Weapons.CannonRightInner; proj=superbwarfare:small_cannon_shell; profile=berts_vehicle_pack:aircraft_rounds/akan55/akan55_air_game; round=berts_vehicle_pack:akan55_air_game; hdc=HE; shell=HE; direct=250; FX_ONLY(ED=0); mount_scale=0.5
berts_vehicle_pack:saab_32_lansen/CannonRightInner[AmmoType[0]]	Air Belt	autocannon_he	30	bvp/src/generated/resources/data/berts_vehicle_pack/sbw/vehicles/saab_32_lansen.json	0	5	Weapons.CannonRightInner.AmmoType[0].Override; proj=superbwarfare:small_cannon_shell; profile=berts_vehicle_pack:aircraft_rounds/akan55/akan55_air_game; round=berts_vehicle_pack:akan55_air_game; hdc=HE; shell=HE; direct=250; FX_ONLY(ED=0); mount_scale=0.5
berts_vehicle_pack:saab_35_draken#destroy	saab_35_draken destruction / cook-off	vehicle_destruction		bvp/src/generated/resources/data/berts_vehicle_pack/sbw/vehicles/saab_35_draken.json	160	13	DestroyInfo particle=Giant; keepBlock; SympatheticDetonation
berts_vehicle_pack:saab_35_draken/CannonLeft	AKAN55 AIR GAME	autocannon_he	30	bvp/src/generated/resources/data/berts_vehicle_pack/sbw/vehicles/saab_35_draken.json	0	5	Weapons.CannonLeft; proj=superbwarfare:small_cannon_shell; profile=berts_vehicle_pack:aircraft_rounds/akan55/akan55_air_game; round=berts_vehicle_pack:akan55_air_game; hdc=HE; shell=HE; direct=250; FX_ONLY(ED=0); mount_scale=0.5
berts_vehicle_pack:saab_35_draken/CannonLeft[AmmoType[0]]	Air Belt	autocannon_he	30	bvp/src/generated/resources/data/berts_vehicle_pack/sbw/vehicles/saab_35_draken.json	0	5	Weapons.CannonLeft.AmmoType[0].Override; proj=superbwarfare:small_cannon_shell; profile=berts_vehicle_pack:aircraft_rounds/akan55/akan55_air_game; round=berts_vehicle_pack:akan55_air_game; hdc=HE; shell=HE; direct=250; FX_ONLY(ED=0); mount_scale=0.5
berts_vehicle_pack:saab_35_draken/CannonRight	AKAN55 AIR GAME	autocannon_he	30	bvp/src/generated/resources/data/berts_vehicle_pack/sbw/vehicles/saab_35_draken.json	0	5	Weapons.CannonRight; proj=superbwarfare:small_cannon_shell; profile=berts_vehicle_pack:aircraft_rounds/akan55/akan55_air_game; round=berts_vehicle_pack:akan55_air_game; hdc=HE; shell=HE; direct=250; FX_ONLY(ED=0); mount_scale=0.5
berts_vehicle_pack:saab_35_draken/CannonRight[AmmoType[0]]	Air Belt	autocannon_he	30	bvp/src/generated/resources/data/berts_vehicle_pack/sbw/vehicles/saab_35_draken.json	0	5	Weapons.CannonRight.AmmoType[0].Override; proj=superbwarfare:small_cannon_shell; profile=berts_vehicle_pack:aircraft_rounds/akan55/akan55_air_game; round=berts_vehicle_pack:akan55_air_game; hdc=HE; shell=HE; direct=250; FX_ONLY(ED=0); mount_scale=0.5
berts_vehicle_pack:saab_37_viggen#destroy	saab_37_viggen destruction / cook-off	vehicle_destruction		bvp/src/generated/resources/data/berts_vehicle_pack/sbw/vehicles/saab_37_viggen.json	160	13	DestroyInfo particle=Giant; keepBlock; SympatheticDetonation
berts_vehicle_pack:saab_37_viggen/VentralCannon	KCA AKAN75 AIR GAME	autocannon_he	30	bvp/src/generated/resources/data/berts_vehicle_pack/sbw/vehicles/saab_37_viggen.json	0	5	Weapons.VentralCannon; proj=superbwarfare:small_cannon_shell; profile=berts_vehicle_pack:aircraft_rounds/kca_akan75/kca_akan75_air_game; round=berts_vehicle_pack:kca_akan75_air_game; hdc=HE; shell=HE; direct=250; FX_ONLY(ED=0); mount_scale=0.5
berts_vehicle_pack:saab_37_viggen/VentralCannon[AmmoType[0]]	Air Belt	autocannon_he	30	bvp/src/generated/resources/data/berts_vehicle_pack/sbw/vehicles/saab_37_viggen.json	0	5	Weapons.VentralCannon.AmmoType[0].Override; proj=superbwarfare:small_cannon_shell; profile=berts_vehicle_pack:aircraft_rounds/kca_akan75/kca_akan75_air_game; round=berts_vehicle_pack:kca_akan75_air_game; hdc=HE; shell=HE; direct=250; FX_ONLY(ED=0); mount_scale=0.5
berts_vehicle_pack:saab_j_21a_1#destroy	saab_j_21a_1 destruction / cook-off	vehicle_destruction		bvp/src/generated/resources/data/berts_vehicle_pack/sbw/vehicles/saab_j_21a_1.json	160	13	DestroyInfo particle=Giant; keepBlock; SympatheticDetonation
berts_vehicle_pack:saab_j_21a_1/Cannon	AKAN41A AIR GAME	autocannon_he	20	bvp/src/generated/resources/data/berts_vehicle_pack/sbw/vehicles/saab_j_21a_1.json	0	3.3333	Weapons.Cannon; proj=superbwarfare:small_cannon_shell; profile=berts_vehicle_pack:aircraft_rounds/akan41a/akan41a_air_game; round=berts_vehicle_pack:akan41a_air_game; hdc=HE; shell=HE; direct=166.667; FX_ONLY(ED=0); mount_scale=0.5
berts_vehicle_pack:saab_j_21a_1/Cannon[AmmoType[0]]	Air Belt	autocannon_he	20	bvp/src/generated/resources/data/berts_vehicle_pack/sbw/vehicles/saab_j_21a_1.json	0	3.3333	Weapons.Cannon.AmmoType[0].Override; proj=superbwarfare:small_cannon_shell; profile=berts_vehicle_pack:aircraft_rounds/akan41a/akan41a_air_game; round=berts_vehicle_pack:akan41a_air_game; hdc=HE; shell=HE; direct=166.667; FX_ONLY(ED=0); mount_scale=0.5
berts_vehicle_pack:saab_j_21a_1/MachineGunNoseLeft	AKAN39A AIR GAME	bullet_he	13.2	bvp/src/generated/resources/data/berts_vehicle_pack/sbw/vehicles/saab_j_21a_1.json	0	1.8714	Weapons.MachineGunNoseLeft; proj=superbwarfare:projectile; profile=berts_vehicle_pack:aircraft_rounds/akan39a/akan39a_air_game; round=berts_vehicle_pack:akan39a_air_game; hdc=HE; shell=HE; direct=93.5684; FX_ONLY(ED=0); mount_scale=1
berts_vehicle_pack:saab_j_21a_1/MachineGunNoseLeft[AmmoType[0]]	Air Belt	bullet_he	13.2	bvp/src/generated/resources/data/berts_vehicle_pack/sbw/vehicles/saab_j_21a_1.json	0	1.8714	Weapons.MachineGunNoseLeft.AmmoType[0].Override; proj=superbwarfare:projectile; profile=berts_vehicle_pack:aircraft_rounds/akan39a/akan39a_air_game; round=berts_vehicle_pack:akan39a_air_game; hdc=HE; shell=HE; direct=93.5684; FX_ONLY(ED=0); mount_scale=1
berts_vehicle_pack:saab_j_21a_1/MachineGunNoseRight	AKAN39A AIR GAME	bullet_he	13.2	bvp/src/generated/resources/data/berts_vehicle_pack/sbw/vehicles/saab_j_21a_1.json	0	1.8714	Weapons.MachineGunNoseRight; proj=superbwarfare:projectile; profile=berts_vehicle_pack:aircraft_rounds/akan39a/akan39a_air_game; round=berts_vehicle_pack:akan39a_air_game; hdc=HE; shell=HE; direct=93.5684; FX_ONLY(ED=0); mount_scale=1
berts_vehicle_pack:saab_j_21a_1/MachineGunNoseRight[AmmoType[0]]	Air Belt	bullet_he	13.2	bvp/src/generated/resources/data/berts_vehicle_pack/sbw/vehicles/saab_j_21a_1.json	0	1.8714	Weapons.MachineGunNoseRight.AmmoType[0].Override; proj=superbwarfare:projectile; profile=berts_vehicle_pack:aircraft_rounds/akan39a/akan39a_air_game; round=berts_vehicle_pack:akan39a_air_game; hdc=HE; shell=HE; direct=93.5684; FX_ONLY(ED=0); mount_scale=1
berts_vehicle_pack:saab_j_21a_1/MachineGunBoomLeft	AKAN39A AIR GAME	bullet_he	13.2	bvp/src/generated/resources/data/berts_vehicle_pack/sbw/vehicles/saab_j_21a_1.json	0	1.8714	Weapons.MachineGunBoomLeft; proj=superbwarfare:projectile; profile=berts_vehicle_pack:aircraft_rounds/akan39a/akan39a_air_game; round=berts_vehicle_pack:akan39a_air_game; hdc=HE; shell=HE; direct=93.5684; FX_ONLY(ED=0); mount_scale=1
berts_vehicle_pack:saab_j_21a_1/MachineGunBoomLeft[AmmoType[0]]	Air Belt	bullet_he	13.2	bvp/src/generated/resources/data/berts_vehicle_pack/sbw/vehicles/saab_j_21a_1.json	0	1.8714	Weapons.MachineGunBoomLeft.AmmoType[0].Override; proj=superbwarfare:projectile; profile=berts_vehicle_pack:aircraft_rounds/akan39a/akan39a_air_game; round=berts_vehicle_pack:akan39a_air_game; hdc=HE; shell=HE; direct=93.5684; FX_ONLY(ED=0); mount_scale=1
berts_vehicle_pack:saab_j_21a_1/MachineGunBoomRight	AKAN39A AIR GAME	bullet_he	13.2	bvp/src/generated/resources/data/berts_vehicle_pack/sbw/vehicles/saab_j_21a_1.json	0	1.8714	Weapons.MachineGunBoomRight; proj=superbwarfare:projectile; profile=berts_vehicle_pack:aircraft_rounds/akan39a/akan39a_air_game; round=berts_vehicle_pack:akan39a_air_game; hdc=HE; shell=HE; direct=93.5684; FX_ONLY(ED=0); mount_scale=1
berts_vehicle_pack:saab_j_21a_1/MachineGunBoomRight[AmmoType[0]]	Air Belt	bullet_he	13.2	bvp/src/generated/resources/data/berts_vehicle_pack/sbw/vehicles/saab_j_21a_1.json	0	1.8714	Weapons.MachineGunBoomRight.AmmoType[0].Override; proj=superbwarfare:projectile; profile=berts_vehicle_pack:aircraft_rounds/akan39a/akan39a_air_game; round=berts_vehicle_pack:akan39a_air_game; hdc=HE; shell=HE; direct=93.5684; FX_ONLY(ED=0); mount_scale=1
berts_vehicle_pack:saab_jas_39_gripen#destroy	saab_jas_39_gripen destruction / cook-off	vehicle_destruction		bvp/src/generated/resources/data/berts_vehicle_pack/sbw/vehicles/saab_jas_39_gripen.json	160	13	DestroyInfo particle=Giant; keepBlock; SympatheticDetonation
berts_vehicle_pack:saab_jas_39_gripen/Cannon	BK27 AIR GAME	autocannon_he	27	bvp/src/generated/resources/data/berts_vehicle_pack/sbw/vehicles/saab_jas_39_gripen.json	0	4.5	Weapons.Cannon; proj=superbwarfare:small_cannon_shell; profile=berts_vehicle_pack:aircraft_rounds/bk27/bk27_air_game; round=berts_vehicle_pack:bk27_air_game; hdc=HE; shell=HE; direct=225; FX_ONLY(ED=0); mount_scale=0.5
berts_vehicle_pack:saab_jas_39_gripen/Cannon[AmmoType[0]]	Air Belt	autocannon_he	27	bvp/src/generated/resources/data/berts_vehicle_pack/sbw/vehicles/saab_jas_39_gripen.json	0	4.5	Weapons.Cannon.AmmoType[0].Override; proj=superbwarfare:small_cannon_shell; profile=berts_vehicle_pack:aircraft_rounds/bk27/bk27_air_game; round=berts_vehicle_pack:bk27_air_game; hdc=HE; shell=HE; direct=225; FX_ONLY(ED=0); mount_scale=0.5
berts_vehicle_pack:sabre_mk_6#destroy	sabre_mk_6 destruction / cook-off	vehicle_destruction		bvp/src/generated/resources/data/berts_vehicle_pack/sbw/vehicles/sabre_mk_6.json	160	13	DestroyInfo particle=Giant; keepBlock; SympatheticDetonation
berts_vehicle_pack:sabre_mk_6/Gun1	M3 AIR AIR GAME	bullet_he	12.7	bvp/src/generated/resources/data/berts_vehicle_pack/sbw/vehicles/sabre_mk_6.json	0	1.6667	Weapons.Gun1; proj=superbwarfare:projectile; profile=berts_vehicle_pack:aircraft_rounds/m3_air/m3_air_air_game; round=berts_vehicle_pack:m3_air_air_game; hdc=HE; shell=HE; direct=83.3333; FX_ONLY(ED=0); mount_scale=0.33
berts_vehicle_pack:sabre_mk_6/Gun1[AmmoType[0]]	Air Belt	bullet_he	12.7	bvp/src/generated/resources/data/berts_vehicle_pack/sbw/vehicles/sabre_mk_6.json	0	1.6667	Weapons.Gun1.AmmoType[0].Override; proj=superbwarfare:projectile; profile=berts_vehicle_pack:aircraft_rounds/m3_air/m3_air_air_game; round=berts_vehicle_pack:m3_air_air_game; hdc=HE; shell=HE; direct=83.3333; FX_ONLY(ED=0); mount_scale=0.33
berts_vehicle_pack:sabre_mk_6/Gun2	M3 AIR AIR GAME	bullet_he	12.7	bvp/src/generated/resources/data/berts_vehicle_pack/sbw/vehicles/sabre_mk_6.json	0	1.6667	Weapons.Gun2; proj=superbwarfare:projectile; profile=berts_vehicle_pack:aircraft_rounds/m3_air/m3_air_air_game; round=berts_vehicle_pack:m3_air_air_game; hdc=HE; shell=HE; direct=83.3333; FX_ONLY(ED=0); mount_scale=0.33
berts_vehicle_pack:sabre_mk_6/Gun2[AmmoType[0]]	Air Belt	bullet_he	12.7	bvp/src/generated/resources/data/berts_vehicle_pack/sbw/vehicles/sabre_mk_6.json	0	1.6667	Weapons.Gun2.AmmoType[0].Override; proj=superbwarfare:projectile; profile=berts_vehicle_pack:aircraft_rounds/m3_air/m3_air_air_game; round=berts_vehicle_pack:m3_air_air_game; hdc=HE; shell=HE; direct=83.3333; FX_ONLY(ED=0); mount_scale=0.33
berts_vehicle_pack:sabre_mk_6/Gun3	M3 AIR AIR GAME	bullet_he	12.7	bvp/src/generated/resources/data/berts_vehicle_pack/sbw/vehicles/sabre_mk_6.json	0	1.6667	Weapons.Gun3; proj=superbwarfare:projectile; profile=berts_vehicle_pack:aircraft_rounds/m3_air/m3_air_air_game; round=berts_vehicle_pack:m3_air_air_game; hdc=HE; shell=HE; direct=83.3333; FX_ONLY(ED=0); mount_scale=0.33
berts_vehicle_pack:sabre_mk_6/Gun3[AmmoType[0]]	Air Belt	bullet_he	12.7	bvp/src/generated/resources/data/berts_vehicle_pack/sbw/vehicles/sabre_mk_6.json	0	1.6667	Weapons.Gun3.AmmoType[0].Override; proj=superbwarfare:projectile; profile=berts_vehicle_pack:aircraft_rounds/m3_air/m3_air_air_game; round=berts_vehicle_pack:m3_air_air_game; hdc=HE; shell=HE; direct=83.3333; FX_ONLY(ED=0); mount_scale=0.33
berts_vehicle_pack:sabre_mk_6/Gun4	M3 AIR AIR GAME	bullet_he	12.7	bvp/src/generated/resources/data/berts_vehicle_pack/sbw/vehicles/sabre_mk_6.json	0	1.6667	Weapons.Gun4; proj=superbwarfare:projectile; profile=berts_vehicle_pack:aircraft_rounds/m3_air/m3_air_air_game; round=berts_vehicle_pack:m3_air_air_game; hdc=HE; shell=HE; direct=83.3333; FX_ONLY(ED=0); mount_scale=0.33
berts_vehicle_pack:sabre_mk_6/Gun4[AmmoType[0]]	Air Belt	bullet_he	12.7	bvp/src/generated/resources/data/berts_vehicle_pack/sbw/vehicles/sabre_mk_6.json	0	1.6667	Weapons.Gun4.AmmoType[0].Override; proj=superbwarfare:projectile; profile=berts_vehicle_pack:aircraft_rounds/m3_air/m3_air_air_game; round=berts_vehicle_pack:m3_air_air_game; hdc=HE; shell=HE; direct=83.3333; FX_ONLY(ED=0); mount_scale=0.33
berts_vehicle_pack:sabre_mk_6/Gun5	M3 AIR AIR GAME	bullet_he	12.7	bvp/src/generated/resources/data/berts_vehicle_pack/sbw/vehicles/sabre_mk_6.json	0	1.6667	Weapons.Gun5; proj=superbwarfare:projectile; profile=berts_vehicle_pack:aircraft_rounds/m3_air/m3_air_air_game; round=berts_vehicle_pack:m3_air_air_game; hdc=HE; shell=HE; direct=83.3333; FX_ONLY(ED=0); mount_scale=0.33
berts_vehicle_pack:sabre_mk_6/Gun5[AmmoType[0]]	Air Belt	bullet_he	12.7	bvp/src/generated/resources/data/berts_vehicle_pack/sbw/vehicles/sabre_mk_6.json	0	1.6667	Weapons.Gun5.AmmoType[0].Override; proj=superbwarfare:projectile; profile=berts_vehicle_pack:aircraft_rounds/m3_air/m3_air_air_game; round=berts_vehicle_pack:m3_air_air_game; hdc=HE; shell=HE; direct=83.3333; FX_ONLY(ED=0); mount_scale=0.33
berts_vehicle_pack:sabre_mk_6/Gun6	M3 AIR AIR GAME	bullet_he	12.7	bvp/src/generated/resources/data/berts_vehicle_pack/sbw/vehicles/sabre_mk_6.json	0	1.6667	Weapons.Gun6; proj=superbwarfare:projectile; profile=berts_vehicle_pack:aircraft_rounds/m3_air/m3_air_air_game; round=berts_vehicle_pack:m3_air_air_game; hdc=HE; shell=HE; direct=83.3333; FX_ONLY(ED=0); mount_scale=0.33
berts_vehicle_pack:sabre_mk_6/Gun6[AmmoType[0]]	Air Belt	bullet_he	12.7	bvp/src/generated/resources/data/berts_vehicle_pack/sbw/vehicles/sabre_mk_6.json	0	1.6667	Weapons.Gun6.AmmoType[0].Override; proj=superbwarfare:projectile; profile=berts_vehicle_pack:aircraft_rounds/m3_air/m3_air_air_game; round=berts_vehicle_pack:m3_air_air_game; hdc=HE; shell=HE; direct=83.3333; FX_ONLY(ED=0); mount_scale=0.33
berts_vehicle_pack:spg9_tripod#destroy	spg9_tripod destruction / cook-off	vehicle_destruction		bvp/src/generated/resources/data/berts_vehicle_pack/sbw/vehicles/spg9_tripod.json	6	0.75	DestroyInfo particle=Mini; keepBlock
berts_vehicle_pack:spg9_tripod/Cannon	PG-9 HEAT-FS	tank_shell_heat_fs	73	bvp/src/generated/resources/data/berts_vehicle_pack/sbw/vehicles/spg9_tripod.json	85	4	Weapons.Cannon; proj=superbwarfare:cannon_shell; profile=berts_vehicle_pack:spg9_tripod/cannon/default; round=berts_vehicle_pack:pg9; hdc=HEAT_FS; shell=AP; direct=360
berts_vehicle_pack:spg9_tripod/Cannon[AmmoType[0]]	PG-9 HEAT-FS	tank_shell_heat_fs	73	bvp/src/generated/resources/data/berts_vehicle_pack/sbw/vehicles/spg9_tripod.json	85	4	Weapons.Cannon.AmmoType[0].Override; proj=superbwarfare:cannon_shell; profile=berts_vehicle_pack:spg9_tripod/cannon/default; round=berts_vehicle_pack:pg9; hdc=HEAT_FS; shell=AP; direct=360
berts_vehicle_pack:spg9_tripod/Cannon[AmmoType[1]]	HE SHELL	tank_shell_he	73	bvp/src/generated/resources/data/berts_vehicle_pack/sbw/vehicles/spg9_tripod.json	135	6	Weapons.Cannon.AmmoType[1].Override; proj=superbwarfare:cannon_shell; profile=berts_vehicle_pack:spg9_tripod/cannon/ammo_01_og9; round=berts_vehicle_pack:og9; hdc=HE; shell=HE; direct=150
berts_vehicle_pack:stug_iii#destroy	stug_iii destruction / cook-off	vehicle_destruction		bvp/src/generated/resources/data/berts_vehicle_pack/sbw/vehicles/stug_iii.json	160	13	DestroyInfo particle=Giant; keepBlock; SympatheticDetonation
berts_vehicle_pack:stug_iii/Cannon	PZGR39 APCBC	tank_shell_apfsds	75	bvp/src/generated/resources/data/berts_vehicle_pack/sbw/vehicles/stug_iii.json	80	4	Weapons.Cannon; proj=superbwarfare:cannon_shell; profile=berts_vehicle_pack:stug_iii/cannon/default; round=berts_vehicle_pack:pzgr39_apcbc; hdc=APFSDS; shell=AP; direct=620; KINETIC_WITH_BLAST
berts_vehicle_pack:stug_iii/Cannon[AmmoType[0]]	PZGR39 APCBC	tank_shell_apfsds	75	bvp/src/generated/resources/data/berts_vehicle_pack/sbw/vehicles/stug_iii.json	80	4	Weapons.Cannon.AmmoType[0].Override; proj=superbwarfare:cannon_shell; profile=berts_vehicle_pack:stug_iii/cannon/ammo_00_pzgr39_apcbc; round=berts_vehicle_pack:pzgr39_apcbc; hdc=APFSDS; shell=AP; direct=620; KINETIC_WITH_BLAST
berts_vehicle_pack:su_17#destroy	su_17 destruction / cook-off	vehicle_destruction		bvp/src/generated/resources/data/berts_vehicle_pack/sbw/vehicles/su_17.json	160	13	DestroyInfo particle=Giant; keepBlock; SympatheticDetonation
berts_vehicle_pack:su_17/CannonLeft	NR30 AIR GAME	autocannon_he	30	bvp/src/generated/resources/data/berts_vehicle_pack/sbw/vehicles/su_17.json	0	5	Weapons.CannonLeft; proj=superbwarfare:small_cannon_shell; profile=berts_vehicle_pack:aircraft_rounds/nr30/nr30_air_game; round=berts_vehicle_pack:nr30_air_game; hdc=HE; shell=HE; direct=250; FX_ONLY(ED=0); mount_scale=0.5
berts_vehicle_pack:su_17/CannonLeft[AmmoType[0]]	Air Belt	autocannon_he	30	bvp/src/generated/resources/data/berts_vehicle_pack/sbw/vehicles/su_17.json	0	5	Weapons.CannonLeft.AmmoType[0].Override; proj=superbwarfare:small_cannon_shell; profile=berts_vehicle_pack:aircraft_rounds/nr30/nr30_air_game; round=berts_vehicle_pack:nr30_air_game; hdc=HE; shell=HE; direct=250; FX_ONLY(ED=0); mount_scale=0.5
berts_vehicle_pack:su_17/CannonRight	NR30 AIR GAME	autocannon_he	30	bvp/src/generated/resources/data/berts_vehicle_pack/sbw/vehicles/su_17.json	0	5	Weapons.CannonRight; proj=superbwarfare:small_cannon_shell; profile=berts_vehicle_pack:aircraft_rounds/nr30/nr30_air_game; round=berts_vehicle_pack:nr30_air_game; hdc=HE; shell=HE; direct=250; FX_ONLY(ED=0); mount_scale=0.5
berts_vehicle_pack:su_17/CannonRight[AmmoType[0]]	Air Belt	autocannon_he	30	bvp/src/generated/resources/data/berts_vehicle_pack/sbw/vehicles/su_17.json	0	5	Weapons.CannonRight.AmmoType[0].Override; proj=superbwarfare:small_cannon_shell; profile=berts_vehicle_pack:aircraft_rounds/nr30/nr30_air_game; round=berts_vehicle_pack:nr30_air_game; hdc=HE; shell=HE; direct=250; FX_ONLY(ED=0); mount_scale=0.5
berts_vehicle_pack:su_25#destroy	su_25 destruction / cook-off	vehicle_destruction		bvp/src/generated/resources/data/berts_vehicle_pack/sbw/vehicles/su_25.json	160	13	DestroyInfo particle=Giant; keepBlock; SympatheticDetonation
berts_vehicle_pack:su_25/Cannon	GSH302 AIR GAME	autocannon_he	30	bvp/src/generated/resources/data/berts_vehicle_pack/sbw/vehicles/su_25.json	0	5	Weapons.Cannon; proj=superbwarfare:small_cannon_shell; profile=berts_vehicle_pack:aircraft_rounds/gsh302/gsh302_air_game; round=berts_vehicle_pack:gsh302_air_game; hdc=HE; shell=HE; direct=250; FX_ONLY(ED=0); mount_scale=0.5
berts_vehicle_pack:su_25/Cannon[AmmoType[0]]	Air Belt	autocannon_he	30	bvp/src/generated/resources/data/berts_vehicle_pack/sbw/vehicles/su_25.json	0	5	Weapons.Cannon.AmmoType[0].Override; proj=superbwarfare:small_cannon_shell; profile=berts_vehicle_pack:aircraft_rounds/gsh302/gsh302_air_game; round=berts_vehicle_pack:gsh302_air_game; hdc=HE; shell=HE; direct=250; FX_ONLY(ED=0); mount_scale=0.5
berts_vehicle_pack:su_25/S8KOPylon1	S8KO	rocket_heat	80	bvp/src/generated/resources/data/berts_vehicle_pack/sbw/vehicles/su_25.json	0	6	Weapons.S8KOPylon1; proj=berts_vehicle_pack:s8ko_rocket; profile=berts_vehicle_pack:aircraft_rockets/s8ko; round=berts_vehicle_pack:s8ko; hdc=HEAT; shell=HEAT; direct=100; FX_ONLY(ED=0)
berts_vehicle_pack:su_25/S8KOPylon1[AmmoType[0]]	S8KO	rocket_heat	80	bvp/src/generated/resources/data/berts_vehicle_pack/sbw/vehicles/su_25.json	0	6	Weapons.S8KOPylon1.AmmoType[0].Override; proj=berts_vehicle_pack:s8ko_rocket; profile=berts_vehicle_pack:aircraft_rockets/s8ko; round=berts_vehicle_pack:s8ko; hdc=HEAT; shell=HEAT; direct=100; FX_ONLY(ED=0)
berts_vehicle_pack:su_25/S8KOPylon2	S8KO	rocket_heat	80	bvp/src/generated/resources/data/berts_vehicle_pack/sbw/vehicles/su_25.json	0	6	Weapons.S8KOPylon2; proj=berts_vehicle_pack:s8ko_rocket; profile=berts_vehicle_pack:aircraft_rockets/s8ko; round=berts_vehicle_pack:s8ko; hdc=HEAT; shell=HEAT; direct=100; FX_ONLY(ED=0)
berts_vehicle_pack:su_25/S8KOPylon2[AmmoType[0]]	S8KO	rocket_heat	80	bvp/src/generated/resources/data/berts_vehicle_pack/sbw/vehicles/su_25.json	0	6	Weapons.S8KOPylon2.AmmoType[0].Override; proj=berts_vehicle_pack:s8ko_rocket; profile=berts_vehicle_pack:aircraft_rockets/s8ko; round=berts_vehicle_pack:s8ko; hdc=HEAT; shell=HEAT; direct=100; FX_ONLY(ED=0)
berts_vehicle_pack:su_25/S8KOPylon3	S8KO	rocket_heat	80	bvp/src/generated/resources/data/berts_vehicle_pack/sbw/vehicles/su_25.json	0	6	Weapons.S8KOPylon3; proj=berts_vehicle_pack:s8ko_rocket; profile=berts_vehicle_pack:aircraft_rockets/s8ko; round=berts_vehicle_pack:s8ko; hdc=HEAT; shell=HEAT; direct=100; FX_ONLY(ED=0)
berts_vehicle_pack:su_25/S8KOPylon3[AmmoType[0]]	S8KO	rocket_heat	80	bvp/src/generated/resources/data/berts_vehicle_pack/sbw/vehicles/su_25.json	0	6	Weapons.S8KOPylon3.AmmoType[0].Override; proj=berts_vehicle_pack:s8ko_rocket; profile=berts_vehicle_pack:aircraft_rockets/s8ko; round=berts_vehicle_pack:s8ko; hdc=HEAT; shell=HEAT; direct=100; FX_ONLY(ED=0)
berts_vehicle_pack:su_25/S8KOPylon4	S8KO	rocket_heat	80	bvp/src/generated/resources/data/berts_vehicle_pack/sbw/vehicles/su_25.json	0	6	Weapons.S8KOPylon4; proj=berts_vehicle_pack:s8ko_rocket; profile=berts_vehicle_pack:aircraft_rockets/s8ko; round=berts_vehicle_pack:s8ko; hdc=HEAT; shell=HEAT; direct=100; FX_ONLY(ED=0)
berts_vehicle_pack:su_25/S8KOPylon4[AmmoType[0]]	S8KO	rocket_heat	80	bvp/src/generated/resources/data/berts_vehicle_pack/sbw/vehicles/su_25.json	0	6	Weapons.S8KOPylon4.AmmoType[0].Override; proj=berts_vehicle_pack:s8ko_rocket; profile=berts_vehicle_pack:aircraft_rockets/s8ko; round=berts_vehicle_pack:s8ko; hdc=HEAT; shell=HEAT; direct=100; FX_ONLY(ED=0)
berts_vehicle_pack:su_25/GSh23Pylon1Left	GSH23L AIR GAME	autocannon_he	23	bvp/src/generated/resources/data/berts_vehicle_pack/sbw/vehicles/su_25.json	0	3.8333	Weapons.GSh23Pylon1Left; proj=superbwarfare:small_cannon_shell; profile=berts_vehicle_pack:aircraft_rounds/gsh23l/gsh23l_air_game; round=berts_vehicle_pack:gsh23l_air_game; hdc=HE; shell=HE; direct=191.667; FX_ONLY(ED=0); mount_scale=0.5
berts_vehicle_pack:su_25/GSh23Pylon1Left[AmmoType[0]]	Air Belt	autocannon_he	23	bvp/src/generated/resources/data/berts_vehicle_pack/sbw/vehicles/su_25.json	0	3.8333	Weapons.GSh23Pylon1Left.AmmoType[0].Override; proj=superbwarfare:small_cannon_shell; profile=berts_vehicle_pack:aircraft_rounds/gsh23l/gsh23l_air_game; round=berts_vehicle_pack:gsh23l_air_game; hdc=HE; shell=HE; direct=191.667; FX_ONLY(ED=0); mount_scale=0.5
berts_vehicle_pack:su_25/GSh23Pylon1Right	GSH23L AIR GAME	autocannon_he	23	bvp/src/generated/resources/data/berts_vehicle_pack/sbw/vehicles/su_25.json	0	3.8333	Weapons.GSh23Pylon1Right; proj=superbwarfare:small_cannon_shell; profile=berts_vehicle_pack:aircraft_rounds/gsh23l/gsh23l_air_game; round=berts_vehicle_pack:gsh23l_air_game; hdc=HE; shell=HE; direct=191.667; FX_ONLY(ED=0); mount_scale=0.5
berts_vehicle_pack:su_25/GSh23Pylon1Right[AmmoType[0]]	Air Belt	autocannon_he	23	bvp/src/generated/resources/data/berts_vehicle_pack/sbw/vehicles/su_25.json	0	3.8333	Weapons.GSh23Pylon1Right.AmmoType[0].Override; proj=superbwarfare:small_cannon_shell; profile=berts_vehicle_pack:aircraft_rounds/gsh23l/gsh23l_air_game; round=berts_vehicle_pack:gsh23l_air_game; hdc=HE; shell=HE; direct=191.667; FX_ONLY(ED=0); mount_scale=0.5
berts_vehicle_pack:su_25/GSh23Pylon2Left	GSH23L AIR GAME	autocannon_he	23	bvp/src/generated/resources/data/berts_vehicle_pack/sbw/vehicles/su_25.json	0	3.8333	Weapons.GSh23Pylon2Left; proj=superbwarfare:small_cannon_shell; profile=berts_vehicle_pack:aircraft_rounds/gsh23l/gsh23l_air_game; round=berts_vehicle_pack:gsh23l_air_game; hdc=HE; shell=HE; direct=191.667; FX_ONLY(ED=0); mount_scale=0.5
berts_vehicle_pack:su_25/GSh23Pylon2Left[AmmoType[0]]	Air Belt	autocannon_he	23	bvp/src/generated/resources/data/berts_vehicle_pack/sbw/vehicles/su_25.json	0	3.8333	Weapons.GSh23Pylon2Left.AmmoType[0].Override; proj=superbwarfare:small_cannon_shell; profile=berts_vehicle_pack:aircraft_rounds/gsh23l/gsh23l_air_game; round=berts_vehicle_pack:gsh23l_air_game; hdc=HE; shell=HE; direct=191.667; FX_ONLY(ED=0); mount_scale=0.5
berts_vehicle_pack:su_25/GSh23Pylon2Right	GSH23L AIR GAME	autocannon_he	23	bvp/src/generated/resources/data/berts_vehicle_pack/sbw/vehicles/su_25.json	0	3.8333	Weapons.GSh23Pylon2Right; proj=superbwarfare:small_cannon_shell; profile=berts_vehicle_pack:aircraft_rounds/gsh23l/gsh23l_air_game; round=berts_vehicle_pack:gsh23l_air_game; hdc=HE; shell=HE; direct=191.667; FX_ONLY(ED=0); mount_scale=0.5
berts_vehicle_pack:su_25/GSh23Pylon2Right[AmmoType[0]]	Air Belt	autocannon_he	23	bvp/src/generated/resources/data/berts_vehicle_pack/sbw/vehicles/su_25.json	0	3.8333	Weapons.GSh23Pylon2Right.AmmoType[0].Override; proj=superbwarfare:small_cannon_shell; profile=berts_vehicle_pack:aircraft_rounds/gsh23l/gsh23l_air_game; round=berts_vehicle_pack:gsh23l_air_game; hdc=HE; shell=HE; direct=191.667; FX_ONLY(ED=0); mount_scale=0.5
berts_vehicle_pack:su_25/GSh23Pylon3Left	GSH23L AIR GAME	autocannon_he	23	bvp/src/generated/resources/data/berts_vehicle_pack/sbw/vehicles/su_25.json	0	3.8333	Weapons.GSh23Pylon3Left; proj=superbwarfare:small_cannon_shell; profile=berts_vehicle_pack:aircraft_rounds/gsh23l/gsh23l_air_game; round=berts_vehicle_pack:gsh23l_air_game; hdc=HE; shell=HE; direct=191.667; FX_ONLY(ED=0); mount_scale=0.5
berts_vehicle_pack:su_25/GSh23Pylon3Left[AmmoType[0]]	Air Belt	autocannon_he	23	bvp/src/generated/resources/data/berts_vehicle_pack/sbw/vehicles/su_25.json	0	3.8333	Weapons.GSh23Pylon3Left.AmmoType[0].Override; proj=superbwarfare:small_cannon_shell; profile=berts_vehicle_pack:aircraft_rounds/gsh23l/gsh23l_air_game; round=berts_vehicle_pack:gsh23l_air_game; hdc=HE; shell=HE; direct=191.667; FX_ONLY(ED=0); mount_scale=0.5
berts_vehicle_pack:su_25/GSh23Pylon3Right	GSH23L AIR GAME	autocannon_he	23	bvp/src/generated/resources/data/berts_vehicle_pack/sbw/vehicles/su_25.json	0	3.8333	Weapons.GSh23Pylon3Right; proj=superbwarfare:small_cannon_shell; profile=berts_vehicle_pack:aircraft_rounds/gsh23l/gsh23l_air_game; round=berts_vehicle_pack:gsh23l_air_game; hdc=HE; shell=HE; direct=191.667; FX_ONLY(ED=0); mount_scale=0.5
berts_vehicle_pack:su_25/GSh23Pylon3Right[AmmoType[0]]	Air Belt	autocannon_he	23	bvp/src/generated/resources/data/berts_vehicle_pack/sbw/vehicles/su_25.json	0	3.8333	Weapons.GSh23Pylon3Right.AmmoType[0].Override; proj=superbwarfare:small_cannon_shell; profile=berts_vehicle_pack:aircraft_rounds/gsh23l/gsh23l_air_game; round=berts_vehicle_pack:gsh23l_air_game; hdc=HE; shell=HE; direct=191.667; FX_ONLY(ED=0); mount_scale=0.5
berts_vehicle_pack:su_25/GSh23Pylon4Left	GSH23L AIR GAME	autocannon_he	23	bvp/src/generated/resources/data/berts_vehicle_pack/sbw/vehicles/su_25.json	0	3.8333	Weapons.GSh23Pylon4Left; proj=superbwarfare:small_cannon_shell; profile=berts_vehicle_pack:aircraft_rounds/gsh23l/gsh23l_air_game; round=berts_vehicle_pack:gsh23l_air_game; hdc=HE; shell=HE; direct=191.667; FX_ONLY(ED=0); mount_scale=0.5
berts_vehicle_pack:su_25/GSh23Pylon4Left[AmmoType[0]]	Air Belt	autocannon_he	23	bvp/src/generated/resources/data/berts_vehicle_pack/sbw/vehicles/su_25.json	0	3.8333	Weapons.GSh23Pylon4Left.AmmoType[0].Override; proj=superbwarfare:small_cannon_shell; profile=berts_vehicle_pack:aircraft_rounds/gsh23l/gsh23l_air_game; round=berts_vehicle_pack:gsh23l_air_game; hdc=HE; shell=HE; direct=191.667; FX_ONLY(ED=0); mount_scale=0.5
berts_vehicle_pack:su_25/GSh23Pylon4Right	GSH23L AIR GAME	autocannon_he	23	bvp/src/generated/resources/data/berts_vehicle_pack/sbw/vehicles/su_25.json	0	3.8333	Weapons.GSh23Pylon4Right; proj=superbwarfare:small_cannon_shell; profile=berts_vehicle_pack:aircraft_rounds/gsh23l/gsh23l_air_game; round=berts_vehicle_pack:gsh23l_air_game; hdc=HE; shell=HE; direct=191.667; FX_ONLY(ED=0); mount_scale=0.5
berts_vehicle_pack:su_25/GSh23Pylon4Right[AmmoType[0]]	Air Belt	autocannon_he	23	bvp/src/generated/resources/data/berts_vehicle_pack/sbw/vehicles/su_25.json	0	3.8333	Weapons.GSh23Pylon4Right.AmmoType[0].Override; proj=superbwarfare:small_cannon_shell; profile=berts_vehicle_pack:aircraft_rounds/gsh23l/gsh23l_air_game; round=berts_vehicle_pack:gsh23l_air_game; hdc=HE; shell=HE; direct=191.667; FX_ONLY(ED=0); mount_scale=0.5
berts_vehicle_pack:su_27#destroy	su_27 destruction / cook-off	vehicle_destruction		bvp/src/generated/resources/data/berts_vehicle_pack/sbw/vehicles/su_27.json	160	13	DestroyInfo particle=Giant; keepBlock; SympatheticDetonation
berts_vehicle_pack:su_27/Cannon	GSH301 AIR GAME	autocannon_he	30	bvp/src/generated/resources/data/berts_vehicle_pack/sbw/vehicles/su_27.json	0	5	Weapons.Cannon; proj=superbwarfare:small_cannon_shell; profile=berts_vehicle_pack:aircraft_rounds/gsh301/gsh301_air_game; round=berts_vehicle_pack:gsh301_air_game; hdc=HE; shell=HE; direct=250; FX_ONLY(ED=0); mount_scale=0.5
berts_vehicle_pack:su_27/Cannon[AmmoType[0]]	Air Belt	autocannon_he	30	bvp/src/generated/resources/data/berts_vehicle_pack/sbw/vehicles/su_27.json	0	5	Weapons.Cannon.AmmoType[0].Override; proj=superbwarfare:small_cannon_shell; profile=berts_vehicle_pack:aircraft_rounds/gsh301/gsh301_air_game; round=berts_vehicle_pack:gsh301_air_game; hdc=HE; shell=HE; direct=250; FX_ONLY(ED=0); mount_scale=0.5
berts_vehicle_pack:su_35#destroy	su_35 destruction / cook-off	vehicle_destruction		bvp/src/generated/resources/data/berts_vehicle_pack/sbw/vehicles/su_35.json	160	13	DestroyInfo particle=Giant; keepBlock; SympatheticDetonation
berts_vehicle_pack:su_35/Cannon	GSH301 AIR GAME	autocannon_he	30	bvp/src/generated/resources/data/berts_vehicle_pack/sbw/vehicles/su_35.json	0	5	Weapons.Cannon; proj=superbwarfare:small_cannon_shell; profile=berts_vehicle_pack:aircraft_rounds/gsh301/gsh301_air_game; round=berts_vehicle_pack:gsh301_air_game; hdc=HE; shell=HE; direct=250; FX_ONLY(ED=0); mount_scale=0.5
berts_vehicle_pack:su_35/Cannon[AmmoType[0]]	Air Belt	autocannon_he	30	bvp/src/generated/resources/data/berts_vehicle_pack/sbw/vehicles/su_35.json	0	5	Weapons.Cannon.AmmoType[0].Override; proj=superbwarfare:small_cannon_shell; profile=berts_vehicle_pack:aircraft_rounds/gsh301/gsh301_air_game; round=berts_vehicle_pack:gsh301_air_game; hdc=HE; shell=HE; direct=250; FX_ONLY(ED=0); mount_scale=0.5
berts_vehicle_pack:su_39#destroy	su_39 destruction / cook-off	vehicle_destruction		bvp/src/generated/resources/data/berts_vehicle_pack/sbw/vehicles/su_39.json	160	13	DestroyInfo particle=Giant; keepBlock; SympatheticDetonation
berts_vehicle_pack:su_39/Cannon	GSH302 AIR GAME	autocannon_he	30	bvp/src/generated/resources/data/berts_vehicle_pack/sbw/vehicles/su_39.json	0	5	Weapons.Cannon; proj=superbwarfare:small_cannon_shell; profile=berts_vehicle_pack:aircraft_rounds/gsh302/gsh302_air_game; round=berts_vehicle_pack:gsh302_air_game; hdc=HE; shell=HE; direct=250; FX_ONLY(ED=0); mount_scale=0.5
berts_vehicle_pack:su_39/Cannon[AmmoType[0]]	Air Belt	autocannon_he	30	bvp/src/generated/resources/data/berts_vehicle_pack/sbw/vehicles/su_39.json	0	5	Weapons.Cannon.AmmoType[0].Override; proj=superbwarfare:small_cannon_shell; profile=berts_vehicle_pack:aircraft_rounds/gsh302/gsh302_air_game; round=berts_vehicle_pack:gsh302_air_game; hdc=HE; shell=HE; direct=250; FX_ONLY(ED=0); mount_scale=0.5
berts_vehicle_pack:su_57#destroy	su_57 destruction / cook-off	vehicle_destruction		bvp/src/generated/resources/data/berts_vehicle_pack/sbw/vehicles/su_57.json	160	13	DestroyInfo particle=Giant; keepBlock; SympatheticDetonation
berts_vehicle_pack:su_57/Cannon	GSH301 AIR GAME	autocannon_he	30	bvp/src/generated/resources/data/berts_vehicle_pack/sbw/vehicles/su_57.json	0	5	Weapons.Cannon; proj=superbwarfare:small_cannon_shell; profile=berts_vehicle_pack:aircraft_rounds/gsh301/gsh301_air_game; round=berts_vehicle_pack:gsh301_air_game; hdc=HE; shell=HE; direct=250; FX_ONLY(ED=0); mount_scale=0.5
berts_vehicle_pack:su_57/Cannon[AmmoType[0]]	Air Belt	autocannon_he	30	bvp/src/generated/resources/data/berts_vehicle_pack/sbw/vehicles/su_57.json	0	5	Weapons.Cannon.AmmoType[0].Override; proj=superbwarfare:small_cannon_shell; profile=berts_vehicle_pack:aircraft_rounds/gsh301/gsh301_air_game; round=berts_vehicle_pack:gsh301_air_game; hdc=HE; shell=HE; direct=250; FX_ONLY(ED=0); mount_scale=0.5
berts_vehicle_pack:su_9#destroy	su_9 destruction / cook-off	vehicle_destruction		bvp/src/generated/resources/data/berts_vehicle_pack/sbw/vehicles/su_9.json	160	13	DestroyInfo particle=Giant; keepBlock; SympatheticDetonation
berts_vehicle_pack:super_mystere#destroy	super_mystere destruction / cook-off	vehicle_destruction		bvp/src/generated/resources/data/berts_vehicle_pack/sbw/vehicles/super_mystere.json	160	13	DestroyInfo particle=Giant; keepBlock; SympatheticDetonation
berts_vehicle_pack:super_mystere/Gun1	DEFA552 AIR GAME	autocannon_he	30	bvp/src/generated/resources/data/berts_vehicle_pack/sbw/vehicles/super_mystere.json	0	5	Weapons.Gun1; proj=superbwarfare:small_cannon_shell; profile=berts_vehicle_pack:aircraft_rounds/defa552/defa552_air_game; round=berts_vehicle_pack:defa552_air_game; hdc=HE; shell=HE; direct=250; FX_ONLY(ED=0); mount_scale=0.5
berts_vehicle_pack:super_mystere/Gun1[AmmoType[0]]	Air Belt	autocannon_he	30	bvp/src/generated/resources/data/berts_vehicle_pack/sbw/vehicles/super_mystere.json	0	5	Weapons.Gun1.AmmoType[0].Override; proj=superbwarfare:small_cannon_shell; profile=berts_vehicle_pack:aircraft_rounds/defa552/defa552_air_game; round=berts_vehicle_pack:defa552_air_game; hdc=HE; shell=HE; direct=250; FX_ONLY(ED=0); mount_scale=0.5
berts_vehicle_pack:super_mystere/Gun2	DEFA552 AIR GAME	autocannon_he	30	bvp/src/generated/resources/data/berts_vehicle_pack/sbw/vehicles/super_mystere.json	0	5	Weapons.Gun2; proj=superbwarfare:small_cannon_shell; profile=berts_vehicle_pack:aircraft_rounds/defa552/defa552_air_game; round=berts_vehicle_pack:defa552_air_game; hdc=HE; shell=HE; direct=250; FX_ONLY(ED=0); mount_scale=0.5
berts_vehicle_pack:super_mystere/Gun2[AmmoType[0]]	Air Belt	autocannon_he	30	bvp/src/generated/resources/data/berts_vehicle_pack/sbw/vehicles/super_mystere.json	0	5	Weapons.Gun2.AmmoType[0].Override; proj=superbwarfare:small_cannon_shell; profile=berts_vehicle_pack:aircraft_rounds/defa552/defa552_air_game; round=berts_vehicle_pack:defa552_air_game; hdc=HE; shell=HE; direct=250; FX_ONLY(ED=0); mount_scale=0.5
berts_vehicle_pack:supermarine_spitfire_griffon#destroy	supermarine_spitfire_griffon destruction / cook-off	vehicle_destruction		bvp/src/generated/resources/data/berts_vehicle_pack/sbw/vehicles/supermarine_spitfire_griffon.json	160	13	DestroyInfo particle=Giant; keepBlock; SympatheticDetonation
berts_vehicle_pack:supermarine_spitfire_griffon/CannonLeft	HISPANO2 AIR GAME	autocannon_he	20	bvp/src/generated/resources/data/berts_vehicle_pack/sbw/vehicles/supermarine_spitfire_griffon.json	0	3.3333	Weapons.CannonLeft; proj=superbwarfare:small_cannon_shell; profile=berts_vehicle_pack:aircraft_rounds/hispano2/hispano2_air_game; round=berts_vehicle_pack:hispano2_air_game; hdc=HE; shell=HE; direct=166.667; FX_ONLY(ED=0); mount_scale=0.5
berts_vehicle_pack:supermarine_spitfire_griffon/CannonLeft[AmmoType[0]]	Air Belt	autocannon_he	20	bvp/src/generated/resources/data/berts_vehicle_pack/sbw/vehicles/supermarine_spitfire_griffon.json	0	3.3333	Weapons.CannonLeft.AmmoType[0].Override; proj=superbwarfare:small_cannon_shell; profile=berts_vehicle_pack:aircraft_rounds/hispano2/hispano2_air_game; round=berts_vehicle_pack:hispano2_air_game; hdc=HE; shell=HE; direct=166.667; FX_ONLY(ED=0); mount_scale=0.5
berts_vehicle_pack:supermarine_spitfire_griffon/CannonRight	HISPANO2 AIR GAME	autocannon_he	20	bvp/src/generated/resources/data/berts_vehicle_pack/sbw/vehicles/supermarine_spitfire_griffon.json	0	3.3333	Weapons.CannonRight; proj=superbwarfare:small_cannon_shell; profile=berts_vehicle_pack:aircraft_rounds/hispano2/hispano2_air_game; round=berts_vehicle_pack:hispano2_air_game; hdc=HE; shell=HE; direct=166.667; FX_ONLY(ED=0); mount_scale=0.5
berts_vehicle_pack:supermarine_spitfire_griffon/CannonRight[AmmoType[0]]	Air Belt	autocannon_he	20	bvp/src/generated/resources/data/berts_vehicle_pack/sbw/vehicles/supermarine_spitfire_griffon.json	0	3.3333	Weapons.CannonRight.AmmoType[0].Override; proj=superbwarfare:small_cannon_shell; profile=berts_vehicle_pack:aircraft_rounds/hispano2/hispano2_air_game; round=berts_vehicle_pack:hispano2_air_game; hdc=HE; shell=HE; direct=166.667; FX_ONLY(ED=0); mount_scale=0.5
berts_vehicle_pack:supermarine_spitfire_griffon/MachineGunLeftInner	BROWNING303 AIR GAME	bullet_he	7.7	bvp/src/generated/resources/data/berts_vehicle_pack/sbw/vehicles/supermarine_spitfire_griffon.json	0	0.3715	Weapons.MachineGunLeftInner; proj=superbwarfare:projectile; profile=berts_vehicle_pack:aircraft_rounds/browning303/browning303_air_game; round=berts_vehicle_pack:browning303_air_game; hdc=HE; shell=HE; direct=18.5729; FX_ONLY(ED=0); mount_scale=1
berts_vehicle_pack:supermarine_spitfire_griffon/MachineGunLeftInner[AmmoType[0]]	Air Belt	bullet_he	7.7	bvp/src/generated/resources/data/berts_vehicle_pack/sbw/vehicles/supermarine_spitfire_griffon.json	0	0.3715	Weapons.MachineGunLeftInner.AmmoType[0].Override; proj=superbwarfare:projectile; profile=berts_vehicle_pack:aircraft_rounds/browning303/browning303_air_game; round=berts_vehicle_pack:browning303_air_game; hdc=HE; shell=HE; direct=18.5729; FX_ONLY(ED=0); mount_scale=1
berts_vehicle_pack:supermarine_spitfire_griffon/MachineGunRightInner	BROWNING303 AIR GAME	bullet_he	7.7	bvp/src/generated/resources/data/berts_vehicle_pack/sbw/vehicles/supermarine_spitfire_griffon.json	0	0.3715	Weapons.MachineGunRightInner; proj=superbwarfare:projectile; profile=berts_vehicle_pack:aircraft_rounds/browning303/browning303_air_game; round=berts_vehicle_pack:browning303_air_game; hdc=HE; shell=HE; direct=18.5729; FX_ONLY(ED=0); mount_scale=1
berts_vehicle_pack:supermarine_spitfire_griffon/MachineGunRightInner[AmmoType[0]]	Air Belt	bullet_he	7.7	bvp/src/generated/resources/data/berts_vehicle_pack/sbw/vehicles/supermarine_spitfire_griffon.json	0	0.3715	Weapons.MachineGunRightInner.AmmoType[0].Override; proj=superbwarfare:projectile; profile=berts_vehicle_pack:aircraft_rounds/browning303/browning303_air_game; round=berts_vehicle_pack:browning303_air_game; hdc=HE; shell=HE; direct=18.5729; FX_ONLY(ED=0); mount_scale=1
berts_vehicle_pack:supermarine_spitfire_griffon/MachineGunLeftOuter	BROWNING303 AIR GAME	bullet_he	7.7	bvp/src/generated/resources/data/berts_vehicle_pack/sbw/vehicles/supermarine_spitfire_griffon.json	0	0.3715	Weapons.MachineGunLeftOuter; proj=superbwarfare:projectile; profile=berts_vehicle_pack:aircraft_rounds/browning303/browning303_air_game; round=berts_vehicle_pack:browning303_air_game; hdc=HE; shell=HE; direct=18.5729; FX_ONLY(ED=0); mount_scale=1
berts_vehicle_pack:supermarine_spitfire_griffon/MachineGunLeftOuter[AmmoType[0]]	Air Belt	bullet_he	7.7	bvp/src/generated/resources/data/berts_vehicle_pack/sbw/vehicles/supermarine_spitfire_griffon.json	0	0.3715	Weapons.MachineGunLeftOuter.AmmoType[0].Override; proj=superbwarfare:projectile; profile=berts_vehicle_pack:aircraft_rounds/browning303/browning303_air_game; round=berts_vehicle_pack:browning303_air_game; hdc=HE; shell=HE; direct=18.5729; FX_ONLY(ED=0); mount_scale=1
berts_vehicle_pack:supermarine_spitfire_griffon/MachineGunRightOuter	BROWNING303 AIR GAME	bullet_he	7.7	bvp/src/generated/resources/data/berts_vehicle_pack/sbw/vehicles/supermarine_spitfire_griffon.json	0	0.3715	Weapons.MachineGunRightOuter; proj=superbwarfare:projectile; profile=berts_vehicle_pack:aircraft_rounds/browning303/browning303_air_game; round=berts_vehicle_pack:browning303_air_game; hdc=HE; shell=HE; direct=18.5729; FX_ONLY(ED=0); mount_scale=1
berts_vehicle_pack:supermarine_spitfire_griffon/MachineGunRightOuter[AmmoType[0]]	Air Belt	bullet_he	7.7	bvp/src/generated/resources/data/berts_vehicle_pack/sbw/vehicles/supermarine_spitfire_griffon.json	0	0.3715	Weapons.MachineGunRightOuter.AmmoType[0].Override; proj=superbwarfare:projectile; profile=berts_vehicle_pack:aircraft_rounds/browning303/browning303_air_game; round=berts_vehicle_pack:browning303_air_game; hdc=HE; shell=HE; direct=18.5729; FX_ONLY(ED=0); mount_scale=1
berts_vehicle_pack:t14_armata#destroy	t14_armata destruction / cook-off	vehicle_destruction		bvp/src/generated/resources/data/berts_vehicle_pack/sbw/vehicles/t14_armata.json	160	13	DestroyInfo particle=Giant; keepBlock; SympatheticDetonation
berts_vehicle_pack:t55a_2_0#destroy	t55a_2_0 destruction / cook-off	vehicle_destruction		bvp/src/generated/resources/data/berts_vehicle_pack/sbw/vehicles/t55a_2_0.json	160	13	DestroyInfo particle=Giant; keepBlock; SympatheticDetonation
berts_vehicle_pack:t55a_2_0/Cannon	3BM25 APFSDS	tank_shell_apfsds	100	bvp/src/generated/resources/data/berts_vehicle_pack/sbw/vehicles/t55a_2_0.json	80	4	Weapons.Cannon; proj=superbwarfare:cannon_shell; profile=berts_vehicle_pack:t55a_2_0/cannon/default; round=berts_vehicle_pack:3bm25_apfsds; hdc=APFSDS; shell=AP; direct=620; KINETIC_WITH_BLAST
berts_vehicle_pack:t55a_2_0/Cannon[AmmoType[1]]	BR-412D APHE (APCBC)	tank_shell_aphe	100	bvp/src/generated/resources/data/berts_vehicle_pack/sbw/vehicles/t55a_2_0.json	0	0	Weapons.Cannon.AmmoType[1].Override; proj=superbwarfare:cannon_shell; profile=berts_vehicle_pack:t55a_2_0/cannon/ammo_01_br_412d_apcbc; round=berts_vehicle_pack:br_412d_apcbc; hdc=APHE; shell=AP; direct=620; NO_BLAST(ED=ER=0)
berts_vehicle_pack:t55a_2_0/Cannon[AmmoType[2]]	3BK17M HEAT-FS	tank_shell_heat_fs	100	bvp/src/generated/resources/data/berts_vehicle_pack/sbw/vehicles/t55a_2_0.json	0	9	Weapons.Cannon.AmmoType[2].Override; proj=superbwarfare:cannon_shell; profile=berts_vehicle_pack:t55a_2_0/cannon/ammo_02_3bk17m_heat_fs; round=berts_vehicle_pack:3bk17m_heat_fs; hdc=HEAT_FS; shell=HE; direct=140; FX_ONLY(ED=0)
berts_vehicle_pack:t55a_2_0/Cannon[AmmoType[3]]	OF-412 HE	tank_shell_he	100	bvp/src/generated/resources/data/berts_vehicle_pack/sbw/vehicles/t55a_2_0.json	115	9	Weapons.Cannon.AmmoType[3].Override; proj=superbwarfare:cannon_shell; profile=berts_vehicle_pack:t55a_2_0/cannon/ammo_03_of_412_he; round=berts_vehicle_pack:of_412_he; hdc=HE; shell=HE; direct=230
berts_vehicle_pack:t55a_2_0/PassengerMachineGun[ProjectileBeltAmmoType[0]]	IAI	bullet_he	12.7	bvp/src/generated/resources/data/berts_vehicle_pack/sbw/vehicles/t55a_2_0.json	0	1.6667	Weapons.PassengerMachineGun.ProjectileBeltAmmoType[0].Override; proj=superbwarfare:projectile; profile=berts_vehicle_pack:t55a_2_0/passengermachinegun/belt_ammo_00_russian_127_mdz_iai; round=berts_vehicle_pack:russian_127_mdz_iai; hdc=HE; shell=HE; direct=83.3333; FX_ONLY(ED=0); mount_scale=0.33
berts_vehicle_pack:t64b_obr1976#destroy	t64b_obr1976 destruction / cook-off	vehicle_destruction		bvp/src/generated/resources/data/berts_vehicle_pack/sbw/vehicles/t64b_obr1976.json	160	13	DestroyInfo particle=Giant; keepBlock; SympatheticDetonation
berts_vehicle_pack:t64b_obr1976/Cannon	3BM42 APFSDS	tank_shell_apfsds	125	bvp/src/generated/resources/data/berts_vehicle_pack/sbw/vehicles/t64b_obr1976.json	80	4	Weapons.Cannon; proj=superbwarfare:cannon_shell; profile=berts_vehicle_pack:t64b_obr1976/cannon/default; round=berts_vehicle_pack:3bm42; hdc=APFSDS; shell=AP; direct=620; KINETIC_WITH_BLAST
berts_vehicle_pack:t64b_obr1976/Cannon[AmmoType[1]]	3OF26 HE	tank_shell_he	125	bvp/src/generated/resources/data/berts_vehicle_pack/sbw/vehicles/t64b_obr1976.json	0	9	Weapons.Cannon.AmmoType[1].Override; proj=superbwarfare:cannon_shell; profile=berts_vehicle_pack:t64b_obr1976/cannon/ammo_01_3of26_he; round=berts_vehicle_pack:3of26_he; hdc=HE; shell=HE; direct=1000; FX_ONLY(ED=0)
berts_vehicle_pack:t64b_obr1976/Cannon[AmmoType[2]]	3BK18M HEAT-FS	tank_shell_heat_fs	125	bvp/src/generated/resources/data/berts_vehicle_pack/sbw/vehicles/t64b_obr1976.json	0	9	Weapons.Cannon.AmmoType[2].Override; proj=superbwarfare:cannon_shell; profile=berts_vehicle_pack:t64b_obr1976/cannon/ammo_02_3bk18m_heat_fs; round=berts_vehicle_pack:3bk18m_heat_fs; hdc=HEAT_FS; shell=HE; direct=140; FX_ONLY(ED=0)
berts_vehicle_pack:t64b_obr1976/Cannon[AmmoType[3]]	9M112 ATGM	guided_missile_atgm	125	bvp/src/generated/resources/data/berts_vehicle_pack/sbw/vehicles/t64b_obr1976.json	0	5	Weapons.Cannon.AmmoType[3].Override; proj=berts_vehicle_pack:ataka_missile; profile=berts_vehicle_pack:t64b_obr1976/cannon/ammo_03_9m112_kobra; round=berts_vehicle_pack:9m112_kobra; hdc=ATGM; shell=ATGM; direct=650; FX_ONLY(ED=0)
berts_vehicle_pack:t64b_obr1976/PassengerMachineGun[ProjectileBeltAmmoType[0]]	IAI	bullet_he	12.7	bvp/src/generated/resources/data/berts_vehicle_pack/sbw/vehicles/t64b_obr1976.json	0	1.6667	Weapons.PassengerMachineGun.ProjectileBeltAmmoType[0].Override; proj=superbwarfare:projectile; profile=berts_vehicle_pack:t64b_obr1976/passengermachinegun/belt_ammo_00_russian_127_mdz_iai; round=berts_vehicle_pack:russian_127_mdz_iai; hdc=HE; shell=HE; direct=83.3333; FX_ONLY(ED=0); mount_scale=0.33
berts_vehicle_pack:t72a#destroy	t72a destruction / cook-off	vehicle_destruction		bvp/src/generated/resources/data/berts_vehicle_pack/sbw/vehicles/t72a.json	160	13	DestroyInfo particle=Giant; keepBlock; SympatheticDetonation
berts_vehicle_pack:t72a/Cannon	3BM22 APFSDS	tank_shell_apfsds	125	bvp/src/generated/resources/data/berts_vehicle_pack/sbw/vehicles/t72a.json	80	4	Weapons.Cannon; proj=superbwarfare:cannon_shell; profile=berts_vehicle_pack:t72a/cannon/default; round=berts_vehicle_pack:3bm22_apfsds; hdc=APFSDS; shell=AP; direct=620; KINETIC_WITH_BLAST
berts_vehicle_pack:t72a/Cannon[AmmoType[1]]	3BK18M HEAT-FS	tank_shell_heat_fs	125	bvp/src/generated/resources/data/berts_vehicle_pack/sbw/vehicles/t72a.json	0	9	Weapons.Cannon.AmmoType[1].Override; proj=superbwarfare:cannon_shell; profile=berts_vehicle_pack:t72a/cannon/ammo_01_3bk18m_heat_fs; round=berts_vehicle_pack:3bk18m_heat_fs; hdc=HEAT_FS; shell=HE; direct=140; FX_ONLY(ED=0)
berts_vehicle_pack:t72a/PassengerMachineGun[ProjectileBeltAmmoType[0]]	IAI	bullet_he	12.7	bvp/src/generated/resources/data/berts_vehicle_pack/sbw/vehicles/t72a.json	0	1.6667	Weapons.PassengerMachineGun.ProjectileBeltAmmoType[0].Override; proj=superbwarfare:projectile; profile=berts_vehicle_pack:t72a/passengermachinegun/belt_ammo_00_russian_127_mdz_iai; round=berts_vehicle_pack:russian_127_mdz_iai; hdc=HE; shell=HE; direct=83.3333; FX_ONLY(ED=0); mount_scale=0.33
berts_vehicle_pack:t72b#destroy	t72b destruction / cook-off	vehicle_destruction		bvp/src/generated/resources/data/berts_vehicle_pack/sbw/vehicles/t72b.json	160	13	DestroyInfo particle=Giant; keepBlock; SympatheticDetonation
berts_vehicle_pack:t72b/Cannon	3BM42 APFSDS	tank_shell_apfsds	125	bvp/src/generated/resources/data/berts_vehicle_pack/sbw/vehicles/t72b.json	80	4	Weapons.Cannon; proj=superbwarfare:cannon_shell; profile=berts_vehicle_pack:t72b/cannon/default; round=berts_vehicle_pack:3bm42; hdc=APFSDS; shell=AP; direct=620; KINETIC_WITH_BLAST
berts_vehicle_pack:t72b/Cannon[AmmoType[1]]	3BK18M HEAT-FS	tank_shell_heat_fs	125	bvp/src/generated/resources/data/berts_vehicle_pack/sbw/vehicles/t72b.json	0	9	Weapons.Cannon.AmmoType[1].Override; proj=superbwarfare:cannon_shell; profile=berts_vehicle_pack:t72b/cannon/ammo_01_3bk18m_heat_fs; round=berts_vehicle_pack:3bk18m_heat_fs; hdc=HEAT_FS; shell=HE; direct=140; FX_ONLY(ED=0)
berts_vehicle_pack:t72b/Cannon[AmmoType[2]]	3OF26 HE	tank_shell_he	125	bvp/src/generated/resources/data/berts_vehicle_pack/sbw/vehicles/t72b.json	0	9	Weapons.Cannon.AmmoType[2].Override; proj=superbwarfare:cannon_shell; profile=berts_vehicle_pack:t72b/cannon/ammo_02_3of26_he; round=berts_vehicle_pack:3of26_he; hdc=HE; shell=HE; direct=1000; FX_ONLY(ED=0)
berts_vehicle_pack:t72b/Cannon[AmmoType[3]]	9M117 Bastion gun-launched ATGM	guided_missile_atgm	100	bvp/src/generated/resources/data/berts_vehicle_pack/sbw/vehicles/t72b.json	0	5	Weapons.Cannon.AmmoType[3].Override; proj=berts_vehicle_pack:ataka_missile; profile=berts_vehicle_pack:t72b/cannon/ammo_03_9m117_bastion; round=berts_vehicle_pack:9m117_bastion; hdc=ATGM; shell=ATGM; direct=200; FX_ONLY(ED=0)
berts_vehicle_pack:t72b/PassengerMachineGun[ProjectileBeltAmmoType[0]]	IAI	bullet_he	12.7	bvp/src/generated/resources/data/berts_vehicle_pack/sbw/vehicles/t72b.json	0	1.6667	Weapons.PassengerMachineGun.ProjectileBeltAmmoType[0].Override; proj=superbwarfare:projectile; profile=berts_vehicle_pack:t72b/passengermachinegun/belt_ammo_00_russian_127_mdz_iai; round=berts_vehicle_pack:russian_127_mdz_iai; hdc=HE; shell=HE; direct=83.3333; FX_ONLY(ED=0); mount_scale=0.33
berts_vehicle_pack:t72b3#destroy	t72b3 destruction / cook-off	vehicle_destruction		bvp/src/generated/resources/data/berts_vehicle_pack/sbw/vehicles/t72b3.json	160	13	DestroyInfo particle=Giant; keepBlock; SympatheticDetonation
berts_vehicle_pack:t72b3/Cannon	3BM60 APFSDS	tank_shell_apfsds	125	bvp/src/generated/resources/data/berts_vehicle_pack/sbw/vehicles/t72b3.json	80	4	Weapons.Cannon; proj=superbwarfare:cannon_shell; profile=berts_vehicle_pack:t72b3/cannon/default; round=berts_vehicle_pack:3bm60; hdc=APFSDS; shell=AP; direct=620; KINETIC_WITH_BLAST
berts_vehicle_pack:t72b3/Cannon[AmmoType[1]]	3BK18M HEAT-FS	tank_shell_heat_fs	125	bvp/src/generated/resources/data/berts_vehicle_pack/sbw/vehicles/t72b3.json	0	9	Weapons.Cannon.AmmoType[1].Override; proj=superbwarfare:cannon_shell; profile=berts_vehicle_pack:t72b3/cannon/ammo_01_3bk18m_heat_fs; round=berts_vehicle_pack:3bk18m_heat_fs; hdc=HEAT_FS; shell=HE; direct=140; FX_ONLY(ED=0)
berts_vehicle_pack:t72b3/Cannon[AmmoType[2]]	3OF26 HE	tank_shell_he	125	bvp/src/generated/resources/data/berts_vehicle_pack/sbw/vehicles/t72b3.json	0	9	Weapons.Cannon.AmmoType[2].Override; proj=superbwarfare:cannon_shell; profile=berts_vehicle_pack:t72b3/cannon/ammo_02_3of26_he; round=berts_vehicle_pack:3of26_he; hdc=HE; shell=HE; direct=1000; FX_ONLY(ED=0)
berts_vehicle_pack:t72b3/Cannon[AmmoType[3]]	9M119M1 Tandem ATGM	guided_missile_atgm	125	bvp/src/generated/resources/data/berts_vehicle_pack/sbw/vehicles/t72b3.json	0	5	Weapons.Cannon.AmmoType[3].Override; proj=berts_vehicle_pack:ataka_missile; profile=berts_vehicle_pack:t72b3/cannon/ammo_03_9m119m1_tandem; round=berts_vehicle_pack:9m119m1_tandem; hdc=ATGM; shell=ATGM; direct=225; FX_ONLY(ED=0)
berts_vehicle_pack:t72b3/PassengerMachineGun[ProjectileBeltAmmoType[0]]	IAI	bullet_he	12.7	bvp/src/generated/resources/data/berts_vehicle_pack/sbw/vehicles/t72b3.json	0	1.6667	Weapons.PassengerMachineGun.ProjectileBeltAmmoType[0].Override; proj=superbwarfare:projectile; profile=berts_vehicle_pack:t72b3/passengermachinegun/belt_ammo_00_russian_127_mdz_iai; round=berts_vehicle_pack:russian_127_mdz_iai; hdc=HE; shell=HE; direct=83.3333; FX_ONLY(ED=0); mount_scale=0.33
berts_vehicle_pack:t72b3_ubh_cope#destroy	t72b3_ubh_cope destruction / cook-off	vehicle_destruction		bvp/src/generated/resources/data/berts_vehicle_pack/sbw/vehicles/t72b3_ubh_cope.json	160	13	DestroyInfo particle=Giant; keepBlock; SympatheticDetonation
berts_vehicle_pack:t72b3_ubh_cope/Cannon	3BM60 APFSDS	tank_shell_apfsds	125	bvp/src/generated/resources/data/berts_vehicle_pack/sbw/vehicles/t72b3_ubh_cope.json	80	4	Weapons.Cannon; proj=superbwarfare:cannon_shell; profile=berts_vehicle_pack:t72b3_ubh_cope/cannon/default; round=berts_vehicle_pack:3bm60; hdc=APFSDS; shell=AP; direct=620; KINETIC_WITH_BLAST
berts_vehicle_pack:t72b3_ubh_cope/Cannon[AmmoType[1]]	3BK18M HEAT-FS	tank_shell_heat_fs	125	bvp/src/generated/resources/data/berts_vehicle_pack/sbw/vehicles/t72b3_ubh_cope.json	0	9	Weapons.Cannon.AmmoType[1].Override; proj=superbwarfare:cannon_shell; profile=berts_vehicle_pack:t72b3_ubh_cope/cannon/ammo_01_3bk18m_heat_fs; round=berts_vehicle_pack:3bk18m_heat_fs; hdc=HEAT_FS; shell=HE; direct=140; FX_ONLY(ED=0)
berts_vehicle_pack:t72b3_ubh_cope/Cannon[AmmoType[2]]	3OF26 HE	tank_shell_he	125	bvp/src/generated/resources/data/berts_vehicle_pack/sbw/vehicles/t72b3_ubh_cope.json	0	9	Weapons.Cannon.AmmoType[2].Override; proj=superbwarfare:cannon_shell; profile=berts_vehicle_pack:t72b3_ubh_cope/cannon/ammo_02_3of26_he; round=berts_vehicle_pack:3of26_he; hdc=HE; shell=HE; direct=1000; FX_ONLY(ED=0)
berts_vehicle_pack:t72b3_ubh_cope/Cannon[AmmoType[3]]	9M119M1 Tandem ATGM	guided_missile_atgm	125	bvp/src/generated/resources/data/berts_vehicle_pack/sbw/vehicles/t72b3_ubh_cope.json	0	5	Weapons.Cannon.AmmoType[3].Override; proj=berts_vehicle_pack:ataka_missile; profile=berts_vehicle_pack:t72b3_ubh_cope/cannon/ammo_03_9m119m1_tandem; round=berts_vehicle_pack:9m119m1_tandem; hdc=ATGM; shell=ATGM; direct=225; FX_ONLY(ED=0)
berts_vehicle_pack:t72b3_ubh_cope/PassengerMachineGun[ProjectileBeltAmmoType[0]]	IAI	bullet_he	12.7	bvp/src/generated/resources/data/berts_vehicle_pack/sbw/vehicles/t72b3_ubh_cope.json	0	1.6667	Weapons.PassengerMachineGun.ProjectileBeltAmmoType[0].Override; proj=superbwarfare:projectile; profile=berts_vehicle_pack:t72b3_ubh_cope/passengermachinegun/belt_ammo_00_russian_127_mdz_iai; round=berts_vehicle_pack:russian_127_mdz_iai; hdc=HE; shell=HE; direct=83.3333; FX_ONLY(ED=0); mount_scale=0.33
berts_vehicle_pack:t80b_obr1976#destroy	t80b_obr1976 destruction / cook-off	vehicle_destruction		bvp/src/generated/resources/data/berts_vehicle_pack/sbw/vehicles/t80b_obr1976.json	160	13	DestroyInfo particle=Giant; keepBlock; SympatheticDetonation
berts_vehicle_pack:t80b_obr1976/Cannon	3BM42 APFSDS	tank_shell_apfsds	125	bvp/src/generated/resources/data/berts_vehicle_pack/sbw/vehicles/t80b_obr1976.json	80	4	Weapons.Cannon; proj=superbwarfare:cannon_shell; profile=berts_vehicle_pack:t80b_obr1976/cannon/default; round=berts_vehicle_pack:3bm42; hdc=APFSDS; shell=AP; direct=620; KINETIC_WITH_BLAST
berts_vehicle_pack:t80b_obr1976/Cannon[AmmoType[1]]	3BK18M HEAT-FS	tank_shell_heat_fs	125	bvp/src/generated/resources/data/berts_vehicle_pack/sbw/vehicles/t80b_obr1976.json	0	9	Weapons.Cannon.AmmoType[1].Override; proj=superbwarfare:cannon_shell; profile=berts_vehicle_pack:t80b_obr1976/cannon/ammo_01_3bk18m_heat_fs; round=berts_vehicle_pack:3bk18m_heat_fs; hdc=HEAT_FS; shell=HE; direct=140; FX_ONLY(ED=0)
berts_vehicle_pack:t80b_obr1976/Cannon[AmmoType[2]]	9M112 Kobra gun-launched ATGM	guided_missile_atgm	125	bvp/src/generated/resources/data/berts_vehicle_pack/sbw/vehicles/t80b_obr1976.json	0	5	Weapons.Cannon.AmmoType[2].Override; proj=berts_vehicle_pack:ataka_missile; profile=berts_vehicle_pack:t80b_obr1976/cannon/ammo_02_9m112_kobra; round=berts_vehicle_pack:9m112_kobra; hdc=ATGM; shell=ATGM; direct=650; FX_ONLY(ED=0)
berts_vehicle_pack:t80u_obr1985#destroy	t80u_obr1985 destruction / cook-off	vehicle_destruction		bvp/src/generated/resources/data/berts_vehicle_pack/sbw/vehicles/t80u_obr1985.json	160	13	DestroyInfo particle=Giant; keepBlock; SympatheticDetonation
berts_vehicle_pack:t80u_obr1985/Cannon	3BM42 APFSDS	tank_shell_apfsds	125	bvp/src/generated/resources/data/berts_vehicle_pack/sbw/vehicles/t80u_obr1985.json	80	4	Weapons.Cannon; proj=superbwarfare:cannon_shell; profile=berts_vehicle_pack:t80u_obr1985/cannon/default; round=berts_vehicle_pack:3bm42; hdc=APFSDS; shell=AP; direct=620; KINETIC_WITH_BLAST
berts_vehicle_pack:t80u_obr1985/Cannon[AmmoType[0]]	3BM42 APFSDS	tank_shell_apfsds	125	bvp/src/generated/resources/data/berts_vehicle_pack/sbw/vehicles/t80u_obr1985.json	80	4	Weapons.Cannon.AmmoType[0].Override; proj=superbwarfare:cannon_shell; profile=berts_vehicle_pack:t80u_obr1985/cannon/ammo_00_3bm42; round=berts_vehicle_pack:3bm42; hdc=APFSDS; shell=AP; direct=620; KINETIC_WITH_BLAST
berts_vehicle_pack:t90a#destroy	t90a destruction / cook-off	vehicle_destruction		bvp/src/generated/resources/data/berts_vehicle_pack/sbw/vehicles/t90a.json	160	13	DestroyInfo particle=Giant; keepBlock; SympatheticDetonation
berts_vehicle_pack:t90a/Cannon	3BM60 APFSDS	tank_shell_apfsds	125	bvp/src/generated/resources/data/berts_vehicle_pack/sbw/vehicles/t90a.json	80	4	Weapons.Cannon; proj=superbwarfare:cannon_shell; profile=berts_vehicle_pack:t90a/cannon/default; round=berts_vehicle_pack:3bm60; hdc=APFSDS; shell=AP; direct=620; KINETIC_WITH_BLAST
berts_vehicle_pack:t90a/Cannon[AmmoType[1]]	3BK18M HEAT-FS	tank_shell_heat_fs	125	bvp/src/generated/resources/data/berts_vehicle_pack/sbw/vehicles/t90a.json	0	9	Weapons.Cannon.AmmoType[1].Override; proj=superbwarfare:cannon_shell; profile=berts_vehicle_pack:t90a/cannon/ammo_01_3bk18m_heat_fs; round=berts_vehicle_pack:3bk18m_heat_fs; hdc=HEAT_FS; shell=HE; direct=140; FX_ONLY(ED=0)
berts_vehicle_pack:t90a/Cannon[AmmoType[2]]	3OF26 HE	tank_shell_he	125	bvp/src/generated/resources/data/berts_vehicle_pack/sbw/vehicles/t90a.json	0	9	Weapons.Cannon.AmmoType[2].Override; proj=superbwarfare:cannon_shell; profile=berts_vehicle_pack:t90a/cannon/ammo_02_3of26_he; round=berts_vehicle_pack:3of26_he; hdc=HE; shell=HE; direct=1000; FX_ONLY(ED=0)
berts_vehicle_pack:t90a/Cannon[AmmoType[3]]	9M119M1 Tandem ATGM	guided_missile_atgm	125	bvp/src/generated/resources/data/berts_vehicle_pack/sbw/vehicles/t90a.json	0	5	Weapons.Cannon.AmmoType[3].Override; proj=berts_vehicle_pack:ataka_missile; profile=berts_vehicle_pack:t90a/cannon/ammo_03_9m119m1_tandem; round=berts_vehicle_pack:9m119m1_tandem; hdc=ATGM; shell=ATGM; direct=225; FX_ONLY(ED=0)
berts_vehicle_pack:t90a/PassengerMachineGun[ProjectileBeltAmmoType[0]]	IAI	bullet_he	12.7	bvp/src/generated/resources/data/berts_vehicle_pack/sbw/vehicles/t90a.json	0	1.6667	Weapons.PassengerMachineGun.ProjectileBeltAmmoType[0].Override; proj=superbwarfare:projectile; profile=berts_vehicle_pack:t90a/passengermachinegun/belt_ammo_00_russian_127_mdz_iai; round=berts_vehicle_pack:russian_127_mdz_iai; hdc=HE; shell=HE; direct=83.3333; FX_ONLY(ED=0); mount_scale=0.33
berts_vehicle_pack:t90m#destroy	t90m destruction / cook-off	vehicle_destruction		bvp/src/generated/resources/data/berts_vehicle_pack/sbw/vehicles/t90m.json	160	13	DestroyInfo particle=Giant; keepBlock; SympatheticDetonation
berts_vehicle_pack:t90m/Cannon	3BM60 APFSDS	tank_shell_apfsds	125	bvp/src/generated/resources/data/berts_vehicle_pack/sbw/vehicles/t90m.json	80	4	Weapons.Cannon; proj=superbwarfare:cannon_shell; profile=berts_vehicle_pack:t90m/cannon/default; round=berts_vehicle_pack:3bm60; hdc=APFSDS; shell=AP; direct=620; KINETIC_WITH_BLAST
berts_vehicle_pack:t90m/Cannon[AmmoType[1]]	3BK18M HEAT-FS	tank_shell_heat_fs	125	bvp/src/generated/resources/data/berts_vehicle_pack/sbw/vehicles/t90m.json	0	9	Weapons.Cannon.AmmoType[1].Override; proj=superbwarfare:cannon_shell; profile=berts_vehicle_pack:t90m/cannon/ammo_01_3bk18m_heat_fs; round=berts_vehicle_pack:3bk18m_heat_fs; hdc=HEAT_FS; shell=HE; direct=140; FX_ONLY(ED=0)
berts_vehicle_pack:t90m/Cannon[AmmoType[2]]	3OF26 HE	tank_shell_he	125	bvp/src/generated/resources/data/berts_vehicle_pack/sbw/vehicles/t90m.json	0	9	Weapons.Cannon.AmmoType[2].Override; proj=superbwarfare:cannon_shell; profile=berts_vehicle_pack:t90m/cannon/ammo_02_3of26_he; round=berts_vehicle_pack:3of26_he; hdc=HE; shell=HE; direct=1000; FX_ONLY(ED=0)
berts_vehicle_pack:t90m/Cannon[AmmoType[3]]	9M119M1 Tandem ATGM	guided_missile_atgm	125	bvp/src/generated/resources/data/berts_vehicle_pack/sbw/vehicles/t90m.json	0	5	Weapons.Cannon.AmmoType[3].Override; proj=berts_vehicle_pack:ataka_missile; profile=berts_vehicle_pack:t90m/cannon/ammo_03_9m119m1_tandem; round=berts_vehicle_pack:9m119m1_tandem; hdc=ATGM; shell=ATGM; direct=225; FX_ONLY(ED=0)
berts_vehicle_pack:t90m/PassengerMachineGun[ProjectileBeltAmmoType[0]]	IAI	bullet_he	12.7	bvp/src/generated/resources/data/berts_vehicle_pack/sbw/vehicles/t90m.json	0	1.6667	Weapons.PassengerMachineGun.ProjectileBeltAmmoType[0].Override; proj=superbwarfare:projectile; profile=berts_vehicle_pack:t90m/passengermachinegun/belt_ammo_00_russian_127_mdz_iai; round=berts_vehicle_pack:russian_127_mdz_iai; hdc=HE; shell=HE; direct=83.3333; FX_ONLY(ED=0); mount_scale=0.33
berts_vehicle_pack:t_62a#destroy	t_62a destruction / cook-off	vehicle_destruction		bvp/src/generated/resources/data/berts_vehicle_pack/sbw/vehicles/t_62a.json	160	13	DestroyInfo particle=Giant; keepBlock; SympatheticDetonation
berts_vehicle_pack:t_62a/Cannon	3BM4 APFSDS	tank_shell_apfsds	115	bvp/src/generated/resources/data/berts_vehicle_pack/sbw/vehicles/t_62a.json	80	4	Weapons.Cannon; proj=superbwarfare:cannon_shell; profile=berts_vehicle_pack:t_62a/cannon/default; round=berts_vehicle_pack:3bm4_apfsds; hdc=APFSDS; shell=AP; direct=620; KINETIC_WITH_BLAST
berts_vehicle_pack:t_62a/Cannon[AmmoType[0]]	3BM4 APFSDS	tank_shell_apfsds	115	bvp/src/generated/resources/data/berts_vehicle_pack/sbw/vehicles/t_62a.json	80	4	Weapons.Cannon.AmmoType[0].Override; proj=superbwarfare:cannon_shell; profile=berts_vehicle_pack:t_62a/cannon/ammo_00_3bm4_apfsds; round=berts_vehicle_pack:3bm4_apfsds; hdc=APFSDS; shell=AP; direct=620; KINETIC_WITH_BLAST
berts_vehicle_pack:tiger_1#destroy	tiger_1 destruction / cook-off	vehicle_destruction		bvp/src/generated/resources/data/berts_vehicle_pack/sbw/vehicles/tiger_1.json	160	13	DestroyInfo particle=Giant; keepBlock; SympatheticDetonation
berts_vehicle_pack:tiger_1/Cannon	PZGR39 88 APCBC	tank_shell_apfsds	88	bvp/src/generated/resources/data/berts_vehicle_pack/sbw/vehicles/tiger_1.json	80	4	Weapons.Cannon; proj=superbwarfare:cannon_shell; profile=berts_vehicle_pack:tiger_1/cannon/default; round=berts_vehicle_pack:pzgr39_88_apcbc; hdc=APFSDS; shell=AP; direct=620; KINETIC_WITH_BLAST
berts_vehicle_pack:tiger_1/Cannon[AmmoType[0]]	PZGR39 88 APCBC	tank_shell_apfsds	88	bvp/src/generated/resources/data/berts_vehicle_pack/sbw/vehicles/tiger_1.json	80	4	Weapons.Cannon.AmmoType[0].Override; proj=superbwarfare:cannon_shell; profile=berts_vehicle_pack:tiger_1/cannon/ammo_00_pzgr39_88_apcbc; round=berts_vehicle_pack:pzgr39_88_apcbc; hdc=APFSDS; shell=AP; direct=620; KINETIC_WITH_BLAST
berts_vehicle_pack:tiger_ii#destroy	tiger_ii destruction / cook-off	vehicle_destruction		bvp/src/generated/resources/data/berts_vehicle_pack/sbw/vehicles/tiger_ii.json	160	13	DestroyInfo particle=Giant; keepBlock; SympatheticDetonation
berts_vehicle_pack:tiger_ii/Cannon	PZGR39 43 APCBC	tank_shell_apfsds	88	bvp/src/generated/resources/data/berts_vehicle_pack/sbw/vehicles/tiger_ii.json	80	4	Weapons.Cannon; proj=superbwarfare:cannon_shell; profile=berts_vehicle_pack:tiger_ii/cannon/default; round=berts_vehicle_pack:pzgr39_43_apcbc; hdc=APFSDS; shell=AP; direct=620; KINETIC_WITH_BLAST
berts_vehicle_pack:tiger_ii/Cannon[AmmoType[0]]	PZGR39 43 APCBC	tank_shell_apfsds	88	bvp/src/generated/resources/data/berts_vehicle_pack/sbw/vehicles/tiger_ii.json	80	4	Weapons.Cannon.AmmoType[0].Override; proj=superbwarfare:cannon_shell; profile=berts_vehicle_pack:tiger_ii/cannon/ammo_00_pzgr39_43_apcbc; round=berts_vehicle_pack:pzgr39_43_apcbc; hdc=APFSDS; shell=AP; direct=620; KINETIC_WITH_BLAST
berts_vehicle_pack:tow_tripod#destroy	tow_tripod destruction / cook-off	vehicle_destruction		bvp/src/generated/resources/data/berts_vehicle_pack/sbw/vehicles/tow_tripod.json	6	0.75	DestroyInfo particle=Mini; keepBlock
berts_vehicle_pack:tow_tripod/Cannon	BGM-71	guided_missile_atgm		bvp/src/generated/resources/data/berts_vehicle_pack/sbw/vehicles/tow_tripod.json	80	5	Weapons.Cannon; proj=superbwarfare:wire_guide_missile; profile=berts_vehicle_pack:tow_tripod/cannon/default; round=berts_vehicle_pack:bgm71a_tow; hdc=ATGM; shell=AP; direct=420
berts_vehicle_pack:tow_tripod/Cannon[AmmoType[0]]	BGM-71	guided_missile_atgm		bvp/src/generated/resources/data/berts_vehicle_pack/sbw/vehicles/tow_tripod.json	80	5	Weapons.Cannon.AmmoType[0].Override; proj=superbwarfare:wire_guide_missile; profile=berts_vehicle_pack:tow_tripod/cannon/ammo_00_bgm71a_tow; round=berts_vehicle_pack:bgm71a_tow; hdc=ATGM; shell=AP; direct=420
berts_vehicle_pack:tow_tripod/Cannon[AmmoType[1]]	BGM-71E	guided_missile_atgm		bvp/src/generated/resources/data/berts_vehicle_pack/sbw/vehicles/tow_tripod.json	80	5	Weapons.Cannon.AmmoType[1].Override; proj=superbwarfare:wire_guide_missile; profile=berts_vehicle_pack:tow_tripod/cannon/ammo_01_bgm71e_tow; round=berts_vehicle_pack:bgm71e_tow; hdc=ATGM; shell=AP; direct=420
berts_vehicle_pack:toyota_jihad_bmp1#destroy	toyota_jihad_bmp1 destruction / cook-off	vehicle_destruction		bvp/src/generated/resources/data/berts_vehicle_pack/sbw/vehicles/toyota_jihad_bmp1.json	15	1.5	DestroyInfo particle=Small; keepBlock
berts_vehicle_pack:toyota_jihad_bmp1/BMP1Cannon	PG-9 HEAT-FS	tank_shell_heat_fs	73	bvp/src/generated/resources/data/berts_vehicle_pack/sbw/vehicles/toyota_jihad_bmp1.json	0	3	Weapons.BMP1Cannon; proj=superbwarfare:cannon_shell; profile=berts_vehicle_pack:toyota_jihad_bmp1/bmp1cannon/default; round=berts_vehicle_pack:pg9; hdc=HEAT_FS; shell=HE; direct=140; FX_ONLY(ED=0)
berts_vehicle_pack:toyota_jihad_bmp1/BMP1Cannon[AmmoType[0]]	PG-9 HEAT-FS	tank_shell_heat_fs	73	bvp/src/generated/resources/data/berts_vehicle_pack/sbw/vehicles/toyota_jihad_bmp1.json	0	3	Weapons.BMP1Cannon.AmmoType[0].Override; proj=superbwarfare:cannon_shell; profile=berts_vehicle_pack:toyota_jihad_bmp1/bmp1cannon/ammo_00_pg9; round=berts_vehicle_pack:pg9; hdc=HEAT_FS; shell=HE; direct=140; FX_ONLY(ED=0)
berts_vehicle_pack:toyota_jihad_bmp1/BMP1Cannon[AmmoType[1]]	OG-9 HE	tank_shell_he	73	bvp/src/generated/resources/data/berts_vehicle_pack/sbw/vehicles/toyota_jihad_bmp1.json	135	3	Weapons.BMP1Cannon.AmmoType[1].Override; proj=superbwarfare:cannon_shell; profile=berts_vehicle_pack:toyota_jihad_bmp1/bmp1cannon/ammo_01_og9; round=berts_vehicle_pack:og9; hdc=HE; shell=HE; direct=150
berts_vehicle_pack:toyota_jihad_dshk#destroy	toyota_jihad_dshk destruction / cook-off	vehicle_destruction		bvp/src/generated/resources/data/berts_vehicle_pack/sbw/vehicles/toyota_jihad_dshk.json	15	1.5	DestroyInfo particle=Small; keepBlock
berts_vehicle_pack:toyota_jihad_dshk/DShK[ProjectileBeltAmmoType[0]]	IAI	bullet_he	12.7	bvp/src/generated/resources/data/berts_vehicle_pack/sbw/vehicles/toyota_jihad_dshk.json	0	1.6667	Weapons.DShK.ProjectileBeltAmmoType[0].Override; proj=superbwarfare:projectile; profile=berts_vehicle_pack:toyota_jihad_dshk/dshk/belt_ammo_00_russian_127_mdz_iai; round=berts_vehicle_pack:russian_127_mdz_iai; hdc=HE; shell=HE; direct=83.3333; FX_ONLY(ED=0); mount_scale=0.33
berts_vehicle_pack:toyota_jihad_s5#destroy	toyota_jihad_s5 destruction / cook-off	vehicle_destruction		bvp/src/generated/resources/data/berts_vehicle_pack/sbw/vehicles/toyota_jihad_s5.json	15	1.5	DestroyInfo particle=Small; keepBlock
berts_vehicle_pack:toyota_jihad_s5/S5RocketPod	S5K	rocket_heat	57	bvp/src/generated/resources/data/berts_vehicle_pack/sbw/vehicles/toyota_jihad_s5.json	0	6	Weapons.S5RocketPod; proj=superbwarfare:small_rocket; profile=berts_vehicle_pack:toyota_jihad_s5/s5rocketpod/default; round=berts_vehicle_pack:s5k; hdc=HEAT; direct=100; FX_ONLY(ED=0)
berts_vehicle_pack:toyota_jihad_s5/S5RocketPod[AmmoType[0]]	S5K	rocket_heat	57	bvp/src/generated/resources/data/berts_vehicle_pack/sbw/vehicles/toyota_jihad_s5.json	0	6	Weapons.S5RocketPod.AmmoType[0].Override; proj=superbwarfare:small_rocket; profile=berts_vehicle_pack:toyota_jihad_s5/s5rocketpod/default; round=berts_vehicle_pack:s5k; hdc=HEAT; direct=100; FX_ONLY(ED=0)
berts_vehicle_pack:toyota_jihad_spg9#destroy	toyota_jihad_spg9 destruction / cook-off	vehicle_destruction		bvp/src/generated/resources/data/berts_vehicle_pack/sbw/vehicles/toyota_jihad_spg9.json	15	1.5	DestroyInfo particle=Small; keepBlock
berts_vehicle_pack:toyota_jihad_spg9/RecoillessGun	PG-9 HEAT-FS	tank_shell_heat_fs	73	bvp/src/generated/resources/data/berts_vehicle_pack/sbw/vehicles/toyota_jihad_spg9.json	85	4	Weapons.RecoillessGun; proj=superbwarfare:cannon_shell; profile=berts_vehicle_pack:toyota_jihad_spg9/recoillessgun/default; round=berts_vehicle_pack:pg9; hdc=HEAT_FS; shell=AP; direct=360
berts_vehicle_pack:toyota_jihad_spg9/RecoillessGun[AmmoType[0]]	PG-9 HEAT-FS	tank_shell_heat_fs	73	bvp/src/generated/resources/data/berts_vehicle_pack/sbw/vehicles/toyota_jihad_spg9.json	85	4	Weapons.RecoillessGun.AmmoType[0].Override; proj=superbwarfare:cannon_shell; profile=berts_vehicle_pack:toyota_jihad_spg9/recoillessgun/default; round=berts_vehicle_pack:pg9; hdc=HEAT_FS; shell=AP; direct=360
berts_vehicle_pack:toyota_jihad_spg9/RecoillessGun[AmmoType[1]]	HE SHELL	tank_shell_he	73	bvp/src/generated/resources/data/berts_vehicle_pack/sbw/vehicles/toyota_jihad_spg9.json	135	6	Weapons.RecoillessGun.AmmoType[1].Override; proj=superbwarfare:cannon_shell; profile=berts_vehicle_pack:toyota_jihad_spg9/recoillessgun/ammo_01_og9; round=berts_vehicle_pack:og9; hdc=HE; shell=HE; direct=150
berts_vehicle_pack:tu_22m#destroy	tu_22m destruction / cook-off	vehicle_destruction		bvp/src/generated/resources/data/berts_vehicle_pack/sbw/vehicles/tu_22m.json	160	13	DestroyInfo particle=Giant; keepBlock; SympatheticDetonation
berts_vehicle_pack:tu_22m/tail_gun_1	GSH23M AIR GAME	autocannon_he	23	bvp/src/generated/resources/data/berts_vehicle_pack/sbw/vehicles/tu_22m.json	0	3.8333	Weapons.tail_gun_1; proj=superbwarfare:small_cannon_shell; profile=berts_vehicle_pack:aircraft_rounds/gsh23m/gsh23m_air_game; round=berts_vehicle_pack:gsh23m_air_game; hdc=HE; shell=HE; direct=191.667; FX_ONLY(ED=0); mount_scale=0.5
berts_vehicle_pack:tu_22m/tail_gun_1[AmmoType[0]]	Air Belt	autocannon_he	23	bvp/src/generated/resources/data/berts_vehicle_pack/sbw/vehicles/tu_22m.json	0	3.8333	Weapons.tail_gun_1.AmmoType[0].Override; proj=superbwarfare:small_cannon_shell; profile=berts_vehicle_pack:aircraft_rounds/gsh23m/gsh23m_air_game; round=berts_vehicle_pack:gsh23m_air_game; hdc=HE; shell=HE; direct=191.667; FX_ONLY(ED=0); mount_scale=0.5
berts_vehicle_pack:tu_95ms#destroy	tu_95ms destruction / cook-off	vehicle_destruction		bvp/src/generated/resources/data/berts_vehicle_pack/sbw/vehicles/tu_95ms.json	160	13	DestroyInfo particle=Giant; keepBlock; SympatheticDetonation
berts_vehicle_pack:tu_95ms/tail_gun_1	AM23 AIR GAME	autocannon_he	23	bvp/src/generated/resources/data/berts_vehicle_pack/sbw/vehicles/tu_95ms.json	0	3.8333	Weapons.tail_gun_1; proj=superbwarfare:small_cannon_shell; profile=berts_vehicle_pack:aircraft_rounds/am23/am23_air_game; round=berts_vehicle_pack:am23_air_game; hdc=HE; shell=HE; direct=191.667; FX_ONLY(ED=0); mount_scale=0.5
berts_vehicle_pack:tu_95ms/tail_gun_1[AmmoType[0]]	Air Belt	autocannon_he	23	bvp/src/generated/resources/data/berts_vehicle_pack/sbw/vehicles/tu_95ms.json	0	3.8333	Weapons.tail_gun_1.AmmoType[0].Override; proj=superbwarfare:small_cannon_shell; profile=berts_vehicle_pack:aircraft_rounds/am23/am23_air_game; round=berts_vehicle_pack:am23_air_game; hdc=HE; shell=HE; direct=191.667; FX_ONLY(ED=0); mount_scale=0.5
berts_vehicle_pack:tu_95ms/tail_gun_2	AM23 AIR GAME	autocannon_he	23	bvp/src/generated/resources/data/berts_vehicle_pack/sbw/vehicles/tu_95ms.json	0	3.8333	Weapons.tail_gun_2; proj=superbwarfare:small_cannon_shell; profile=berts_vehicle_pack:aircraft_rounds/am23/am23_air_game; round=berts_vehicle_pack:am23_air_game; hdc=HE; shell=HE; direct=191.667; FX_ONLY(ED=0); mount_scale=0.5
berts_vehicle_pack:tu_95ms/tail_gun_2[AmmoType[0]]	Air Belt	autocannon_he	23	bvp/src/generated/resources/data/berts_vehicle_pack/sbw/vehicles/tu_95ms.json	0	3.8333	Weapons.tail_gun_2.AmmoType[0].Override; proj=superbwarfare:small_cannon_shell; profile=berts_vehicle_pack:aircraft_rounds/am23/am23_air_game; round=berts_vehicle_pack:am23_air_game; hdc=HE; shell=HE; direct=191.667; FX_ONLY(ED=0); mount_scale=0.5
berts_vehicle_pack:tunguska/Cannon	3UOR6 HEF T	autocannon_he	30	bvp/src/generated/resources/data/berts_vehicle_pack/sbw/vehicles/tunguska.json	0	5	Weapons.Cannon; proj=superbwarfare:small_cannon_shell; profile=berts_vehicle_pack:tunguska/cannon/default; round=berts_vehicle_pack:3uor6_hef_t; hdc=HE; shell=HE; direct=250; FX_ONLY(ED=0); mount_scale=0.5
berts_vehicle_pack:tunguska/Cannon[AmmoType[0]]	HE Belt	autocannon_he	30	bvp/src/generated/resources/data/berts_vehicle_pack/sbw/vehicles/tunguska.json	0	5	Weapons.Cannon.AmmoType[0].Override; proj=superbwarfare:small_cannon_shell; profile=berts_vehicle_pack:tunguska/cannon/ammo_00_3uor6_hef_t; round=berts_vehicle_pack:3uor6_hef_t; hdc=HE; shell=HE; direct=250; FX_ONLY(ED=0); mount_scale=0.5
berts_vehicle_pack:tunguska/Cannon[ProjectileBeltAmmoType[0]]	HEF_I	autocannon_he	30	bvp/src/generated/resources/data/berts_vehicle_pack/sbw/vehicles/tunguska.json	0	5	Weapons.Cannon.ProjectileBeltAmmoType[0].Override; proj=superbwarfare:small_cannon_shell; profile=berts_vehicle_pack:tunguska/cannon/belt_ammo_00_3uof8_hef_i; round=berts_vehicle_pack:3uof8_hef_i; hdc=HE; shell=HE; direct=250; FX_ONLY(ED=0); mount_scale=0.5
berts_vehicle_pack:tunguska/Missile	9M311 SAM	guided_missile_he	152	bvp/src/generated/resources/data/berts_vehicle_pack/sbw/vehicles/tunguska.json	0	4	Weapons.Missile; proj=superbwarfare:wire_guide_missile; profile=berts_vehicle_pack:tunguska/missile/default; round=berts_vehicle_pack:9m311_sam; hdc=HE; direct=600; FX_ONLY(ED=0)
berts_vehicle_pack:tunguska/Missile[AmmoType[0]]	9M311 SAM	guided_missile_he	152	bvp/src/generated/resources/data/berts_vehicle_pack/sbw/vehicles/tunguska.json	0	4	Weapons.Missile.AmmoType[0].Override; proj=superbwarfare:wire_guide_missile; profile=berts_vehicle_pack:tunguska/missile/ammo_00_9m311_sam; round=berts_vehicle_pack:9m311_sam; hdc=HE; direct=600; FX_ONLY(ED=0)
berts_vehicle_pack:type_89_ifv/Cannon[AmmoType[1]]	kde_35_dm11a1_he	autocannon_he	35	bvp/src/generated/resources/data/berts_vehicle_pack/sbw/vehicles/type_89_ifv.json	45	1.6	Weapons.Cannon.AmmoType[1].Override; proj=superbwarfare:small_cannon_shell; profile=berts_vehicle_pack:type_89_ifv/kde_35_dm11a1_he; round=berts_vehicle_pack:kde_35_dm11a1_he; hdc=HE; shell=HE; direct=70
berts_vehicle_pack:type_89_ifv/Missile	TYPE79 ATGM	guided_missile_atgm	120	bvp/src/generated/resources/data/berts_vehicle_pack/sbw/vehicles/type_89_ifv.json	0	5	Weapons.Missile; proj=superbwarfare:wire_guide_missile; profile=berts_vehicle_pack:type_89_ifv/type79_atgm; round=berts_vehicle_pack:type79_atgm; hdc=ATGM; direct=750; FX_ONLY(ED=0)
berts_vehicle_pack:type_89_ifv/Missile[AmmoType[0]]	TYPE79 ATGM	guided_missile_atgm	120	bvp/src/generated/resources/data/berts_vehicle_pack/sbw/vehicles/type_89_ifv.json	0	5	Weapons.Missile.AmmoType[0].Override; proj=superbwarfare:wire_guide_missile; profile=berts_vehicle_pack:type_89_ifv/type79_atgm; round=berts_vehicle_pack:type79_atgm; hdc=ATGM; direct=750; FX_ONLY(ED=0)
berts_vehicle_pack:type_90#destroy	type_90 destruction / cook-off	vehicle_destruction		bvp/src/generated/resources/data/berts_vehicle_pack/sbw/vehicles/type_90.json	160	13	DestroyInfo particle=Giant; keepBlock; SympatheticDetonation
berts_vehicle_pack:uh1d_huey#destroy	uh1d_huey destruction / cook-off	vehicle_destruction		bvp/src/generated/resources/data/berts_vehicle_pack/sbw/vehicles/uh1d_huey.json	120	10	DestroyInfo particle=Large; keepBlock
berts_vehicle_pack:vbci#destroy	vbci destruction / cook-off	vehicle_destruction		bvp/src/generated/resources/data/berts_vehicle_pack/sbw/vehicles/vbci.json	160	13	DestroyInfo particle=Giant; keepBlock; SympatheticDetonation
berts_vehicle_pack:vbci/Cannon	M811 PMB090 APFSDS	autocannon_apfsds	25	bvp/src/generated/resources/data/berts_vehicle_pack/sbw/vehicles/vbci.json	8	2	Weapons.Cannon; proj=superbwarfare:small_cannon_shell; profile=berts_vehicle_pack:vbci/cannon/default; round=berts_vehicle_pack:m811_pmb090_apfsds; hdc=APFSDS; direct=65; KINETIC_WITH_BLAST; mount_scale=0.5
berts_vehicle_pack:vbci/Cannon[AmmoType[2]]	HE Belt	autocannon_he	25	bvp/src/generated/resources/data/berts_vehicle_pack/sbw/vehicles/vbci.json	0	5	Weapons.Cannon.AmmoType[2].Override; proj=superbwarfare:small_cannon_shell; profile=berts_vehicle_pack:vbci/cannon/ammo_02_m811_m792_hei_t; round=berts_vehicle_pack:m811_m792_hei_t; hdc=HE; shell=HE; direct=250; FX_ONLY(ED=0); mount_scale=0.5
berts_vehicle_pack:vbci/Cannon[ProjectileBeltAmmoType[0]]	HEI_T	autocannon_he	25	bvp/src/generated/resources/data/berts_vehicle_pack/sbw/vehicles/vbci.json	0	5	Weapons.Cannon.ProjectileBeltAmmoType[0].Override; proj=superbwarfare:small_cannon_shell; profile=berts_vehicle_pack:vbci/cannon/belt_ammo_00_m811_m792_hei_t; round=berts_vehicle_pack:m811_m792_hei_t; hdc=HE; shell=HE; direct=250; FX_ONLY(ED=0); mount_scale=0.5
berts_vehicle_pack:vt_4a1/Cannon[AmmoType[1]]	DTP-125 HEAT-FS	tank_shell_heat_fs	125	bvp/src/generated/resources/data/berts_vehicle_pack/sbw/vehicles/vt_4a1.json	0	9	Weapons.Cannon.AmmoType[1].Override; proj=superbwarfare:cannon_shell; profile=berts_vehicle_pack:vt_4a1/cannon/ammo_01_dtp_125_heat_fs; round=berts_vehicle_pack:dtp_125_heat_fs; hdc=HEAT_FS; shell=HE; direct=140; FX_ONLY(ED=0)
berts_vehicle_pack:vt_4a1/Cannon[AmmoType[2]]	DTB-125 HE	tank_shell_he	125	bvp/src/generated/resources/data/berts_vehicle_pack/sbw/vehicles/vt_4a1.json	115	9	Weapons.Cannon.AmmoType[2].Override; proj=superbwarfare:cannon_shell; profile=berts_vehicle_pack:vt_4a1/cannon/ammo_02_dtb_125_he; round=berts_vehicle_pack:dtb_125_he; hdc=HE; shell=HE; direct=230
berts_vehicle_pack:vt_4a1/Cannon[AmmoType[3]]	GP125 Tandem ATGM	guided_missile_atgm	125	bvp/src/generated/resources/data/berts_vehicle_pack/sbw/vehicles/vt_4a1.json	0	5	Weapons.Cannon.AmmoType[3].Override; proj=berts_vehicle_pack:ataka_missile; profile=berts_vehicle_pack:vt_4a1/cannon/ammo_03_gp125_tandem_atgm; round=berts_vehicle_pack:gp125_tandem_atgm; hdc=ATGM; shell=ATGM; direct=650; FX_ONLY(ED=0)
berts_vehicle_pack:vt_4a1/PassengerMachineGun[ProjectileBeltAmmoType[0]]	IAI	bullet_he	12.7	bvp/src/generated/resources/data/berts_vehicle_pack/sbw/vehicles/vt_4a1.json	0	1.6667	Weapons.PassengerMachineGun.ProjectileBeltAmmoType[0].Override; proj=superbwarfare:projectile; profile=berts_vehicle_pack:vt_4a1/passengermachinegun/belt_ammo_00_qjc88a_iai; round=berts_vehicle_pack:qjc88a_iai; hdc=HE; shell=HE; direct=83.3333; FX_ONLY(ED=0); mount_scale=0.33
berts_vehicle_pack:warrior/Cannon	RARDEN 30 APHE I	autocannon_aphe	30	bvp/src/generated/resources/data/berts_vehicle_pack/sbw/vehicles/warrior.json	0	0	Weapons.Cannon; proj=superbwarfare:small_cannon_shell; profile=berts_vehicle_pack:warrior/rarden_30_aphe_i; round=berts_vehicle_pack:rarden_30_aphe_i; hdc=APHE; shell=APHE; direct=60; NO_BLAST(ED=ER=0); mount_scale=0.5
berts_vehicle_pack:warrior/Cannon[AmmoType[0]]	rarden_30_aphe_i	autocannon_aphe	30	bvp/src/generated/resources/data/berts_vehicle_pack/sbw/vehicles/warrior.json	0	0	Weapons.Cannon.AmmoType[0].Override; proj=superbwarfare:small_cannon_shell; profile=berts_vehicle_pack:warrior/rarden_30_aphe_i; round=berts_vehicle_pack:rarden_30_aphe_i; hdc=APHE; shell=APHE; direct=60; NO_BLAST(ED=ER=0); mount_scale=0.5
berts_vehicle_pack:warrior/Cannon[AmmoType[1]]	rarden_30_hei_t	autocannon_he	30	bvp/src/generated/resources/data/berts_vehicle_pack/sbw/vehicles/warrior.json	40	1.5	Weapons.Cannon.AmmoType[1].Override; proj=superbwarfare:small_cannon_shell; profile=berts_vehicle_pack:warrior/rarden_30_hei_t; round=berts_vehicle_pack:rarden_30_hei_t; hdc=HE; shell=HE; direct=55; mount_scale=0.5
berts_vehicle_pack:yak_15p#destroy	yak_15p destruction / cook-off	vehicle_destruction		bvp/src/generated/resources/data/berts_vehicle_pack/sbw/vehicles/yak_15p.json	160	13	DestroyInfo particle=Giant; keepBlock; SympatheticDetonation
berts_vehicle_pack:yak_15p/Cannon	NS23 AIR GAME	autocannon_he	23	bvp/src/generated/resources/data/berts_vehicle_pack/sbw/vehicles/yak_15p.json	0	3.8333	Weapons.Cannon; proj=superbwarfare:small_cannon_shell; profile=berts_vehicle_pack:aircraft_rounds/ns23/ns23_air_game; round=berts_vehicle_pack:ns23_air_game; hdc=HE; shell=HE; direct=191.667; FX_ONLY(ED=0); mount_scale=0.5
berts_vehicle_pack:yak_15p/Cannon[AmmoType[0]]	Air Belt	autocannon_he	23	bvp/src/generated/resources/data/berts_vehicle_pack/sbw/vehicles/yak_15p.json	0	3.8333	Weapons.Cannon.AmmoType[0].Override; proj=superbwarfare:small_cannon_shell; profile=berts_vehicle_pack:aircraft_rounds/ns23/ns23_air_game; round=berts_vehicle_pack:ns23_air_game; hdc=HE; shell=HE; direct=191.667; FX_ONLY(ED=0); mount_scale=0.5
berts_vehicle_pack:yak_3#destroy	yak_3 destruction / cook-off	vehicle_destruction		bvp/src/generated/resources/data/berts_vehicle_pack/sbw/vehicles/yak_3.json	160	13	DestroyInfo particle=Giant; keepBlock; SympatheticDetonation
berts_vehicle_pack:yak_3/Cannon	SHVAK AIR GAME	autocannon_he	20	bvp/src/generated/resources/data/berts_vehicle_pack/sbw/vehicles/yak_3.json	0	3.3333	Weapons.Cannon; proj=superbwarfare:small_cannon_shell; profile=berts_vehicle_pack:aircraft_rounds/shvak/shvak_air_game; round=berts_vehicle_pack:shvak_air_game; hdc=HE; shell=HE; direct=166.667; FX_ONLY(ED=0); mount_scale=0.5
berts_vehicle_pack:yak_3/Cannon[AmmoType[0]]	Air Belt	autocannon_he	20	bvp/src/generated/resources/data/berts_vehicle_pack/sbw/vehicles/yak_3.json	0	3.3333	Weapons.Cannon.AmmoType[0].Override; proj=superbwarfare:small_cannon_shell; profile=berts_vehicle_pack:aircraft_rounds/shvak/shvak_air_game; round=berts_vehicle_pack:shvak_air_game; hdc=HE; shell=HE; direct=166.667; FX_ONLY(ED=0); mount_scale=0.5
berts_vehicle_pack:yak_3/MachineGunLeft	UBS AIR GAME	bullet_he	12.7	bvp/src/generated/resources/data/berts_vehicle_pack/sbw/vehicles/yak_3.json	0	1.6667	Weapons.MachineGunLeft; proj=superbwarfare:projectile; profile=berts_vehicle_pack:aircraft_rounds/ubs/ubs_air_game; round=berts_vehicle_pack:ubs_air_game; hdc=HE; shell=HE; direct=83.3333; FX_ONLY(ED=0); mount_scale=0.33
berts_vehicle_pack:yak_3/MachineGunLeft[AmmoType[0]]	Air Belt	bullet_he	12.7	bvp/src/generated/resources/data/berts_vehicle_pack/sbw/vehicles/yak_3.json	0	1.6667	Weapons.MachineGunLeft.AmmoType[0].Override; proj=superbwarfare:projectile; profile=berts_vehicle_pack:aircraft_rounds/ubs/ubs_air_game; round=berts_vehicle_pack:ubs_air_game; hdc=HE; shell=HE; direct=83.3333; FX_ONLY(ED=0); mount_scale=0.33
berts_vehicle_pack:yak_3/MachineGunRight	UBS AIR GAME	bullet_he	12.7	bvp/src/generated/resources/data/berts_vehicle_pack/sbw/vehicles/yak_3.json	0	1.6667	Weapons.MachineGunRight; proj=superbwarfare:projectile; profile=berts_vehicle_pack:aircraft_rounds/ubs/ubs_air_game; round=berts_vehicle_pack:ubs_air_game; hdc=HE; shell=HE; direct=83.3333; FX_ONLY(ED=0); mount_scale=0.33
berts_vehicle_pack:yak_3/MachineGunRight[AmmoType[0]]	Air Belt	bullet_he	12.7	bvp/src/generated/resources/data/berts_vehicle_pack/sbw/vehicles/yak_3.json	0	1.6667	Weapons.MachineGunRight.AmmoType[0].Override; proj=superbwarfare:projectile; profile=berts_vehicle_pack:aircraft_rounds/ubs/ubs_air_game; round=berts_vehicle_pack:ubs_air_game; hdc=HE; shell=HE; direct=83.3333; FX_ONLY(ED=0); mount_scale=0.33
berts_vehicle_pack:yak_9u#destroy	yak_9u destruction / cook-off	vehicle_destruction		bvp/src/generated/resources/data/berts_vehicle_pack/sbw/vehicles/yak_9u.json	160	13	DestroyInfo particle=Giant; keepBlock; SympatheticDetonation
berts_vehicle_pack:yak_9u/Cannon	SHVAK AIR GAME	autocannon_he	20	bvp/src/generated/resources/data/berts_vehicle_pack/sbw/vehicles/yak_9u.json	0	3.3333	Weapons.Cannon; proj=superbwarfare:small_cannon_shell; profile=berts_vehicle_pack:aircraft_rounds/shvak/shvak_air_game; round=berts_vehicle_pack:shvak_air_game; hdc=HE; shell=HE; direct=166.667; FX_ONLY(ED=0); mount_scale=0.5
berts_vehicle_pack:yak_9u/Cannon[AmmoType[0]]	Air Belt	autocannon_he	20	bvp/src/generated/resources/data/berts_vehicle_pack/sbw/vehicles/yak_9u.json	0	3.3333	Weapons.Cannon.AmmoType[0].Override; proj=superbwarfare:small_cannon_shell; profile=berts_vehicle_pack:aircraft_rounds/shvak/shvak_air_game; round=berts_vehicle_pack:shvak_air_game; hdc=HE; shell=HE; direct=166.667; FX_ONLY(ED=0); mount_scale=0.5
berts_vehicle_pack:yak_9u/MachineGunLeft	UBS AIR GAME	bullet_he	12.7	bvp/src/generated/resources/data/berts_vehicle_pack/sbw/vehicles/yak_9u.json	0	1.6667	Weapons.MachineGunLeft; proj=superbwarfare:projectile; profile=berts_vehicle_pack:aircraft_rounds/ubs/ubs_air_game; round=berts_vehicle_pack:ubs_air_game; hdc=HE; shell=HE; direct=83.3333; FX_ONLY(ED=0); mount_scale=0.33
berts_vehicle_pack:yak_9u/MachineGunLeft[AmmoType[0]]	Air Belt	bullet_he	12.7	bvp/src/generated/resources/data/berts_vehicle_pack/sbw/vehicles/yak_9u.json	0	1.6667	Weapons.MachineGunLeft.AmmoType[0].Override; proj=superbwarfare:projectile; profile=berts_vehicle_pack:aircraft_rounds/ubs/ubs_air_game; round=berts_vehicle_pack:ubs_air_game; hdc=HE; shell=HE; direct=83.3333; FX_ONLY(ED=0); mount_scale=0.33
berts_vehicle_pack:yak_9u/MachineGunRight	UBS AIR GAME	bullet_he	12.7	bvp/src/generated/resources/data/berts_vehicle_pack/sbw/vehicles/yak_9u.json	0	1.6667	Weapons.MachineGunRight; proj=superbwarfare:projectile; profile=berts_vehicle_pack:aircraft_rounds/ubs/ubs_air_game; round=berts_vehicle_pack:ubs_air_game; hdc=HE; shell=HE; direct=83.3333; FX_ONLY(ED=0); mount_scale=0.33
berts_vehicle_pack:yak_9u/MachineGunRight[AmmoType[0]]	Air Belt	bullet_he	12.7	bvp/src/generated/resources/data/berts_vehicle_pack/sbw/vehicles/yak_9u.json	0	1.6667	Weapons.MachineGunRight.AmmoType[0].Override; proj=superbwarfare:projectile; profile=berts_vehicle_pack:aircraft_rounds/ubs/ubs_air_game; round=berts_vehicle_pack:ubs_air_game; hdc=HE; shell=HE; direct=83.3333; FX_ONLY(ED=0); mount_scale=0.33
berts_vehicle_pack:zbd_09/Cannon[AmmoType[1]]	HE Belt	autocannon_he	30	bvp/src/generated/resources/data/berts_vehicle_pack/sbw/vehicles/zbd_09.json	0	5	Weapons.Cannon.AmmoType[1].Override; proj=superbwarfare:small_cannon_shell; profile=berts_vehicle_pack:zbd_09/cannon/ammo_01_dty02_30_hefi; round=berts_vehicle_pack:dty02_30_hefi; hdc=HE; shell=HE; direct=250; FX_ONLY(ED=0); mount_scale=0.5
berts_vehicle_pack:zbd_09/Missile	HJ73E TANDEM ATGM	guided_missile_atgm	125	bvp/src/generated/resources/data/berts_vehicle_pack/sbw/vehicles/zbd_09.json	0	5	Weapons.Missile; proj=superbwarfare:wire_guide_missile; profile=berts_vehicle_pack:zbd_09/missile/default; round=berts_vehicle_pack:hj73e_tandem_atgm; hdc=ATGM; direct=600; FX_ONLY(ED=0)
berts_vehicle_pack:zbd_09/Missile[AmmoType[0]]	HJ73E TANDEM ATGM	guided_missile_atgm	125	bvp/src/generated/resources/data/berts_vehicle_pack/sbw/vehicles/zbd_09.json	0	5	Weapons.Missile.AmmoType[0].Override; proj=superbwarfare:wire_guide_missile; profile=berts_vehicle_pack:zbd_09/missile/ammo_00_hj73e_tandem_atgm; round=berts_vehicle_pack:hj73e_tandem_atgm; hdc=ATGM; direct=600; FX_ONLY(ED=0)
berts_vehicle_pack:zsl_92/Cannon[AmmoType[1]]	type87_25_fi_t	autocannon_he	25	bvp/src/generated/resources/data/berts_vehicle_pack/sbw/vehicles/zsl_92.json	30	1.5	Weapons.Cannon.AmmoType[1].Override; proj=superbwarfare:small_cannon_shell; profile=berts_vehicle_pack:zsl_92/type87_25_fi_t; round=berts_vehicle_pack:type87_25_fi_t; hdc=HE; shell=HE; direct=46; mount_scale=0.5
berts_vehicle_pack:zsu23_4#destroy	zsu23_4 destruction / cook-off	vehicle_destruction		bvp/src/generated/resources/data/berts_vehicle_pack/sbw/vehicles/zsu23_4.json	160	13	DestroyInfo particle=Giant; keepBlock; SympatheticDetonation
berts_vehicle_pack:zsu23_4/Cannon	23MM APIT	autocannon_default	23	bvp/src/generated/resources/data/berts_vehicle_pack/sbw/vehicles/zsu23_4.json	8	2	Weapons.Cannon; proj=superbwarfare:small_cannon_shell; profile=berts_vehicle_pack:zsu23_4/cannon/default; round=berts_vehicle_pack:23mm_apit; hdc=DEFAULT; direct=23; mount_scale=0.5
berts_vehicle_pack:zsu23_4/Cannon[AmmoType[1]]	HE Belt	autocannon_he	23	bvp/src/generated/resources/data/berts_vehicle_pack/sbw/vehicles/zsu23_4.json	0	5	Weapons.Cannon.AmmoType[1].Override; proj=superbwarfare:small_cannon_shell; profile=berts_vehicle_pack:zsu23_4/cannon/ammo_01_23mm_hei; round=berts_vehicle_pack:23mm_hei; hdc=HE; shell=HE; direct=250; FX_ONLY(ED=0); mount_scale=0.5
berts_vehicle_pack:zsu23_4/Cannon[ProjectileBeltAmmoType[0]]	HEF_I	autocannon_he	23	bvp/src/generated/resources/data/berts_vehicle_pack/sbw/vehicles/zsu23_4.json	0	5	Weapons.Cannon.ProjectileBeltAmmoType[0].Override; proj=superbwarfare:small_cannon_shell; profile=berts_vehicle_pack:zsu23_4/cannon/belt_ammo_00_23mm_hei_2; round=berts_vehicle_pack:23mm_hei_2; hdc=HE; shell=HE; direct=250; FX_ONLY(ED=0); mount_scale=0.5
berts_vehicle_pack:ztl_09/Cannon[AmmoType[1]]	Type 83 HEAT-FS	tank_shell_heat_fs	105	bvp/src/generated/resources/data/berts_vehicle_pack/sbw/vehicles/ztl_09.json	0	9	Weapons.Cannon.AmmoType[1].Override; proj=superbwarfare:cannon_shell; profile=berts_vehicle_pack:ztl_09/cannon/ammo_01_type83_105_heat_fs; round=berts_vehicle_pack:type83_105_heat_fs; hdc=HEAT_FS; shell=HE; direct=140; FX_ONLY(ED=0)
berts_vehicle_pack:ztl_09/Cannon[AmmoType[2]]	GP105 Tandem ATGM	guided_missile_atgm	105	bvp/src/generated/resources/data/berts_vehicle_pack/sbw/vehicles/ztl_09.json	0	5	Weapons.Cannon.AmmoType[2].Override; proj=berts_vehicle_pack:ataka_missile; profile=berts_vehicle_pack:ztl_09/cannon/ammo_02_gp105_tandem_atgm; round=berts_vehicle_pack:gp105_tandem_atgm; hdc=ATGM; shell=ATGM; direct=650; FX_ONLY(ED=0)
berts_vehicle_pack:ztl_09/PassengerMachineGun[ProjectileBeltAmmoType[0]]	IAI	bullet_he	12.7	bvp/src/generated/resources/data/berts_vehicle_pack/sbw/vehicles/ztl_09.json	0	1.6667	Weapons.PassengerMachineGun.ProjectileBeltAmmoType[0].Override; proj=superbwarfare:projectile; profile=berts_vehicle_pack:ztl_09/passengermachinegun/belt_ammo_00_qjc88a_iai; round=berts_vehicle_pack:qjc88a_iai; hdc=HE; shell=HE; direct=83.3333; FX_ONLY(ED=0); mount_scale=0.33
berts_vehicle_pack:ztz99a#destroy	ztz99a destruction / cook-off	vehicle_destruction		bvp/src/generated/resources/data/berts_vehicle_pack/sbw/vehicles/ztz99a.json	160	13	DestroyInfo particle=Giant; keepBlock; SympatheticDetonation
berts_vehicle_pack:ztz99a/Cannon	DTC10-125 APFSDS	tank_shell_apfsds	125	bvp/src/generated/resources/data/berts_vehicle_pack/sbw/vehicles/ztz99a.json	80	4	Weapons.Cannon; proj=superbwarfare:cannon_shell; profile=berts_vehicle_pack:ztz99a/cannon/default; round=berts_vehicle_pack:dtc10_125_apfsds; hdc=APFSDS; shell=AP; direct=620; KINETIC_WITH_BLAST
berts_vehicle_pack:ztz99a/Cannon[AmmoType[1]]	GP125 Tandem ATGM	guided_missile_atgm	125	bvp/src/generated/resources/data/berts_vehicle_pack/sbw/vehicles/ztz99a.json	0	5	Weapons.Cannon.AmmoType[1].Override; proj=berts_vehicle_pack:ataka_missile; profile=berts_vehicle_pack:ztz99a/cannon/ammo_01_gp125_tandem_atgm; round=berts_vehicle_pack:gp125_tandem_atgm; hdc=ATGM; shell=ATGM; direct=650; FX_ONLY(ED=0)
berts_vehicle_pack:ztz99a/Cannon[AmmoType[2]]	DTB-125 HE	tank_shell_he	125	bvp/src/generated/resources/data/berts_vehicle_pack/sbw/vehicles/ztz99a.json	115	9	Weapons.Cannon.AmmoType[2].Override; proj=superbwarfare:cannon_shell; profile=berts_vehicle_pack:ztz99a/cannon/ammo_02_dtb_125_he; round=berts_vehicle_pack:dtb_125_he; hdc=HE; shell=HE; direct=230
berts_vehicle_pack:ztz99a/Cannon[AmmoType[3]]	DTP-125 HEAT-FS	tank_shell_heat_fs	125	bvp/src/generated/resources/data/berts_vehicle_pack/sbw/vehicles/ztz99a.json	0	9	Weapons.Cannon.AmmoType[3].Override; proj=superbwarfare:cannon_shell; profile=berts_vehicle_pack:ztz99a/cannon/ammo_03_dtp_125_heat_fs; round=berts_vehicle_pack:dtp_125_heat_fs; hdc=HEAT_FS; shell=HE; direct=140; FX_ONLY(ED=0)
berts_vehicle_pack:zu23_2#destroy	zu23_2 destruction / cook-off	vehicle_destruction		bvp/src/generated/resources/data/berts_vehicle_pack/sbw/vehicles/zu23_2.json	15	1.5	DestroyInfo particle=Small; keepBlock
berts_vehicle_pack:zu23_2/Cannon	23MM APIT	autocannon_default	23	bvp/src/generated/resources/data/berts_vehicle_pack/sbw/vehicles/zu23_2.json	8	2	Weapons.Cannon; proj=superbwarfare:small_cannon_shell; profile=berts_vehicle_pack:zu23_2/cannon/default; round=berts_vehicle_pack:23mm_apit; hdc=DEFAULT; direct=65; mount_scale=0.5
berts_vehicle_pack:zu23_2/Cannon[AmmoType[0]]	HE Belt	autocannon_he	23	bvp/src/generated/resources/data/berts_vehicle_pack/sbw/vehicles/zu23_2.json	0	5	Weapons.Cannon.AmmoType[0].Override; proj=superbwarfare:small_cannon_shell; profile=berts_vehicle_pack:zu23_2/cannon/ammo_00_23mm_hei; round=berts_vehicle_pack:23mm_hei; hdc=HE; shell=HE; direct=250; FX_ONLY(ED=0); mount_scale=0.5
berts_vehicle_pack:zu23_2/Cannon[ProjectileBeltAmmoType[0]]	HEF_I	autocannon_he	23	bvp/src/generated/resources/data/berts_vehicle_pack/sbw/vehicles/zu23_2.json	0	5	Weapons.Cannon.ProjectileBeltAmmoType[0].Override; proj=superbwarfare:small_cannon_shell; profile=berts_vehicle_pack:zu23_2/cannon/belt_ammo_00_23mm_hei_2; round=berts_vehicle_pack:23mm_hei_2; hdc=HE; shell=HE; direct=250; FX_ONLY(ED=0); mount_scale=0.5
superbwarfare:a_10a#destroy	a_10a destruction / cook-off	vehicle_destruction		sbw/src/main/resources/data/superbwarfare/sbw/vehicles/a_10a.json	800	16	DestroyInfo particle=Giant; keepBlock
superbwarfare:a_10a/Cannon	30MM GAU-8/A	autocannon	30	sbw/src/main/resources/data/superbwarfare/sbw/vehicles/a_10a.json	10	4	Weapons.Cannon; proj=superbwarfare:small_cannon_shell; direct=35
superbwarfare:a_10a/Rocket	HYDRA 70MM ROCKET	rocket		sbw/src/main/resources/data/superbwarfare/sbw/vehicles/a_10a.json	40	5	Weapons.Rocket; proj=superbwarfare:small_rocket; direct=80
superbwarfare:a_10a/Bomb	MK-82 BOMB	bomb		sbw/src/main/resources/data/superbwarfare/sbw/vehicles/a_10a.json	650	22	Weapons.Bomb; proj=superbwarfare:mk_82; direct=
superbwarfare:a_10a/Missile	AGM-65  (Entity Mode)	agm		sbw/src/main/resources/data/superbwarfare/sbw/vehicles/a_10a.json	180	12	Weapons.Missile; proj=superbwarfare:agm_65; direct=1100
superbwarfare:a_10a/Missile[AmmoType[1]]	AGM-65  (Block Mode)	agm		sbw/src/main/resources/data/superbwarfare/sbw/vehicles/a_10a.json	180	12	Weapons.Missile.AmmoType[1].Override; proj=superbwarfare:agm_65; direct=1100
superbwarfare:ah_6#destroy	ah_6 destruction / cook-off	vehicle_destruction		sbw/src/main/resources/data/superbwarfare/sbw/vehicles/ah_6.json	300	8	DestroyInfo particle=Huge; keepBlock
superbwarfare:ah_6/Cannon	20MM CANNON	autocannon	20	sbw/src/main/resources/data/superbwarfare/sbw/vehicles/ah_6.json	12	3.5	Weapons.Cannon; proj=superbwarfare:small_cannon_shell; direct=45
superbwarfare:ah_6/Rocket	HYDRA 70MM ROCKET	rocket		sbw/src/main/resources/data/superbwarfare/sbw/vehicles/ah_6.json	40	5	Weapons.Rocket; proj=superbwarfare:small_rocket; direct=80
superbwarfare:annihilator#destroy	annihilator destruction / cook-off	vehicle_destruction		sbw/src/main/resources/data/superbwarfare/sbw/vehicles/annihilator.json	600	15	DestroyInfo particle=Giant; keepBlock
superbwarfare:annihilator/Main	LASER	laser		sbw/src/main/resources/data/superbwarfare/sbw/vehicles/annihilator.json	72	16	Weapons.Main; proj=ray; direct=1000
superbwarfare:bl_132#destroy	bl_132 destruction / cook-off	vehicle_destruction		sbw/src/main/resources/data/superbwarfare/sbw/vehicles/bl_132.json	160	8	DestroyInfo particle=Huge; keepBlock
superbwarfare:bl_132/Main	AP SHELL	tank_shell		sbw/src/main/resources/data/superbwarfare/sbw/vehicles/bl_132.json	125	3.7	Weapons.Main; proj=superbwarfare:cannon_shell; direct=470
superbwarfare:bl_132/Main[AmmoType[1]]	HE SHELL	tank_shell_he		sbw/src/main/resources/data/superbwarfare/sbw/vehicles/bl_132.json	160	11	Weapons.Main.AmmoType[1].Override; proj=superbwarfare:cannon_shell; shell=HE; direct=250
superbwarfare:bl_132/Main[AmmoType[2]]	CM SHELL	tank_shell_cm		sbw/src/main/resources/data/superbwarfare/sbw/vehicles/bl_132.json	220	7	Weapons.Main.AmmoType[2].Override; proj=superbwarfare:cannon_shell; shell=CM; direct=360
superbwarfare:bl_132/Main[AmmoType[3]]	WP SHELL	tank_shell_wp		sbw/src/main/resources/data/superbwarfare/sbw/vehicles/bl_132.json	40	8	Weapons.Main.AmmoType[3].Override; proj=superbwarfare:cannon_shell; shell=WP; direct=200
superbwarfare:bmp_2#destroy	bmp_2 destruction / cook-off	vehicle_destruction		sbw/src/main/resources/data/superbwarfare/sbw/vehicles/bmp_2.json	160	8	DestroyInfo particle=Huge; keepBlock; SympatheticDetonation
superbwarfare:bmp_2/Cannon	30MM 2A42 AP	autocannon	30	sbw/src/main/resources/data/superbwarfare/sbw/vehicles/bmp_2.json	8	2	Weapons.Cannon; proj=superbwarfare:small_cannon_shell; direct=65
superbwarfare:bmp_2/Cannon[AmmoType[1]]	30MM 2A42 HE	autocannon	30	sbw/src/main/resources/data/superbwarfare/sbw/vehicles/bmp_2.json	18	5	Weapons.Cannon.AmmoType[1].Override; proj=superbwarfare:small_cannon_shell; direct=15
superbwarfare:bmp_2/Missile	9M113	guided_missile		sbw/src/main/resources/data/superbwarfare/sbw/vehicles/bmp_2.json	60	8	Weapons.Missile; proj=superbwarfare:wire_guide_missile; direct=600
superbwarfare:bradley#destroy	bradley destruction / cook-off	vehicle_destruction		sbw/src/main/resources/data/superbwarfare/sbw/vehicles/bradley.json	160	8	DestroyInfo particle=Huge; keepBlock; SympatheticDetonation
superbwarfare:bradley/Cannon	25MM CANNON AP	autocannon	25	sbw/src/main/resources/data/superbwarfare/sbw/vehicles/bradley.json	8	2	Weapons.Cannon; proj=superbwarfare:small_cannon_shell; direct=65
superbwarfare:bradley/Cannon[AmmoType[1]]	25MM CANNON HE	autocannon	25	sbw/src/main/resources/data/superbwarfare/sbw/vehicles/bradley.json	18	5	Weapons.Cannon.AmmoType[1].Override; proj=superbwarfare:small_cannon_shell; direct=15
superbwarfare:bradley/Missile	TOW	guided_missile		sbw/src/main/resources/data/superbwarfare/sbw/vehicles/bradley.json	55	7	Weapons.Missile; proj=superbwarfare:wire_guide_missile; direct=450
superbwarfare:hpj_11#destroy	hpj_11 destruction / cook-off	vehicle_destruction		sbw/src/main/resources/data/superbwarfare/sbw/vehicles/hpj_11.json	100	7	DestroyInfo particle=Medium; keepBlock
superbwarfare:hpj_11/Main	30MM CANNON AP	autocannon_aa	30	sbw/src/main/resources/data/superbwarfare/sbw/vehicles/hpj_11.json	5	2	Weapons.Main; proj=superbwarfare:small_cannon_shell; shell=AA; direct=25
superbwarfare:ju_87#destroy	ju_87 destruction / cook-off	vehicle_destruction		sbw/src/main/resources/data/superbwarfare/sbw/vehicles/ju_87.json	300	8	DestroyInfo particle=Huge; keepBlock
superbwarfare:ju_87/Bomb	SC-250 GP BOMB	bomb		sbw/src/main/resources/data/superbwarfare/sbw/vehicles/ju_87.json	500	21	Weapons.Bomb; proj=superbwarfare:sc_250; direct=
superbwarfare:ju_87/BombSmall	SC-50 GP BOMB	bomb		sbw/src/main/resources/data/superbwarfare/sbw/vehicles/ju_87.json	120	10	Weapons.BombSmall; proj=superbwarfare:sc_50; direct=
superbwarfare:kv_16#destroy	kv_16 destruction / cook-off	vehicle_destruction		sbw/src/main/resources/data/superbwarfare/sbw/vehicles/kv_16.json	80	6	DestroyInfo particle=Medium; keepBlock
superbwarfare:kv_16/Bomb	Mortar Shells	mortar		sbw/src/main/resources/data/superbwarfare/sbw/vehicles/kv_16.json	100	8	Weapons.Bomb; proj=superbwarfare:mortar_shell; direct=60
superbwarfare:laser_tower#destroy	laser_tower destruction / cook-off	vehicle_destruction		sbw/src/main/resources/data/superbwarfare/sbw/vehicles/laser_tower.json	10	3	DestroyInfo particle=Medium; keepBlock
superbwarfare:lav_150#destroy	lav_150 destruction / cook-off	vehicle_destruction		sbw/src/main/resources/data/superbwarfare/sbw/vehicles/lav_150.json	120	7	DestroyInfo particle=Huge; keepBlock; SympatheticDetonation
superbwarfare:lav_150/Cannon	20MM CANNON AP	autocannon	20	sbw/src/main/resources/data/superbwarfare/sbw/vehicles/lav_150.json	6	2	Weapons.Cannon; proj=superbwarfare:small_cannon_shell; direct=45
superbwarfare:lav_150/Cannon[AmmoType[1]]	20MM CANNON HE	autocannon	20	sbw/src/main/resources/data/superbwarfare/sbw/vehicles/lav_150.json	14	4	Weapons.Cannon.AmmoType[1].Override; proj=superbwarfare:small_cannon_shell; direct=13
superbwarfare:lav_25#destroy	lav_25 destruction / cook-off	vehicle_destruction		sbw/src/main/resources/data/superbwarfare/sbw/vehicles/lav_25.json	120	7	DestroyInfo particle=Huge; keepBlock; SympatheticDetonation
superbwarfare:lav_25/Cannon	25MM CANNON AP	autocannon	25	sbw/src/main/resources/data/superbwarfare/sbw/vehicles/lav_25.json	8	2	Weapons.Cannon; proj=superbwarfare:small_cannon_shell; direct=65
superbwarfare:lav_25/Cannon[AmmoType[1]]	25MM CANNON HE	autocannon	25	sbw/src/main/resources/data/superbwarfare/sbw/vehicles/lav_25.json	18	5	Weapons.Cannon.AmmoType[1].Override; proj=superbwarfare:small_cannon_shell; direct=15
superbwarfare:lav_25/Missile	TOW	guided_missile		sbw/src/main/resources/data/superbwarfare/sbw/vehicles/lav_25.json	60	8	Weapons.Missile; proj=superbwarfare:wire_guide_missile; direct=600
superbwarfare:lav_ad#destroy	lav_ad destruction / cook-off	vehicle_destruction		sbw/src/main/resources/data/superbwarfare/sbw/vehicles/lav_ad.json	120	7	DestroyInfo particle=Huge; keepBlock; SympatheticDetonation
superbwarfare:lav_ad/Cannon	25MM CANNON AA	autocannon_aa	25	sbw/src/main/resources/data/superbwarfare/sbw/vehicles/lav_ad.json	2	1	Weapons.Cannon; proj=superbwarfare:small_cannon_shell; shell=AA; direct=23
superbwarfare:lav_ad/FimMissile	FIM-92	sam		sbw/src/main/resources/data/superbwarfare/sbw/vehicles/lav_ad.json	90	6	Weapons.FimMissile; proj=superbwarfare:ru_9m336_missile; direct=260
superbwarfare:m_1a_2#destroy	m_1a_2 destruction / cook-off	vehicle_destruction		sbw/src/main/resources/data/superbwarfare/sbw/vehicles/m_1a_2.json	200	16	DestroyInfo particle=Giant; keepBlock; SympatheticDetonation
superbwarfare:m_1a_2/Cannon	AP SHELL	tank_shell_ap		sbw/src/main/resources/data/superbwarfare/sbw/vehicles/m_1a_2.json	80	4	Weapons.Cannon; proj=superbwarfare:cannon_shell; shell=AP; direct=700; KINETIC_WITH_BLAST
superbwarfare:m_1a_2/Cannon[AmmoType[1]]	HE SHELL	tank_shell_he		sbw/src/main/resources/data/superbwarfare/sbw/vehicles/m_1a_2.json	120	10	Weapons.Cannon.AmmoType[1].Override; proj=superbwarfare:cannon_shell; shell=HE; direct=250
superbwarfare:mi_28#destroy	mi_28 destruction / cook-off	vehicle_destruction		sbw/src/main/resources/data/superbwarfare/sbw/vehicles/mi_28.json	400	14	DestroyInfo particle=Giant; keepBlock
superbwarfare:mi_28/Cannon	30MM 2A42 AP	autocannon	30	sbw/src/main/resources/data/superbwarfare/sbw/vehicles/mi_28.json	8	2	Weapons.Cannon; proj=superbwarfare:small_cannon_shell; direct=65
superbwarfare:mi_28/Cannon[AmmoType[1]]	30MM 2A42 HE	autocannon	30	sbw/src/main/resources/data/superbwarfare/sbw/vehicles/mi_28.json	18	5	Weapons.Cannon.AmmoType[1].Override; proj=superbwarfare:small_cannon_shell; direct=15
superbwarfare:mi_28/Rocket	S8KO 80MM ROCKET	rocket		sbw/src/main/resources/data/superbwarfare/sbw/vehicles/mi_28.json	42	6	Weapons.Rocket; proj=superbwarfare:small_rocket; direct=85
superbwarfare:mi_28/@Missile	9M-120	guided_missile		sbw/src/main/resources/data/superbwarfare/sbw/vehicles/mi_28.json	80	8	Weapons.@Missile; proj=superbwarfare:wire_guide_missile; direct=650
superbwarfare:mi_28/SeekMissile	KH-39  (Entity Mode)	agm		sbw/src/main/resources/data/superbwarfare/sbw/vehicles/mi_28.json	180	12	Weapons.SeekMissile; proj=superbwarfare:kh_39; direct=1100
superbwarfare:mi_28/SeekMissile[AmmoType[1]]	KH-39  (Block Mode)	agm		sbw/src/main/resources/data/superbwarfare/sbw/vehicles/mi_28.json	180	12	Weapons.SeekMissile.AmmoType[1].Override; proj=superbwarfare:kh_39; direct=1100
superbwarfare:mi_28/DriverAAMissile	9M-336	sam		sbw/src/main/resources/data/superbwarfare/sbw/vehicles/mi_28.json	90	6	Weapons.DriverAAMissile; proj=superbwarfare:ru_9m336_missile; direct=260
superbwarfare:mk_42#destroy	mk_42 destruction / cook-off	vehicle_destruction		sbw/src/main/resources/data/superbwarfare/sbw/vehicles/mk_42.json	160	8	DestroyInfo particle=Medium; keepBlock
superbwarfare:mk_42/Main	AP SHELL	tank_shell		sbw/src/main/resources/data/superbwarfare/sbw/vehicles/mk_42.json	120	3	Weapons.Main; proj=superbwarfare:cannon_shell; direct=450
superbwarfare:mk_42/Main[AmmoType[1]]	HE SHELL	tank_shell_he		sbw/src/main/resources/data/superbwarfare/sbw/vehicles/mk_42.json	120	10	Weapons.Main.AmmoType[1].Override; proj=superbwarfare:cannon_shell; shell=HE; direct=250
superbwarfare:mk_42/Main[AmmoType[2]]	CM SHELL	tank_shell_cm		sbw/src/main/resources/data/superbwarfare/sbw/vehicles/mk_42.json	180	6	Weapons.Main.AmmoType[2].Override; proj=superbwarfare:cannon_shell; shell=CM; direct=300
superbwarfare:mk_42/Main[AmmoType[3]]	WP SHELL	tank_shell_wp		sbw/src/main/resources/data/superbwarfare/sbw/vehicles/mk_42.json	40	8	Weapons.Main.AmmoType[3].Override; proj=superbwarfare:cannon_shell; shell=WP; direct=200
superbwarfare:mle_1934#destroy	mle_1934 destruction / cook-off	vehicle_destruction		sbw/src/main/resources/data/superbwarfare/sbw/vehicles/mle_1934.json	160	9	DestroyInfo particle=Medium; keepBlock
superbwarfare:mle_1934/Main	AP SHELL	tank_shell		sbw/src/main/resources/data/superbwarfare/sbw/vehicles/mle_1934.json	130	4	Weapons.Main; proj=superbwarfare:cannon_shell; direct=500
superbwarfare:mle_1934/Main[AmmoType[1]]	HE SHELL	tank_shell_he		sbw/src/main/resources/data/superbwarfare/sbw/vehicles/mle_1934.json	150	11	Weapons.Main.AmmoType[1].Override; proj=superbwarfare:cannon_shell; shell=HE; direct=250
superbwarfare:mle_1934/Main[AmmoType[2]]	CM SHELL	tank_shell_cm		sbw/src/main/resources/data/superbwarfare/sbw/vehicles/mle_1934.json	200	7	Weapons.Main.AmmoType[2].Override; proj=superbwarfare:cannon_shell; shell=CM; direct=320
superbwarfare:mle_1934/Main[AmmoType[3]]	WP SHELL	tank_shell_wp		sbw/src/main/resources/data/superbwarfare/sbw/vehicles/mle_1934.json	40	9	Weapons.Main.AmmoType[3].Override; proj=superbwarfare:cannon_shell; shell=WP; direct=220
superbwarfare:mortar/Main	Main	mortar		sbw/src/main/resources/data/superbwarfare/sbw/vehicles/mortar.json	100	8	Weapons.Main; proj=superbwarfare:mortar_shell; direct=60
superbwarfare:plz_05#destroy	plz_05 destruction / cook-off	vehicle_destruction		sbw/src/main/resources/data/superbwarfare/sbw/vehicles/plz_05.json	250	18	DestroyInfo particle=Giant; keepBlock; SympatheticDetonation
superbwarfare:plz_05/Main	AP SHELL	tank_shell		sbw/src/main/resources/data/superbwarfare/sbw/vehicles/plz_05.json	140	5	Weapons.Main; proj=superbwarfare:cannon_shell; direct=1050
superbwarfare:plz_05/Main[AmmoType[1]]	HE SHELL	tank_shell_he		sbw/src/main/resources/data/superbwarfare/sbw/vehicles/plz_05.json	260	14	Weapons.Main.AmmoType[1].Override; proj=superbwarfare:cannon_shell; shell=HE; direct=450
superbwarfare:plz_05/Main[AmmoType[2]]	CM SHELL	tank_shell_cm		sbw/src/main/resources/data/superbwarfare/sbw/vehicles/plz_05.json	240	7	Weapons.Main.AmmoType[2].Override; proj=superbwarfare:cannon_shell; shell=CM; direct=600
superbwarfare:plz_05/Main[AmmoType[3]]	WP SHELL	tank_shell_wp		sbw/src/main/resources/data/superbwarfare/sbw/vehicles/plz_05.json	40	11	Weapons.Main.AmmoType[3].Override; proj=superbwarfare:cannon_shell; shell=WP; direct=300
superbwarfare:prism_tank#destroy	prism_tank destruction / cook-off	vehicle_destruction		sbw/src/main/resources/data/superbwarfare/sbw/vehicles/prism_tank.json	160	8	DestroyInfo particle=Huge; keepBlock
superbwarfare:prism_tank/Laser	LASER  Semi	laser		sbw/src/main/resources/data/superbwarfare/sbw/vehicles/prism_tank.json	72	12	Weapons.Laser; proj=ray; direct=350
superbwarfare:sodayo_pick_up#destroy	sodayo_pick_up destruction / cook-off	vehicle_destruction		sbw/src/main/resources/data/superbwarfare/sbw/vehicles/sodayo_pick_up.json	40	5	DestroyInfo particle=Large; keepBlock
superbwarfare:sodayo_pick_up_hmg#destroy	sodayo_pick_up_hmg destruction / cook-off	vehicle_destruction		sbw/src/main/resources/data/superbwarfare/sbw/vehicles/sodayo_pick_up_hmg.json	40	5	DestroyInfo particle=Large; keepBlock
superbwarfare:sodayo_pick_up_rocket#destroy	sodayo_pick_up_rocket destruction / cook-off	vehicle_destruction		sbw/src/main/resources/data/superbwarfare/sbw/vehicles/sodayo_pick_up_rocket.json	40	5	DestroyInfo particle=Large; keepBlock
superbwarfare:sodayo_pick_up_rocket/AP	AP	rocket_ap		sbw/src/main/resources/data/superbwarfare/sbw/vehicles/sodayo_pick_up_rocket.json	100	5	Weapons.AP; proj=superbwarfare:medium_rocket; shell=AP; direct=500; KINETIC_WITH_BLAST
superbwarfare:sodayo_pick_up_rocket/HE	HE	rocket_he		sbw/src/main/resources/data/superbwarfare/sbw/vehicles/sodayo_pick_up_rocket.json	200	12	Weapons.HE; proj=superbwarfare:medium_rocket; shell=HE; direct=200
superbwarfare:sodayo_pick_up_rocket/CM	CM	rocket_cm		sbw/src/main/resources/data/superbwarfare/sbw/vehicles/sodayo_pick_up_rocket.json	300	6	Weapons.CM; proj=superbwarfare:medium_rocket; shell=CM; direct=300
superbwarfare:sodayo_pick_up_tow#destroy	sodayo_pick_up_tow destruction / cook-off	vehicle_destruction		sbw/src/main/resources/data/superbwarfare/sbw/vehicles/sodayo_pick_up_tow.json	40	5	DestroyInfo particle=Large; keepBlock
superbwarfare:sodayo_pick_up_tow/Missile	TOW	guided_missile		sbw/src/main/resources/data/superbwarfare/sbw/vehicles/sodayo_pick_up_tow.json	60	8	Weapons.Missile; proj=superbwarfare:wire_guide_missile; direct=600
superbwarfare:speedboat#destroy	speedboat destruction / cook-off	vehicle_destruction		sbw/src/main/resources/data/superbwarfare/sbw/vehicles/speedboat.json	80	5	DestroyInfo particle=Medium; keepBlock
superbwarfare:t_90a#destroy	t_90a destruction / cook-off	vehicle_destruction		sbw/src/main/resources/data/superbwarfare/sbw/vehicles/t_90a.json	200	16	DestroyInfo particle=Giant; keepBlock; SympatheticDetonation
superbwarfare:t_90a/Cannon	AP SHELL	tank_shell_ap	125	sbw/src/main/resources/data/superbwarfare/sbw/vehicles/t_90a.json	80	4	Weapons.Cannon; proj=superbwarfare:cannon_shell; shell=AP; direct=700; KINETIC_WITH_BLAST
superbwarfare:t_90a/Cannon[AmmoType[1]]	HE SHELL	tank_shell_he	125	sbw/src/main/resources/data/superbwarfare/sbw/vehicles/t_90a.json	120	10	Weapons.Cannon.AmmoType[1].Override; proj=superbwarfare:cannon_shell; shell=HE; direct=250
superbwarfare:tiny_speedboat#destroy	tiny_speedboat destruction / cook-off	vehicle_destruction		sbw/src/main/resources/data/superbwarfare/sbw/vehicles/tiny_speedboat.json	15	2	DestroyInfo particle=Medium; keepBlock
superbwarfare:tom_6#destroy	tom_6 destruction / cook-off	vehicle_destruction		sbw/src/main/resources/data/superbwarfare/sbw/vehicles/tom_6.json	15	2	DestroyInfo particle=Medium; keepBlock
superbwarfare:tom_6/MelonBomb	MelonBomb	bomb		sbw/src/main/resources/data/superbwarfare/sbw/vehicles/tom_6.json	500	11	Weapons.MelonBomb; proj=superbwarfare:melon_bomb; direct=
superbwarfare:tow/Missile	TOW	guided_missile		sbw/src/main/resources/data/superbwarfare/sbw/vehicles/tow.json	60	8	Weapons.Missile; proj=superbwarfare:wire_guide_missile; direct=600
superbwarfare:truck#destroy	truck destruction / cook-off	vehicle_destruction		sbw/src/main/resources/data/superbwarfare/sbw/vehicles/truck.json	120	7	DestroyInfo particle=Huge; keepBlock
superbwarfare:type_63#destroy	type_63 destruction / cook-off	vehicle_destruction		sbw/src/main/resources/data/superbwarfare/sbw/vehicles/type_63.json	20	2	DestroyInfo particle=Medium; keepBlock
superbwarfare:type_63/AP	AP	rocket_ap		sbw/src/main/resources/data/superbwarfare/sbw/vehicles/type_63.json	100	5	Weapons.AP; proj=superbwarfare:medium_rocket; shell=AP; direct=500; KINETIC_WITH_BLAST
superbwarfare:type_63/HE	HE	rocket_he		sbw/src/main/resources/data/superbwarfare/sbw/vehicles/type_63.json	200	12	Weapons.HE; proj=superbwarfare:medium_rocket; shell=HE; direct=200
superbwarfare:type_63/CM	CM	rocket_cm		sbw/src/main/resources/data/superbwarfare/sbw/vehicles/type_63.json	300	6	Weapons.CM; proj=superbwarfare:medium_rocket; shell=CM; direct=300
superbwarfare:vehicle_assembling_table#destroy	vehicle_assembling_table destruction / cook-off	vehicle_destruction		sbw/src/main/resources/data/superbwarfare/sbw/vehicles/vehicle_assembling_table.json	20	3	DestroyInfo particle=Small; keepBlock
superbwarfare:waveforce_tower#destroy	waveforce_tower destruction / cook-off	vehicle_destruction		sbw/src/main/resources/data/superbwarfare/sbw/vehicles/waveforce_tower.json	120	6	DestroyInfo particle=Huge; keepBlock; SympatheticDetonation
superbwarfare:waveforce_tower/Main	Main	laser		sbw/src/main/resources/data/superbwarfare/sbw/vehicles/waveforce_tower.json	60	10	Weapons.Main; proj=ray; direct=350
superbwarfare:wheel_chair#destroy	wheel_chair destruction / cook-off	vehicle_destruction		sbw/src/main/resources/data/superbwarfare/sbw/vehicles/wheel_chair.json	10	2	DestroyInfo particle=Small; keepBlock
superbwarfare:yx_100#destroy	yx_100 destruction / cook-off	vehicle_destruction		sbw/src/main/resources/data/superbwarfare/sbw/vehicles/yx_100.json	200	16	DestroyInfo particle=Giant; keepBlock; SympatheticDetonation
superbwarfare:yx_100/Cannon	AP SHELL	tank_shell_ap		sbw/src/main/resources/data/superbwarfare/sbw/vehicles/yx_100.json	120	5	Weapons.Cannon; proj=superbwarfare:cannon_shell; shell=AP; direct=1500; KINETIC_WITH_BLAST
superbwarfare:yx_100/Cannon[AmmoType[1]]	HE SHELL	tank_shell_he		sbw/src/main/resources/data/superbwarfare/sbw/vehicles/yx_100.json	200	11	Weapons.Cannon.AmmoType[1].Override; proj=superbwarfare:cannon_shell; shell=HE; direct=750
superbwarfare:yx_100/PassengerCannon	30MM CANNON AP	autocannon	30	sbw/src/main/resources/data/superbwarfare/sbw/vehicles/yx_100.json	6	2	Weapons.PassengerCannon; proj=superbwarfare:small_cannon_shell; direct=60
superbwarfare:yx_100/PassengerCannon[AmmoType[1]]	30MM CANNON HE	autocannon	30	sbw/src/main/resources/data/superbwarfare/sbw/vehicles/yx_100.json	18	4.5	Weapons.PassengerCannon.AmmoType[1].Override; proj=superbwarfare:small_cannon_shell; direct=25
superbwarfare:yx_100/SwarmDrone	SWARM DRONE	loitering_munition		sbw/src/main/resources/data/superbwarfare/sbw/vehicles/yx_100.json	150	5	Weapons.SwarmDrone; proj=superbwarfare:swarm_drone; direct=
superbwarfare:yx_100/SwarmDrone[AmmoType[1]]	SWARM DRONE	loitering_munition		sbw/src/main/resources/data/superbwarfare/sbw/vehicles/yx_100.json	150	5	Weapons.SwarmDrone.AmmoType[1].Override; proj=superbwarfare:swarm_drone; direct=
superbwarfare:ztz_99a#destroy	ztz_99a destruction / cook-off	vehicle_destruction		sbw/src/main/resources/data/superbwarfare/sbw/vehicles/ztz_99a.json	200	16	DestroyInfo particle=Giant; keepBlock; SympatheticDetonation
superbwarfare:ztz_99a/Cannon	AP SHELL	tank_shell_ap		sbw/src/main/resources/data/superbwarfare/sbw/vehicles/ztz_99a.json	80	4	Weapons.Cannon; proj=superbwarfare:cannon_shell; shell=AP; direct=700; KINETIC_WITH_BLAST
superbwarfare:ztz_99a/Cannon[AmmoType[1]]	HE SHELL	tank_shell_he		sbw/src/main/resources/data/superbwarfare/sbw/vehicles/ztz_99a.json	120	10	Weapons.Cannon.AmmoType[1].Override; proj=superbwarfare:cannon_shell; shell=HE; direct=250
berts_vehicle_pack:guns/aircraft_guns/gsh23l_200	23 mm GSh-23L	autocannon_he	23	bvp/src/generated/resources/data/berts_vehicle_pack/sbw/guns/aircraft_guns/gsh23l_200.json	0	3.8333	gun profile; profile=berts_vehicle_pack:aircraft_rounds/gsh23l/gsh23l_air_game; proj=superbwarfare:small_cannon_shell; round=berts_vehicle_pack:gsh23l_air_game; direct=191.667; FX_ONLY(ED=0)
berts_vehicle_pack:guns/aircraft_guns/gsh23l_pair400	23 mm GSh-23L	autocannon_he	23	bvp/src/generated/resources/data/berts_vehicle_pack/sbw/guns/aircraft_guns/gsh23l_pair400.json	0	3.8333	gun profile; profile=berts_vehicle_pack:aircraft_rounds/gsh23l/gsh23l_air_game; proj=superbwarfare:small_cannon_shell; round=berts_vehicle_pack:gsh23l_air_game; direct=191.667; FX_ONLY(ED=0)
berts_vehicle_pack:guns/aircraft_rockets/s8ko_pair40	S-8KO rockets	rocket_heat	80	bvp/src/generated/resources/data/berts_vehicle_pack/sbw/guns/aircraft_rockets/s8ko_pair40.json	0	6	gun profile; profile=berts_vehicle_pack:aircraft_rockets/s8ko; proj=berts_vehicle_pack:s8ko_rocket; round=berts_vehicle_pack:s8ko; direct=100; FX_ONLY(ED=0)
berts_vehicle_pack:guns/aircraft_stores/agm114k_ah64d	AGM-114K Hellfire II	guided_missile_he	178	bvp/src/generated/resources/data/berts_vehicle_pack/sbw/guns/aircraft_stores/agm114k_ah64d.json	90	0.5	gun profile; profile=berts_vehicle_pack:aircraft_stores/agm114k_ah64d; proj=superbwarfare:wire_guide_missile; round=berts_vehicle_pack:ah_64d/agm114_proxy; direct=700; fragments(n=32,range=1,dmg=4,maxHits=2); heavy_warhead(inner=0.5,outer=1,heavy=0.1,light=0.2)
berts_vehicle_pack:guns/aircraft_stores/agm12b	AGM-12B Bullpup · manual radio command	guided_missile_he	305	bvp/src/generated/resources/data/berts_vehicle_pack/sbw/guns/aircraft_stores/agm12b.json	1400	3	gun profile; profile=berts_vehicle_pack:aircraft_stores/agm12b; proj=superbwarfare:wire_guide_missile; round=berts_vehicle_pack:agm12b; direct=1400; heavy_warhead(inner=3,outer=6,heavy=0.3,light=0.5)
berts_vehicle_pack:guns/aircraft_stores/agm65	AGM-65	guided_missile_he	380	bvp/src/generated/resources/data/berts_vehicle_pack/sbw/guns/aircraft_stores/agm65.json	1600	0.625	gun profile; profile=berts_vehicle_pack:aircraft_stores/agm65; proj=superbwarfare:wire_guide_missile; round=berts_vehicle_pack:fa18e/agm65; direct=1600; fragments(n=192,range=1.25,dmg=8,maxHits=4); heavy_warhead(inner=0.625,outer=1.25,heavy=0.25,light=0.333)
berts_vehicle_pack:guns/aircraft_stores/agm65e	AGM-65E Maverick · laser	guided_missile_he	380	bvp/src/generated/resources/data/berts_vehicle_pack/sbw/guns/aircraft_stores/agm65e.json	1600	0.625	gun profile; profile=berts_vehicle_pack:aircraft_stores/agm65e; proj=superbwarfare:wire_guide_missile; round=berts_vehicle_pack:fa18e/agm65e; direct=1600; fragments(n=192,range=1.25,dmg=8,maxHits=4); heavy_warhead(inner=0.625,outer=1.25,heavy=0.25,light=0.333)
berts_vehicle_pack:guns/aircraft_stores/falanga_9m17m	9M17M Falanga · manual radio command	guided_missile_heat	142	bvp/src/generated/resources/data/berts_vehicle_pack/sbw/guns/aircraft_stores/falanga_9m17m.json	850	1.5	gun profile; profile=berts_vehicle_pack:aircraft_stores/falanga_9m17m; proj=superbwarfare:wire_guide_missile; round=berts_vehicle_pack:falanga_9m17m; direct=850; heavy_warhead(inner=1.5,outer=3,heavy=0.12,light=0.2)
berts_vehicle_pack:guns/aircraft_stores/hot3_uht	HOT 3 · interim laser-control proxy	guided_missile_he	150	bvp/src/generated/resources/data/berts_vehicle_pack/sbw/guns/aircraft_stores/hot3_uht.json	70	0.5	gun profile; profile=berts_vehicle_pack:aircraft_stores/hot3_uht; proj=superbwarfare:wire_guide_missile; round=berts_vehicle_pack:eurocopter_tiger/hot3_proxy; direct=550; fragments(n=24,range=1,dmg=4,maxHits=2); heavy_warhead(inner=0.5,outer=1,heavy=0.1,light=0.2)
berts_vehicle_pack:guns/aircraft_stores/kh25l	Kh-25L	guided_missile_he	380	bvp/src/generated/resources/data/berts_vehicle_pack/sbw/guns/aircraft_stores/kh25l.json	1600	0.625	gun profile; profile=berts_vehicle_pack:aircraft_stores/kh25l; proj=superbwarfare:wire_guide_missile; round=berts_vehicle_pack:kh25l; direct=1600; fragments(n=192,range=1.25,dmg=8,maxHits=4); heavy_warhead(inner=0.625,outer=1.25,heavy=0.25,light=0.333)
berts_vehicle_pack:guns/aircraft_stores/kh25ml	Kh-25ML	guided_missile_he	380	bvp/src/generated/resources/data/berts_vehicle_pack/sbw/guns/aircraft_stores/kh25ml.json	1600	0.625	gun profile; profile=berts_vehicle_pack:aircraft_stores/kh25ml; proj=superbwarfare:wire_guide_missile; round=berts_vehicle_pack:kh25ml; direct=1600; fragments(n=192,range=1.25,dmg=8,maxHits=4); heavy_warhead(inner=0.625,outer=1.25,heavy=0.25,light=0.333)
berts_vehicle_pack:guns/aircraft_stores/kh29l	Kh-29ML · laser	guided_missile_he	380	bvp/src/generated/resources/data/berts_vehicle_pack/sbw/guns/aircraft_stores/kh29l.json	3200	1.25	gun profile; profile=berts_vehicle_pack:aircraft_stores/kh29l; proj=superbwarfare:wire_guide_missile; round=berts_vehicle_pack:kh29l; direct=3200; fragments(n=192,range=2.5,dmg=8,maxHits=4); heavy_warhead(inner=1.25,outer=2.5,heavy=0.5,light=0.667)
berts_vehicle_pack:aircraft_stores/ah_64d/agm114_proxy	AGM-114K Hellfire II	laser_guided	178	bvp/src/generated/resources/data/berts_vehicle_pack/sbw/aircraft_stores/ah_64d/agm114_proxy.json	90	0.5	Category=LASER_GUIDED; MassKg=49; profile=berts_vehicle_pack:aircraft_stores/agm114k_ah64d; fragments(n=32,range=1,dmg=4,maxHits=2); heavy_warhead(inner=0.5,outer=1,heavy=0.1,light=0.2); values from gun profile berts_vehicle_pack:aircraft_stores/agm114k_ah64d
berts_vehicle_pack:aircraft_stores/eurocopter_tiger/aim92	AIM-92 Stinger · infrared	missile_air_to_air		bvp/src/generated/resources/data/berts_vehicle_pack/sbw/aircraft_stores/eurocopter_tiger/aim92.json	40	3	Category=AIR_TO_AIR; MassKg=10.1; guidance=INFRARED; Flight.Damage/BlastRadius handed to external FFA dev.ballistics; damage path not in repo
berts_vehicle_pack:aircraft_stores/eurocopter_tiger/hot3_proxy	HOT 3 · interim laser-control proxy	laser_guided	150	bvp/src/generated/resources/data/berts_vehicle_pack/sbw/aircraft_stores/eurocopter_tiger/hot3_proxy.json	70	0.5	Category=LASER_GUIDED; MassKg=29.6; profile=berts_vehicle_pack:aircraft_stores/hot3_uht; fragments(n=24,range=1,dmg=4,maxHits=2); heavy_warhead(inner=0.5,outer=1,heavy=0.1,light=0.2); values from gun profile berts_vehicle_pack:aircraft_stores/hot3_uht
berts_vehicle_pack:aircraft_stores/fa18e/agm65	AGM-65 · laser-guided	laser_guided	380	bvp/src/generated/resources/data/berts_vehicle_pack/sbw/aircraft_stores/fa18e/agm65.json	1600	0.625	Category=LASER_GUIDED; MassKg=300; profile=berts_vehicle_pack:aircraft_stores/agm65; fragments(n=192,range=1.25,dmg=8,maxHits=4); heavy_warhead(inner=0.625,outer=1.25,heavy=0.25,light=0.333); values from gun profile berts_vehicle_pack:aircraft_stores/agm65
berts_vehicle_pack:aircraft_stores/fa18e/agm65d	AGM-65D Maverick · ground fire and forget	missile_air_to_ground		bvp/src/generated/resources/data/berts_vehicle_pack/sbw/aircraft_stores/fa18e/agm65d.json	1600	1.25	Category=AIR_TO_GROUND; MassKg=300; guidance=GROUND_INFRARED; Flight.Damage/BlastRadius handed to external FFA dev.ballistics; damage path not in repo
berts_vehicle_pack:aircraft_stores/fa18e/agm65e	AGM-65E Maverick · laser-guided	laser_guided	380	bvp/src/generated/resources/data/berts_vehicle_pack/sbw/aircraft_stores/fa18e/agm65e.json	1600	0.625	Category=LASER_GUIDED; MassKg=300; profile=berts_vehicle_pack:aircraft_stores/agm65e; fragments(n=192,range=1.25,dmg=8,maxHits=4); heavy_warhead(inner=0.625,outer=1.25,heavy=0.25,light=0.333); values from gun profile berts_vehicle_pack:aircraft_stores/agm65e
berts_vehicle_pack:aircraft_stores/fa18e/agm84e	AGM-84K SLAM-ER · cruise	missile_cruise		bvp/src/generated/resources/data/berts_vehicle_pack/sbw/aircraft_stores/fa18e/agm84e.json	100	7	Category=CRUISE; MassKg=700; guidance=None; Flight.Damage/BlastRadius handed to external FFA dev.ballistics; damage path not in repo
berts_vehicle_pack:aircraft_stores/fa18e/agm88	AGM-88 · anti-radiation	missile_anti_radiation		bvp/src/generated/resources/data/berts_vehicle_pack/sbw/aircraft_stores/fa18e/agm88.json	85	8	Category=ANTI_RADIATION; MassKg=650; guidance=ANTI_RADIATION; Flight.Damage/BlastRadius handed to external FFA dev.ballistics; damage path not in repo
berts_vehicle_pack:aircraft_stores/fa18e/aim120	AIM-120 · active radar	missile_air_to_air		bvp/src/generated/resources/data/berts_vehicle_pack/sbw/aircraft_stores/fa18e/aim120.json	80	5	Category=AIR_TO_AIR; MassKg=180; guidance=ACTIVE_RADAR; Flight.Damage/BlastRadius handed to external FFA dev.ballistics; damage path not in repo
berts_vehicle_pack:aircraft_stores/fa18e/aim120_x2	AIM-120 · active radar · shoulder rails	missile_air_to_air		bvp/src/generated/resources/data/berts_vehicle_pack/sbw/aircraft_stores/fa18e/aim120_x2.json	80	5	Category=AIR_TO_AIR; MassKg=180; guidance=ACTIVE_RADAR; Flight.Damage/BlastRadius handed to external FFA dev.ballistics; damage path not in repo
berts_vehicle_pack:aircraft_stores/fa18e/aim174b	AIM-174B · long-range active radar	missile_air_to_air		bvp/src/generated/resources/data/berts_vehicle_pack/sbw/aircraft_stores/fa18e/aim174b.json	80	5	Category=AIR_TO_AIR; MassKg=350; guidance=ACTIVE_RADAR; Flight.Damage/BlastRadius handed to external FFA dev.ballistics; damage path not in repo
berts_vehicle_pack:aircraft_stores/fa18e/aim9m	AIM-9M · infrared	missile_air_to_air		bvp/src/generated/resources/data/berts_vehicle_pack/sbw/aircraft_stores/fa18e/aim9m.json	40	3	Category=AIR_TO_AIR; MassKg=44; guidance=INFRARED; Flight.Damage/BlastRadius handed to external FFA dev.ballistics; damage path not in repo
berts_vehicle_pack:aircraft_stores/fa18e/aim9m_x2	AIM-9M · infrared · shoulder rails	missile_air_to_air		bvp/src/generated/resources/data/berts_vehicle_pack/sbw/aircraft_stores/fa18e/aim9m_x2.json	40	3	Category=AIR_TO_AIR; MassKg=44; guidance=INFRARED; Flight.Damage/BlastRadius handed to external FFA dev.ballistics; damage path not in repo
berts_vehicle_pack:aircraft_stores/fa18e/bomb_500kg_dumb_1	500 kg HE freefall	bomb_dumb		bvp/src/generated/resources/data/berts_vehicle_pack/sbw/aircraft_stores/fa18e/bomb_500kg_dumb_1.json	800	28	Category=BOMB; MassKg=500; entity=sc_250
berts_vehicle_pack:aircraft_stores/fa18e/bomb_500kg_dumb_2	500 kg HE freefall · fixed twin rack	bomb_dumb		bvp/src/generated/resources/data/berts_vehicle_pack/sbw/aircraft_stores/fa18e/bomb_500kg_dumb_2.json	800	28	Category=BOMB; MassKg=500; entity=sc_250
berts_vehicle_pack:aircraft_stores/fa18e/bomb_500kg_gps_1	500 kg GPS JDAM	bomb_gps		bvp/src/generated/resources/data/berts_vehicle_pack/sbw/aircraft_stores/fa18e/bomb_500kg_gps_1.json	800	28	Category=BOMB; MassKg=500; entity=sc_250
berts_vehicle_pack:aircraft_stores/fa18e/bomb_500kg_gps_2	500 kg GPS JDAM · fixed twin rack	bomb_gps		bvp/src/generated/resources/data/berts_vehicle_pack/sbw/aircraft_stores/fa18e/bomb_500kg_gps_2.json	800	28	Category=BOMB; MassKg=500; entity=sc_250
berts_vehicle_pack:aircraft_stores/fa18e/bomb_500kg_laser_1	500 kg laser JDAM	bomb_laser		bvp/src/generated/resources/data/berts_vehicle_pack/sbw/aircraft_stores/fa18e/bomb_500kg_laser_1.json	800	28	Category=BOMB; MassKg=500; entity=sc_250
berts_vehicle_pack:aircraft_stores/fa18e/bomb_500kg_laser_2	500 kg laser JDAM · fixed twin rack	bomb_laser		bvp/src/generated/resources/data/berts_vehicle_pack/sbw/aircraft_stores/fa18e/bomb_500kg_laser_2.json	800	28	Category=BOMB; MassKg=500; entity=sc_250
berts_vehicle_pack:aircraft_stores/fab_100	FAB-100 · 100 kg HE	bomb_dumb		bvp/src/generated/resources/data/berts_vehicle_pack/sbw/aircraft_stores/fab_100.json	200	14.7361	Category=BOMB; MassKg=100; profile=berts_vehicle_pack:aircraft_bombs/fab_100; entity=sc_50
berts_vehicle_pack:aircraft_stores/fab_100_x2	FAB-100 · two-bomb rack	bomb_dumb		bvp/src/generated/resources/data/berts_vehicle_pack/sbw/aircraft_stores/fab_100_x2.json	200	14.7361	Category=BOMB; MassKg=100; profile=berts_vehicle_pack:aircraft_bombs/fab_100; entity=sc_50
berts_vehicle_pack:aircraft_stores/fab_100_x3	FAB-100 · three-bomb rack	bomb_dumb		bvp/src/generated/resources/data/berts_vehicle_pack/sbw/aircraft_stores/fab_100_x3.json	200	14.7361	Category=BOMB; MassKg=100; profile=berts_vehicle_pack:aircraft_bombs/fab_100; entity=sc_50
berts_vehicle_pack:aircraft_stores/fab_1500	FAB-1500 · 1500 kg HE	bomb_dumb		bvp/src/generated/resources/data/berts_vehicle_pack/sbw/aircraft_stores/fab_1500.json	1200	36	Category=BOMB; MassKg=1500; profile=berts_vehicle_pack:aircraft_bombs/fab_1500; entity=mk_82
berts_vehicle_pack:aircraft_stores/fab_250	FAB-250 · 250 kg HE	bomb_dumb		bvp/src/generated/resources/data/berts_vehicle_pack/sbw/aircraft_stores/fab_250.json	500	20	Category=BOMB; MassKg=250; profile=berts_vehicle_pack:aircraft_bombs/fab_250; entity=sc_250
berts_vehicle_pack:aircraft_stores/fab_250_x2	FAB-250 · two-bomb rack	bomb_dumb		bvp/src/generated/resources/data/berts_vehicle_pack/sbw/aircraft_stores/fab_250_x2.json	500	20	Category=BOMB; MassKg=250; profile=berts_vehicle_pack:aircraft_bombs/fab_250; entity=sc_250
berts_vehicle_pack:aircraft_stores/fab_3000	FAB-3000 · 3000 kg HE	bomb_dumb		bvp/src/generated/resources/data/berts_vehicle_pack/sbw/aircraft_stores/fab_3000.json	1800	42	Category=BOMB; MassKg=3000; profile=berts_vehicle_pack:aircraft_bombs/fab_3000; entity=mk_82
berts_vehicle_pack:aircraft_stores/fab_500	FAB-500 · 500 kg HE	bomb_dumb		bvp/src/generated/resources/data/berts_vehicle_pack/sbw/aircraft_stores/fab_500.json	800	28	Category=BOMB; MassKg=500; profile=berts_vehicle_pack:aircraft_bombs/fab_500; entity=sc_250
berts_vehicle_pack:aircraft_stores/fab_5000	FAB-5000 · 5000 kg HE	bomb_dumb		bvp/src/generated/resources/data/berts_vehicle_pack/sbw/aircraft_stores/fab_5000.json	2400	48	Category=BOMB; MassKg=5000; profile=berts_vehicle_pack:aircraft_bombs/fab_5000; entity=mk_82
berts_vehicle_pack:aircraft_stores/gsh23_pod	GSh-23 gun pod	gun_pod		bvp/src/generated/resources/data/berts_vehicle_pack/sbw/aircraft_stores/gsh23_pod.json	0	3.8333	Category=GUN_POD; MassKg=2.25; values from gun profile berts_vehicle_pack:aircraft_guns/gsh23l_200
berts_vehicle_pack:aircraft_stores/kh25ml	Kh-25ML · laser	laser_guided	380	bvp/src/generated/resources/data/berts_vehicle_pack/sbw/aircraft_stores/kh25ml.json	1600	0.625	Category=LASER_GUIDED; MassKg=320; profile=berts_vehicle_pack:aircraft_stores/kh25ml; fragments(n=192,range=1.25,dmg=8,maxHits=4); heavy_warhead(inner=0.625,outer=1.25,heavy=0.25,light=0.333); values from gun profile berts_vehicle_pack:aircraft_stores/kh25ml
berts_vehicle_pack:aircraft_stores/kh25mt	Kh-25MT · ground fire and forget	missile_air_to_ground		bvp/src/generated/resources/data/berts_vehicle_pack/sbw/aircraft_stores/kh25mt.json	1600	1.25	Category=AIR_TO_GROUND; MassKg=320; guidance=GROUND_INFRARED; Flight.Damage/BlastRadius handed to external FFA dev.ballistics; damage path not in repo
berts_vehicle_pack:aircraft_stores/kh29d	Kh-29D · ground fire-and-forget	missile_air_to_ground		bvp/src/generated/resources/data/berts_vehicle_pack/sbw/aircraft_stores/kh29d.json	3200	2.5	Category=AIR_TO_GROUND; MassKg=660; guidance=GROUND_INFRARED; Flight.Damage/BlastRadius handed to external FFA dev.ballistics; damage path not in repo
berts_vehicle_pack:aircraft_stores/kh29l	Kh-29ML · laser	laser_guided	380	bvp/src/generated/resources/data/berts_vehicle_pack/sbw/aircraft_stores/kh29l.json	3200	1.25	Category=LASER_GUIDED; MassKg=660; profile=berts_vehicle_pack:aircraft_stores/kh29l; fragments(n=192,range=2.5,dmg=8,maxHits=4); heavy_warhead(inner=1.25,outer=2.5,heavy=0.5,light=0.667); values from gun profile berts_vehicle_pack:aircraft_stores/kh29l
berts_vehicle_pack:aircraft_stores/kh55	Kh-55 cruise missile	missile_cruise		bvp/src/generated/resources/data/berts_vehicle_pack/sbw/aircraft_stores/kh55.json	100	10	Category=CRUISE; MassKg=1700; guidance=None; Flight.Damage/BlastRadius handed to external FFA dev.ballistics; damage path not in repo
berts_vehicle_pack:aircraft_stores/modeled_store/eurofighter_typhoon/1587884386	metor	store_air_to_air_nonlaunchable		bvp/src/generated/resources/data/berts_vehicle_pack/sbw/aircraft_stores/modeled_store/eurofighter_typhoon/1587884386.json			Category=AIR_TO_AIR; no Bomb/Flight/Guidance: not launchable via store system
berts_vehicle_pack:aircraft_stores/modeled_store/eurofighter_typhoon/2002700053	irist	store_air_to_air_nonlaunchable		bvp/src/generated/resources/data/berts_vehicle_pack/sbw/aircraft_stores/modeled_store/eurofighter_typhoon/2002700053.json			Category=AIR_TO_AIR; no Bomb/Flight/Guidance: not launchable via store system
berts_vehicle_pack:aircraft_stores/modeled_store/f_104g/561840811	aim9b_fgw2	store_air_to_air_nonlaunchable		bvp/src/generated/resources/data/berts_vehicle_pack/sbw/aircraft_stores/modeled_store/f_104g/561840811.json			Category=AIR_TO_AIR; no Bomb/Flight/Guidance: not launchable via store system
berts_vehicle_pack:aircraft_stores/modeled_store/f_5a/wingtip_left	F-5A modeled left wingtip missile	store_air_to_air_nonlaunchable		bvp/src/generated/resources/data/berts_vehicle_pack/sbw/aircraft_stores/modeled_store/f_5a/wingtip_left.json			Category=AIR_TO_AIR; no Bomb/Flight/Guidance: not launchable via store system
berts_vehicle_pack:aircraft_stores/modeled_store/f_5a/wingtip_right	F-5A modeled right wingtip missile	store_air_to_air_nonlaunchable		bvp/src/generated/resources/data/berts_vehicle_pack/sbw/aircraft_stores/modeled_store/f_5a/wingtip_right.json			Category=AIR_TO_AIR; no Bomb/Flight/Guidance: not launchable via store system
berts_vehicle_pack:aircraft_stores/modeled_store/fiat_g_91/217650135	MK_82	store_bomb_nonlaunchable		bvp/src/generated/resources/data/berts_vehicle_pack/sbw/aircraft_stores/modeled_store/fiat_g_91/217650135.json			Category=BOMB; no Bomb/Flight/Guidance: not launchable via store system
berts_vehicle_pack:aircraft_stores/modeled_store/mig_21bis/r60mk	MiG-21bis modeled R-60MK missiles	store_air_to_air_nonlaunchable		bvp/src/generated/resources/data/berts_vehicle_pack/sbw/aircraft_stores/modeled_store/mig_21bis/r60mk.json			Category=AIR_TO_AIR; no Bomb/Flight/Guidance: not launchable via store system
berts_vehicle_pack:aircraft_stores/modeled_store/mig_29/1855504466	r77	store_air_to_air_nonlaunchable		bvp/src/generated/resources/data/berts_vehicle_pack/sbw/aircraft_stores/modeled_store/mig_29/1855504466.json			Category=AIR_TO_AIR; no Bomb/Flight/Guidance: not launchable via store system
berts_vehicle_pack:aircraft_stores/modeled_store/mig_29/1967824589	r73	store_air_to_air_nonlaunchable		bvp/src/generated/resources/data/berts_vehicle_pack/sbw/aircraft_stores/modeled_store/mig_29/1967824589.json			Category=AIR_TO_AIR; no Bomb/Flight/Guidance: not launchable via store system
berts_vehicle_pack:aircraft_stores/modeled_store/panavia_tornado_ids_marineflieger/570313542	aim9l	store_air_to_air_nonlaunchable		bvp/src/generated/resources/data/berts_vehicle_pack/sbw/aircraft_stores/modeled_store/panavia_tornado_ids_marineflieger/570313542.json			Category=AIR_TO_AIR; no Bomb/Flight/Guidance: not launchable via store system
berts_vehicle_pack:aircraft_stores/modeled_store/saab_105/715952438	Zuni	store_rocket_pod_nonlaunchable		bvp/src/generated/resources/data/berts_vehicle_pack/sbw/aircraft_stores/modeled_store/saab_105/715952438.json			Category=ROCKET_POD; no Bomb/Flight/Guidance: not launchable via store system
berts_vehicle_pack:aircraft_stores/modeled_store/saab_29_tunnan/1020342320	AIM-9	store_air_to_air_nonlaunchable		bvp/src/generated/resources/data/berts_vehicle_pack/sbw/aircraft_stores/modeled_store/saab_29_tunnan/1020342320.json			Category=AIR_TO_AIR; no Bomb/Flight/Guidance: not launchable via store system
berts_vehicle_pack:aircraft_stores/modeled_store/saab_35_draken/126320020	rb24j	store_air_to_air_nonlaunchable		bvp/src/generated/resources/data/berts_vehicle_pack/sbw/aircraft_stores/modeled_store/saab_35_draken/126320020.json			Category=AIR_TO_AIR; no Bomb/Flight/Guidance: not launchable via store system
berts_vehicle_pack:aircraft_stores/modeled_store/saab_37_viggen/583528770	AIM-9	store_air_to_air_nonlaunchable		bvp/src/generated/resources/data/berts_vehicle_pack/sbw/aircraft_stores/modeled_store/saab_37_viggen/583528770.json			Category=AIR_TO_AIR; no Bomb/Flight/Guidance: not launchable via store system
berts_vehicle_pack:aircraft_stores/modeled_store/saab_jas_39_gripen/297816339	rb74m	store_air_to_air_nonlaunchable		bvp/src/generated/resources/data/berts_vehicle_pack/sbw/aircraft_stores/modeled_store/saab_jas_39_gripen/297816339.json			Category=AIR_TO_AIR; no Bomb/Flight/Guidance: not launchable via store system
berts_vehicle_pack:aircraft_stores/modeled_store/saab_jas_39_gripen/596302086	rb71	store_air_to_air_nonlaunchable		bvp/src/generated/resources/data/berts_vehicle_pack/sbw/aircraft_stores/modeled_store/saab_jas_39_gripen/596302086.json			Category=AIR_TO_AIR; no Bomb/Flight/Guidance: not launchable via store system
berts_vehicle_pack:aircraft_stores/modeled_store/saab_jas_39_gripen/978891858	GBU-12	store_bomb_nonlaunchable		bvp/src/generated/resources/data/berts_vehicle_pack/sbw/aircraft_stores/modeled_store/saab_jas_39_gripen/978891858.json			Category=BOMB; no Bomb/Flight/Guidance: not launchable via store system
berts_vehicle_pack:aircraft_stores/modeled_store/su_17/1513879432	R-13M	store_air_to_air_nonlaunchable		bvp/src/generated/resources/data/berts_vehicle_pack/sbw/aircraft_stores/modeled_store/su_17/1513879432.json			Category=AIR_TO_AIR; no Bomb/Flight/Guidance: not launchable via store system
berts_vehicle_pack:aircraft_stores/modeled_store/su_17/924841051	BombUSSR100kg	store_bomb_nonlaunchable		bvp/src/generated/resources/data/berts_vehicle_pack/sbw/aircraft_stores/modeled_store/su_17/924841051.json			Category=BOMB; no Bomb/Flight/Guidance: not launchable via store system
berts_vehicle_pack:aircraft_stores/modeled_store/su_25/249509779	BombUSSR100kg	store_bomb_nonlaunchable		bvp/src/generated/resources/data/berts_vehicle_pack/sbw/aircraft_stores/modeled_store/su_25/249509779.json			Category=BOMB; no Bomb/Flight/Guidance: not launchable via store system
berts_vehicle_pack:aircraft_stores/modeled_store/su_27/1734044096	r77	store_air_to_air_nonlaunchable		bvp/src/generated/resources/data/berts_vehicle_pack/sbw/aircraft_stores/modeled_store/su_27/1734044096.json			Category=AIR_TO_AIR; no Bomb/Flight/Guidance: not launchable via store system
berts_vehicle_pack:aircraft_stores/modeled_store/su_27/310593714	r27et	store_air_to_air_nonlaunchable		bvp/src/generated/resources/data/berts_vehicle_pack/sbw/aircraft_stores/modeled_store/su_27/310593714.json			Category=AIR_TO_AIR; no Bomb/Flight/Guidance: not launchable via store system
berts_vehicle_pack:aircraft_stores/modeled_store/su_27/880185541	r73	store_air_to_air_nonlaunchable		bvp/src/generated/resources/data/berts_vehicle_pack/sbw/aircraft_stores/modeled_store/su_27/880185541.json			Category=AIR_TO_AIR; no Bomb/Flight/Guidance: not launchable via store system
berts_vehicle_pack:aircraft_stores/munition/agm12b	AGM-12B Bullpup · manual command	command_guided	305	bvp/src/generated/resources/data/berts_vehicle_pack/sbw/aircraft_stores/munition/agm12b.json	1400	3	Category=COMMAND_GUIDED; MassKg=259; profile=berts_vehicle_pack:aircraft_stores/agm12b; heavy_warhead(inner=3,outer=6,heavy=0.3,light=0.5); values from gun profile berts_vehicle_pack:aircraft_stores/agm12b
berts_vehicle_pack:aircraft_stores/munition/agm45a	AGM-45A Shrike · anti-radiation	missile_anti_radiation		bvp/src/generated/resources/data/berts_vehicle_pack/sbw/aircraft_stores/munition/agm45a.json	65	5	Category=ANTI_RADIATION; MassKg=177; guidance=ANTI_RADIATION; Flight.Damage/BlastRadius handed to external FFA dev.ballistics; damage path not in repo
berts_vehicle_pack:aircraft_stores/munition/aim54a	AIM-54A Phoenix · active terminal radar	missile_air_to_air		bvp/src/generated/resources/data/berts_vehicle_pack/sbw/aircraft_stores/munition/aim54a.json	100	6	Category=AIR_TO_AIR; MassKg=446.6; guidance=ACTIVE_RADAR; Flight.Damage/BlastRadius handed to external FFA dev.ballistics; damage path not in repo
berts_vehicle_pack:aircraft_stores/munition/aim54c_plus	AIM-54C+ Phoenix · active terminal radar	missile_air_to_air		bvp/src/generated/resources/data/berts_vehicle_pack/sbw/aircraft_stores/munition/aim54c_plus.json	110	6	Category=AIR_TO_AIR; MassKg=446.8; guidance=ACTIVE_RADAR; Flight.Damage/BlastRadius handed to external FFA dev.ballistics; damage path not in repo
berts_vehicle_pack:aircraft_stores/munition/aim7e	AIM-7E Sparrow · semi-active radar	missile_air_to_air		bvp/src/generated/resources/data/berts_vehicle_pack/sbw/aircraft_stores/munition/aim7e.json	65	4	Category=AIR_TO_AIR; MassKg=196; guidance=SEMI_ACTIVE_RADAR; Flight.Damage/BlastRadius handed to external FFA dev.ballistics; damage path not in repo
berts_vehicle_pack:aircraft_stores/munition/aim9b	AIM-9B Sidewinder · rear-aspect infrared	missile_air_to_air		bvp/src/generated/resources/data/berts_vehicle_pack/sbw/aircraft_stores/munition/aim9b.json	32	2.5	Category=AIR_TO_AIR; MassKg=74.4; guidance=INFRARED; Flight.Damage/BlastRadius handed to external FFA dev.ballistics; damage path not in repo
berts_vehicle_pack:aircraft_stores/munition/aim9b_x2	AIM-9B Sidewinder · rear-aspect infrared · twin-rail launcher	missile_air_to_air		bvp/src/generated/resources/data/berts_vehicle_pack/sbw/aircraft_stores/munition/aim9b_x2.json	32	2.5	Category=AIR_TO_AIR; MassKg=74.4; guidance=INFRARED; Flight.Damage/BlastRadius handed to external FFA dev.ballistics; damage path not in repo
berts_vehicle_pack:aircraft_stores/munition/aim9l	AIM-9L Sidewinder · all-aspect infrared	missile_air_to_air		bvp/src/generated/resources/data/berts_vehicle_pack/sbw/aircraft_stores/munition/aim9l.json	40	3	Category=AIR_TO_AIR; MassKg=84.5; guidance=INFRARED; Flight.Damage/BlastRadius handed to external FFA dev.ballistics; damage path not in repo
berts_vehicle_pack:aircraft_stores/munition/aim9l_x2	AIM-9L Sidewinder · all-aspect infrared · shoulder rails	missile_air_to_air		bvp/src/generated/resources/data/berts_vehicle_pack/sbw/aircraft_stores/munition/aim9l_x2.json	40	3	Category=AIR_TO_AIR; MassKg=84.5; guidance=INFRARED; Flight.Damage/BlastRadius handed to external FFA dev.ballistics; damage path not in repo
berts_vehicle_pack:aircraft_stores/munition/aim9x	AIM-9X Sidewinder · infrared	missile_air_to_air		bvp/src/generated/resources/data/berts_vehicle_pack/sbw/aircraft_stores/munition/aim9x.json	45	3	Category=AIR_TO_AIR; MassKg=85.3; guidance=INFRARED; Flight.Damage/BlastRadius handed to external FFA dev.ballistics; damage path not in repo
berts_vehicle_pack:aircraft_stores/munition/blu109	BLU-109 · hard-target penetrator	bomb_dumb		bvp/src/generated/resources/data/berts_vehicle_pack/sbw/aircraft_stores/munition/blu109.json	900	11	Category=BOMB; MassKg=907; profile=berts_vehicle_pack:aircraft_bombs/blu109; entity=sc_250; penetrator={'MaxDepthBlocks': 4, 'MaxBlockHardness': 12, 'FuzeDelayTicks': 6}
berts_vehicle_pack:aircraft_stores/munition/blu109_jdam	GBU-31(V)4/B · BLU-109 JDAM	bomb_gps		bvp/src/generated/resources/data/berts_vehicle_pack/sbw/aircraft_stores/munition/blu109_jdam.json	900	11	Category=BOMB; MassKg=961; profile=berts_vehicle_pack:aircraft_bombs/blu109_jdam; entity=sc_250; penetrator={'MaxDepthBlocks': 4, 'MaxBlockHardness': 12, 'FuzeDelayTicks': 6}
berts_vehicle_pack:aircraft_stores/munition/cbu87	CBU-87 Combined Effects · cluster	bomb_dumb_cluster		bvp/src/generated/resources/data/berts_vehicle_pack/sbw/aircraft_stores/munition/cbu87.json	0	0	Category=BOMB; MassKg=430; profile=berts_vehicle_pack:aircraft_bombs/cbu87; entity=sc_250; casing inert; bomblets carry damage
berts_vehicle_pack:aircraft_stores/munition/cbu87#bomblet	CBU-87 Combined Effects · cluster bomblet	cluster_bomblet_he		bvp/src/generated/resources/data/berts_vehicle_pack/sbw/aircraft_stores/munition/cbu87.json	55	1.5	count=24; profile=berts_vehicle_pack:cluster_bomblet; entity=sc_50
berts_vehicle_pack:aircraft_stores/munition/cbu97	CBU-97 · sensor-fuzed anti-armor	bomb_dumb_cluster		bvp/src/generated/resources/data/berts_vehicle_pack/sbw/aircraft_stores/munition/cbu97.json	0	0	Category=BOMB; MassKg=420; profile=berts_vehicle_pack:aircraft_bombs/cbu97; entity=sc_250; casing inert; bomblets carry damage
berts_vehicle_pack:aircraft_stores/munition/cbu97#bomblet	CBU-97 · sensor-fuzed anti-armor bomblet	cluster_bomblet_sensor_fuzed		bvp/src/generated/resources/data/berts_vehicle_pack/sbw/aircraft_stores/munition/cbu97.json	0	1	count=10; profile=berts_vehicle_pack:aircraft_bombs/cbu97_efp; entity=sc_50; sensor(radius=8,shots=4)
berts_vehicle_pack:aircraft_stores/munition/cbu99_rockeye_ii	CBU-99 Rockeye II · anti-armor bomblets	bomb_dumb_cluster		bvp/src/generated/resources/data/berts_vehicle_pack/sbw/aircraft_stores/munition/cbu99_rockeye_ii.json	0	0	Category=BOMB; MassKg=230; profile=berts_vehicle_pack:aircraft_bombs/cbu99_rockeye_ii; entity=sc_250; casing inert; bomblets carry damage
berts_vehicle_pack:aircraft_stores/munition/cbu99_rockeye_ii#bomblet	CBU-99 Rockeye II · anti-armor bomblets bomblet	cluster_bomblet_heat		bvp/src/generated/resources/data/berts_vehicle_pack/sbw/aircraft_stores/munition/cbu99_rockeye_ii.json	0	1	count=24; profile=berts_vehicle_pack:aircraft_bombs/cbu99_heat; entity=sc_50
berts_vehicle_pack:aircraft_stores/munition/cbu99_rockeye_ii_x2	CBU-99 Rockeye II · anti-armor bomblets · two-bomb rack	bomb_dumb_cluster		bvp/src/generated/resources/data/berts_vehicle_pack/sbw/aircraft_stores/munition/cbu99_rockeye_ii_x2.json	0	0	Category=BOMB; MassKg=230; profile=berts_vehicle_pack:aircraft_bombs/cbu99_rockeye_ii; entity=sc_250; casing inert; bomblets carry damage
berts_vehicle_pack:aircraft_stores/munition/cbu99_rockeye_ii_x2#bomblet	CBU-99 Rockeye II · anti-armor bomblets · two-bomb rack bomblet	cluster_bomblet_heat		bvp/src/generated/resources/data/berts_vehicle_pack/sbw/aircraft_stores/munition/cbu99_rockeye_ii_x2.json	0	1	count=24; profile=berts_vehicle_pack:aircraft_bombs/cbu99_heat; entity=sc_50
berts_vehicle_pack:aircraft_stores/munition/falanga_9m17m	9M17M Falanga · manual command	command_guided	142	bvp/src/generated/resources/data/berts_vehicle_pack/sbw/aircraft_stores/munition/falanga_9m17m.json	850	1.5	Category=COMMAND_GUIDED; MassKg=31.5; profile=berts_vehicle_pack:aircraft_stores/falanga_9m17m; heavy_warhead(inner=1.5,outer=3,heavy=0.12,light=0.2); values from gun profile berts_vehicle_pack:aircraft_stores/falanga_9m17m
berts_vehicle_pack:aircraft_stores/munition/gbu10	GBU-10 Paveway II · 2,000 lb laser	bomb_laser		bvp/src/generated/resources/data/berts_vehicle_pack/sbw/aircraft_stores/munition/gbu10.json	900	14	Category=BOMB; MassKg=934; profile=berts_vehicle_pack:aircraft_bombs/gbu10; entity=sc_250
berts_vehicle_pack:aircraft_stores/munition/gbu12	GBU-12 Paveway II · 500 lb laser	bomb_laser		bvp/src/generated/resources/data/berts_vehicle_pack/sbw/aircraft_stores/munition/gbu12.json	450	7	Category=BOMB; MassKg=227; profile=berts_vehicle_pack:aircraft_bombs/gbu12; entity=sc_250
berts_vehicle_pack:aircraft_stores/munition/gbu12_x2	GBU-12 Paveway II · 500 lb laser · two-bomb rack	bomb_laser		bvp/src/generated/resources/data/berts_vehicle_pack/sbw/aircraft_stores/munition/gbu12_x2.json	450	7	Category=BOMB; MassKg=227; profile=berts_vehicle_pack:aircraft_bombs/gbu12; entity=sc_250
berts_vehicle_pack:aircraft_stores/munition/gbu15_v2b	GBU-15(V)2/B · television glide bomb	bomb_tv		bvp/src/generated/resources/data/berts_vehicle_pack/sbw/aircraft_stores/munition/gbu15_v2b.json	900	14	Category=BOMB; MassKg=1140.8; profile=berts_vehicle_pack:aircraft_bombs/gbu15; entity=mk_82
berts_vehicle_pack:aircraft_stores/munition/gbu16	GBU-16 Paveway II · 1,000 lb laser	bomb_laser		bvp/src/generated/resources/data/berts_vehicle_pack/sbw/aircraft_stores/munition/gbu16.json	650	10	Category=BOMB; MassKg=454; profile=berts_vehicle_pack:aircraft_bombs/gbu16; entity=sc_250
berts_vehicle_pack:aircraft_stores/munition/gbu27	GBU-27 Paveway III · hard-target laser	bomb_laser		bvp/src/generated/resources/data/berts_vehicle_pack/sbw/aircraft_stores/munition/gbu27.json	900	11	Category=BOMB; MassKg=991; profile=berts_vehicle_pack:aircraft_bombs/gbu27; entity=sc_250; penetrator={'MaxDepthBlocks': 4, 'MaxBlockHardness': 12, 'FuzeDelayTicks': 6}
berts_vehicle_pack:aircraft_stores/munition/kh31p	Kh-31P · anti-radiation	missile_anti_radiation		bvp/src/generated/resources/data/berts_vehicle_pack/sbw/aircraft_stores/munition/kh31p.json	130	7	Category=ANTI_RADIATION; MassKg=586; guidance=ANTI_RADIATION; Flight.Damage/BlastRadius handed to external FFA dev.ballistics; damage path not in repo
berts_vehicle_pack:aircraft_stores/munition/kh32	Kh-32 · active-radar surface strike	missile_cruise		bvp/src/generated/resources/data/berts_vehicle_pack/sbw/aircraft_stores/munition/kh32.json	2200	16	Category=CRUISE; MassKg=5800; guidance=ACTIVE_SURFACE_RADAR; Flight.Damage/BlastRadius handed to external FFA dev.ballistics; damage path not in repo
berts_vehicle_pack:aircraft_stores/munition/kh38mt	Kh-38MTE · thermal ground lock	missile_air_to_ground		bvp/src/generated/resources/data/berts_vehicle_pack/sbw/aircraft_stores/munition/kh38mt.json	520	6	Category=AIR_TO_GROUND; MassKg=520; guidance=GROUND_INFRARED; Flight.Damage/BlastRadius handed to external FFA dev.ballistics; damage path not in repo
berts_vehicle_pack:aircraft_stores/munition/kh47m2	Kh-47M2 Kinzhal · ballistic strike	missile_cruise		bvp/src/generated/resources/data/berts_vehicle_pack/sbw/aircraft_stores/munition/kh47m2.json	2500	16	Category=CRUISE; MassKg=4300; guidance=None; Flight.Damage/BlastRadius handed to external FFA dev.ballistics; damage path not in repo
berts_vehicle_pack:aircraft_stores/munition/kh58	Kh-58 · anti-radiation	missile_anti_radiation		bvp/src/generated/resources/data/berts_vehicle_pack/sbw/aircraft_stores/munition/kh58.json	120	7	Category=ANTI_RADIATION; MassKg=650; guidance=ANTI_RADIATION; Flight.Damage/BlastRadius handed to external FFA dev.ballistics; damage path not in repo
berts_vehicle_pack:aircraft_stores/munition/lmur_305	305E / LMUR · thermal ground lock	missile_air_to_ground		bvp/src/generated/resources/data/berts_vehicle_pack/sbw/aircraft_stores/munition/lmur_305.json	350	3	Category=AIR_TO_GROUND; MassKg=105; guidance=GROUND_INFRARED; Flight.Damage/BlastRadius handed to external FFA dev.ballistics; damage path not in repo
berts_vehicle_pack:aircraft_stores/munition/mk82	Mk 82 · 500 lb freefall	bomb_dumb		bvp/src/generated/resources/data/berts_vehicle_pack/sbw/aircraft_stores/munition/mk82.json	450	7	Category=BOMB; MassKg=227; profile=berts_vehicle_pack:aircraft_bombs/mk82; entity=sc_250
berts_vehicle_pack:aircraft_stores/munition/mk82_snakeeye	Mk 82 Snake Eye · 500 lb retarded	bomb_dumb		bvp/src/generated/resources/data/berts_vehicle_pack/sbw/aircraft_stores/munition/mk82_snakeeye.json	450	7	Category=BOMB; MassKg=227; profile=berts_vehicle_pack:aircraft_bombs/mk82_snakeeye; entity=sc_250
berts_vehicle_pack:aircraft_stores/munition/mk82_snakeeye_x2	Mk 82 Snake Eye · 500 lb retarded · two-bomb rack	bomb_dumb		bvp/src/generated/resources/data/berts_vehicle_pack/sbw/aircraft_stores/munition/mk82_snakeeye_x2.json	450	7	Category=BOMB; MassKg=227; profile=berts_vehicle_pack:aircraft_bombs/mk82_snakeeye; entity=sc_250
berts_vehicle_pack:aircraft_stores/munition/mk82_snakeeye_x3	Mk 82 Snake Eye · 500 lb retarded · triple ejector rack	bomb_dumb		bvp/src/generated/resources/data/berts_vehicle_pack/sbw/aircraft_stores/munition/mk82_snakeeye_x3.json	450	7	Category=BOMB; MassKg=227; profile=berts_vehicle_pack:aircraft_bombs/mk82_snakeeye; entity=sc_250
berts_vehicle_pack:aircraft_stores/munition/mk82_x2	Mk 82 · 500 lb freefall · two-bomb rack	bomb_dumb		bvp/src/generated/resources/data/berts_vehicle_pack/sbw/aircraft_stores/munition/mk82_x2.json	450	7	Category=BOMB; MassKg=227; profile=berts_vehicle_pack:aircraft_bombs/mk82; entity=sc_250
berts_vehicle_pack:aircraft_stores/munition/mk82_x3	Mk 82 · 500 lb freefall · triple ejector rack	bomb_dumb		bvp/src/generated/resources/data/berts_vehicle_pack/sbw/aircraft_stores/munition/mk82_x3.json	450	7	Category=BOMB; MassKg=227; profile=berts_vehicle_pack:aircraft_bombs/mk82; entity=sc_250
berts_vehicle_pack:aircraft_stores/munition/mk83	Mk 83 · 1,000 lb freefall	bomb_dumb		bvp/src/generated/resources/data/berts_vehicle_pack/sbw/aircraft_stores/munition/mk83.json	650	10	Category=BOMB; MassKg=454; profile=berts_vehicle_pack:aircraft_bombs/mk83; entity=sc_250
berts_vehicle_pack:aircraft_stores/munition/mk84	Mk 84 · 2,000 lb freefall	bomb_dumb		bvp/src/generated/resources/data/berts_vehicle_pack/sbw/aircraft_stores/munition/mk84.json	900	14	Category=BOMB; MassKg=907; profile=berts_vehicle_pack:aircraft_bombs/mk84; entity=sc_250
berts_vehicle_pack:aircraft_stores/munition/pars3_lr	PARS 3 LR · four-missile rack	missile_air_to_ground		bvp/src/generated/resources/data/berts_vehicle_pack/sbw/aircraft_stores/munition/pars3_lr.json	750	1.25	Category=AIR_TO_GROUND; MassKg=49; guidance=GROUND_INFRARED; Flight.Damage/BlastRadius handed to external FFA dev.ballistics; damage path not in repo
berts_vehicle_pack:aircraft_stores/munition/pars3_lr_dual	PARS 3 LR · two-missile rack	missile_air_to_ground		bvp/src/generated/resources/data/berts_vehicle_pack/sbw/aircraft_stores/munition/pars3_lr_dual.json	750	1.25	Category=AIR_TO_GROUND; MassKg=49; guidance=GROUND_INFRARED; Flight.Damage/BlastRadius handed to external FFA dev.ballistics; damage path not in repo
berts_vehicle_pack:aircraft_stores/munition/r13m1	R-13M1 · infrared	missile_air_to_air		bvp/src/generated/resources/data/berts_vehicle_pack/sbw/aircraft_stores/munition/r13m1.json	45	3	Category=AIR_TO_AIR; MassKg=90; guidance=INFRARED; Flight.Damage/BlastRadius handed to external FFA dev.ballistics; damage path not in repo
berts_vehicle_pack:aircraft_stores/r27r	R-27R · semi-active radar	missile_air_to_air		bvp/src/generated/resources/data/berts_vehicle_pack/sbw/aircraft_stores/r27r.json	60	4	Category=AIR_TO_AIR; MassKg=253; guidance=SEMI_ACTIVE_RADAR; Flight.Damage/BlastRadius handed to external FFA dev.ballistics; damage path not in repo
berts_vehicle_pack:aircraft_stores/r27r_x2	R-27R · semi-active radar · twin-rail launcher	missile_air_to_air		bvp/src/generated/resources/data/berts_vehicle_pack/sbw/aircraft_stores/r27r_x2.json	60	4	Category=AIR_TO_AIR; MassKg=253; guidance=SEMI_ACTIVE_RADAR; Flight.Damage/BlastRadius handed to external FFA dev.ballistics; damage path not in repo
berts_vehicle_pack:aircraft_stores/r27t	R-27T · infrared	missile_air_to_air		bvp/src/generated/resources/data/berts_vehicle_pack/sbw/aircraft_stores/r27t.json	60	4	Category=AIR_TO_AIR; MassKg=254; guidance=INFRARED; Flight.Damage/BlastRadius handed to external FFA dev.ballistics; damage path not in repo
berts_vehicle_pack:aircraft_stores/r27t_x2	R-27T · infrared · twin-rail launcher	missile_air_to_air		bvp/src/generated/resources/data/berts_vehicle_pack/sbw/aircraft_stores/r27t_x2.json	60	4	Category=AIR_TO_AIR; MassKg=254; guidance=INFRARED; Flight.Damage/BlastRadius handed to external FFA dev.ballistics; damage path not in repo
berts_vehicle_pack:aircraft_stores/r3r	R-3R · semi-active radar	missile_air_to_air		bvp/src/generated/resources/data/berts_vehicle_pack/sbw/aircraft_stores/r3r.json	40	3	Category=AIR_TO_AIR; MassKg=82.8; guidance=SEMI_ACTIVE_RADAR; Flight.Damage/BlastRadius handed to external FFA dev.ballistics; damage path not in repo
berts_vehicle_pack:aircraft_stores/r60	R-60	missile_air_to_air		bvp/src/generated/resources/data/berts_vehicle_pack/sbw/aircraft_stores/r60.json			Category=AIR_TO_AIR; MassKg=44; no Flight block: FFA default damage/blast (not in repo)
berts_vehicle_pack:aircraft_stores/r60_x2	R-60 · twin-rail launcher	missile_air_to_air		bvp/src/generated/resources/data/berts_vehicle_pack/sbw/aircraft_stores/r60_x2.json			Category=AIR_TO_AIR; MassKg=44; no Flight block: FFA default damage/blast (not in repo)
berts_vehicle_pack:aircraft_stores/r73	R-73 · infrared	missile_air_to_air		bvp/src/generated/resources/data/berts_vehicle_pack/sbw/aircraft_stores/r73.json	45	3	Category=AIR_TO_AIR; MassKg=105; guidance=INFRARED; Flight.Damage/BlastRadius handed to external FFA dev.ballistics; damage path not in repo
berts_vehicle_pack:aircraft_stores/r73_x2	R-73 · infrared · twin-rail launcher	missile_air_to_air		bvp/src/generated/resources/data/berts_vehicle_pack/sbw/aircraft_stores/r73_x2.json	45	3	Category=AIR_TO_AIR; MassKg=105; guidance=INFRARED; Flight.Damage/BlastRadius handed to external FFA dev.ballistics; damage path not in repo
berts_vehicle_pack:aircraft_stores/r77	R-77 · active radar	missile_air_to_air		bvp/src/generated/resources/data/berts_vehicle_pack/sbw/aircraft_stores/r77.json	65	4	Category=AIR_TO_AIR; MassKg=175; guidance=ACTIVE_RADAR; Flight.Damage/BlastRadius handed to external FFA dev.ballistics; damage path not in repo
berts_vehicle_pack:aircraft_stores/r77_x2	R-77 · active radar · twin-rail launcher	missile_air_to_air		bvp/src/generated/resources/data/berts_vehicle_pack/sbw/aircraft_stores/r77_x2.json	65	4	Category=AIR_TO_AIR; MassKg=175; guidance=ACTIVE_RADAR; Flight.Damage/BlastRadius handed to external FFA dev.ballistics; damage path not in repo
berts_vehicle_pack:aircraft_stores/rbk_250	RBK-250 · cluster bomb	bomb_dumb_cluster		bvp/src/generated/resources/data/berts_vehicle_pack/sbw/aircraft_stores/rbk_250.json	0	0	Category=BOMB; MassKg=250; profile=berts_vehicle_pack:aircraft_bombs/rbk_250; entity=sc_250; casing inert; bomblets carry damage
berts_vehicle_pack:aircraft_stores/rbk_250#bomblet	RBK-250 · cluster bomb bomblet	cluster_bomblet_he		bvp/src/generated/resources/data/berts_vehicle_pack/sbw/aircraft_stores/rbk_250.json	80	1.5	count=12; profile=berts_vehicle_pack:cluster_bomblet; entity=sc_50
berts_vehicle_pack:aircraft_stores/rbk_250_x2	RBK-250 · cluster bomb · two-bomb rack	bomb_dumb_cluster		bvp/src/generated/resources/data/berts_vehicle_pack/sbw/aircraft_stores/rbk_250_x2.json	0	0	Category=BOMB; MassKg=250; profile=berts_vehicle_pack:aircraft_bombs/rbk_250; entity=sc_250; casing inert; bomblets carry damage
berts_vehicle_pack:aircraft_stores/rbk_250_x2#bomblet	RBK-250 · cluster bomb · two-bomb rack bomblet	cluster_bomblet_he		bvp/src/generated/resources/data/berts_vehicle_pack/sbw/aircraft_stores/rbk_250_x2.json	80	1.5	count=12; profile=berts_vehicle_pack:cluster_bomblet; entity=sc_50
berts_vehicle_pack:aircraft_stores/su25_s8ko_pod	S-8KO rocket pod	rocket_pod		bvp/src/generated/resources/data/berts_vehicle_pack/sbw/aircraft_stores/su25_s8ko_pod.json	0	6	Category=ROCKET_POD; MassKg=16.5; values from gun profile berts_vehicle_pack:aircraft_rockets/s8ko_pair40
superbwarfare:igla_9k38	IGLA-9K38 MANPADS	handheld_manpads		sbw/src/main/resources/data/superbwarfare/sbw/guns/igla_9k38.json	90	6	guns base; proj=superbwarfare:igla_9k38_missile; direct=260
superbwarfare:javelin	FGM-148 Javelin	handheld_atgm		sbw/src/main/resources/data/superbwarfare/sbw/guns/javelin.json	120	9	guns base; proj=superbwarfare:javelin_missile; direct=650
superbwarfare:m_79	M79 Launcher	handheld_grenade		sbw/src/main/resources/data/superbwarfare/sbw/guns/m_79.json	80	5	guns base; proj=superbwarfare:gun_grenade; direct=100
superbwarfare:rpg	RPG-7	handheld_rocket		sbw/src/main/resources/data/superbwarfare/sbw/guns/rpg.json	150	11	guns base; proj=superbwarfare:rpg_rocket_tbg; direct=300
superbwarfare:rpg[AmmoType[1]]	RPG-7	handheld_rocket		sbw/src/main/resources/data/superbwarfare/sbw/guns/rpg.json	40	5	guns AmmoType[1]; proj=superbwarfare:rpg_rocket_tbg; direct=450
superbwarfare:secondary_cataclysm	Secondary Cataclysm	handheld_grenade		sbw/src/main/resources/data/superbwarfare/sbw/guns/secondary_cataclysm.json	50	5	guns base; proj=superbwarfare:gun_grenade; direct=80
superbwarfare:secondary_cataclysm[AmmoType[1]]	Secondary Cataclysm	handheld_grenade		sbw/src/main/resources/data/superbwarfare/sbw/guns/secondary_cataclysm.json	0	5	guns AmmoType[1]; proj=superbwarfare:gun_grenade; direct=10
superbwarfare:secondary_cataclysm[AmmoType[2]]	Secondary Cataclysm	handheld_grenade		sbw/src/main/resources/data/superbwarfare/sbw/guns/secondary_cataclysm.json	50	5	guns AmmoType[2]; proj=superbwarfare:gun_grenade; direct=80
superbwarfare:super_star_shooter	Super Star Shooter	handheld_special		sbw/src/main/resources/data/superbwarfare/sbw/guns/super_star_shooter.json	45	0	guns base; proj=superbwarfare:super_star_projectile; direct=60; RADIUS_ZERO
superbwarfare:drone_attachment/c4_bomb	C4	drone_payload		sbw/src/main/resources/data/superbwarfare/sbw/drone_attachments/c4_bomb.json	300	10	entity=superbwarfare:c4; kamikaze; hit=150
superbwarfare:drone_attachment/grenade_40mm	40mm Grenade	drone_payload		sbw/src/main/resources/data/superbwarfare/sbw/drone_attachments/grenade_40mm.json	50	5	entity=superbwarfare:gun_grenade; dropped x4; hit=None
superbwarfare:drone_attachment/mortar_shell	Mortar Shell	drone_payload		sbw/src/main/resources/data/superbwarfare/sbw/drone_attachments/mortar_shell.json	100	8	entity=superbwarfare:mortar_shell; kamikaze; hit=60
superbwarfare:drone_attachment/rgo_grenade	RGO Grenade	drone_payload		sbw/src/main/resources/data/superbwarfare/sbw/drone_attachments/rgo_grenade.json	130	10	entity=superbwarfare:rgo_grenade; dropped x6; hit=270
superbwarfare:drone_attachment/rpg_rocket_standard	RPG Rocket PG-7VM	drone_payload		sbw/src/main/resources/data/superbwarfare/sbw/drone_attachments/rpg_rocket_standard.json	80	5	entity=superbwarfare:rpg_rocket_standard; kamikaze; hit=340
superbwarfare:drone_attachment/rpg_rocket_tbg	RPG Rocket Yasin 105 TBG	drone_payload		sbw/src/main/resources/data/superbwarfare/sbw/drone_attachments/rpg_rocket_tbg.json	150	11	entity=superbwarfare:rpg_rocket_tbg; kamikaze; hit=250
superbwarfare:drone_attachment/tm_62	TM-62 Anti-tank Mine	drone_payload		sbw/src/main/resources/data/superbwarfare/sbw/drone_attachments/tm_62.json	450	13	entity=superbwarfare:tm_62; kamikaze; hit=30
superbwarfare:hand_grenade	M67 hand grenade	grenade_hand		sbw/src/main/kotlin/com/atsuishio/superbwarfare/config/server/ExplosionConfig.kt	120	6	config m67_grenade_*; HandGrenadeEntity.kt:32, HandGrenade.kt:85
superbwarfare:rgo_grenade	RGO hand grenade	grenade_hand		sbw/src/main/kotlin/com/atsuishio/superbwarfare/config/server/ExplosionConfig.kt	90	5	config rgo_grenade_*; RgoGrenadeEntity.kt:65 -> ProjectileTool.causeCustomExplode (+vanilla level.explode 0.5r)
superbwarfare:c4	C4	demolition_charge		sbw/src/main/kotlin/com/atsuishio/superbwarfare/config/server/ExplosionConfig.kt	300	10	config c4_*; C4Entity.kt:411
superbwarfare:claymore	M18A1 Claymore	mine		sbw/src/main/kotlin/com/atsuishio/superbwarfare/config/server/ExplosionConfig.kt	140	4	config claymore_*; ClaymoreEntity.kt:240 (shot: damage/5 at :228)
superbwarfare:blu_43	BLU-43 Dragontooth	mine		sbw/src/main/kotlin/com/atsuishio/superbwarfare/config/server/ExplosionConfig.kt	10	2	config blu_43_*; Blu43Entity.kt:251
superbwarfare:edd	EDD entry-denial device	mine		sbw/src/main/kotlin/com/atsuishio/superbwarfare/config/server/ExplosionConfig.kt	60	3	config edd_*; EDDEntity.kt:299
superbwarfare:tm_62	TM-62 AT mine	mine		sbw/src/main/kotlin/com/atsuishio/superbwarfare/config/server/ExplosionConfig.kt	450	13	config tm_62_*; Tm62Entity.kt:230
superbwarfare:lunge_mine	Lunge mine	melee_charge		sbw/src/main/kotlin/com/atsuishio/superbwarfare/config/server/ExplosionConfig.kt	60	4	config lunge_mine_* (direct 600); LungeMineAttackMessage.kt:48,60
superbwarfare:ptkm_1r	PTKM-1R mine body	mine		sbw/src/main/kotlin/com/atsuishio/superbwarfare/config/server/ExplosionConfig.kt	100	6	config ptkm_1r_*; Ptkm1rEntity.kt:292
superbwarfare:ptkm_projectile	PTKM-1R EFP submunition	efp		sbw/src/main/kotlin/com/atsuishio/superbwarfare/config/server/ExplosionConfig.kt	80	7	config ptkm_1r_projectile_* (direct 500); PtkmProjectileEntity.kt:161
superbwarfare:small_cannon_shell	Small cannon shell (entity default)	autocannon_he		sbw/src/main/kotlin/com/atsuishio/superbwarfare/entity/projectile/SmallCannonShellEntity.kt	80	5	init default (overwritten by GunData when gun-fired); damageMultiplier 1.25
superbwarfare:rpg_rocket_standard	PG-7V (entity default)	rocket_heat		sbw/src/main/kotlin/com/atsuishio/superbwarfare/entity/projectile/RpgRocketStandardEntity.kt	80	5	init default
superbwarfare:rpg_rocket_tbg	TBG-7V thermobaric (entity default)	rocket_thermobaric		sbw/src/main/kotlin/com/atsuishio/superbwarfare/entity/projectile/RpgRocketTBGEntity.kt	200	10	init default
superbwarfare:small_rocket	Small rocket (entity default)	rocket		sbw/src/main/kotlin/com/atsuishio/superbwarfare/entity/projectile/SmallRocketEntity.kt	60	5	init default
superbwarfare:medium_rocket_ap	Medium rocket AP (item)	rocket_ap		sbw/src/main/kotlin/com/atsuishio/superbwarfare/init/ModItems.kt	100	6	MediumRocketItem(500f,6f,100f,...) :169
superbwarfare:medium_rocket_he	Medium rocket HE (item)	rocket_he		sbw/src/main/kotlin/com/atsuishio/superbwarfare/init/ModItems.kt	200	12	MediumRocketItem(200f,12f,200f,0.2f,40,...) :171
superbwarfare:medium_rocket_cm	Medium rocket CM (item)	rocket_cm		sbw/src/main/kotlin/com/atsuishio/superbwarfare/init/ModItems.kt	300	12	MediumRocketItem(300f,12f,300f,...) :173
superbwarfare:swarm_drone	Swarm drone (entity default)	loitering_munition		sbw/src/main/kotlin/com/atsuishio/superbwarfare/entity/projectile/SwarmDroneEntity.kt	80	5	init default
superbwarfare:mortar_shell	Mortar shell (entity default)	mortar		sbw/src/main/kotlin/com/atsuishio/superbwarfare/entity/projectile/MortarShellEntity.kt	100	8	init default; buildExplosion damageMultiplier 1.25 (:274)
superbwarfare:mk_82	Mk 82 (entity default)	bomb		sbw/src/main/kotlin/com/atsuishio/superbwarfare/entity/projectile/Mk82Entity.kt	650	22	init default; BVP stores >=1000 kg reuse entity via configure()
superbwarfare:sc_250	SC 250 (entity default)	bomb		sbw/src/main/kotlin/com/atsuishio/superbwarfare/entity/projectile/Sc250Entity.kt	500	20	init default; BVP stores 125-999 kg reuse entity
superbwarfare:sc_50	SC 50 (entity default)	bomb		sbw/src/main/kotlin/com/atsuishio/superbwarfare/entity/projectile/Sc50Entity.kt	120	11	init default; BVP stores <125 kg + all cluster bomblets reuse entity
superbwarfare:melon_bomb	Melon bomb (entity default)	bomb		sbw/src/main/kotlin/com/atsuishio/superbwarfare/entity/projectile/MelonBombEntity.kt	500	10	init default
superbwarfare:agm_65	AGM-65 (entity default)	agm		sbw/src/main/kotlin/com/atsuishio/superbwarfare/entity/projectile/Agm65Entity.kt	180	12	init default
superbwarfare:kh_39	Kh-39 (entity default)	agm		sbw/src/main/kotlin/com/atsuishio/superbwarfare/entity/projectile/Kh39Entity.kt	180	12	init default
superbwarfare:cannon_shell#cm_submunition	Cannon CM submunition	cluster_submunition		sbw/src/main/kotlin/com/atsuishio/superbwarfare/entity/projectile/CannonShellEntity.kt	5*ED/n	ER/2	CannonShellEntity.kt:253 GunGrenadeEntity x spreadAmount (default 50)
superbwarfare:perk/he_bullet	HE Bullet perk	perk		sbw/src/main/kotlin/com/atsuishio/superbwarfare/perk/ammo/HEBullet.kt	1.8*dmg*(1+0.1L)	1.7+0.3L	ProjectileEntity.explosionBullet :1272
superbwarfare:perk/micro_missile	Micro Missile perk	perk		sbw/src/main/kotlin/com/atsuishio/superbwarfare/perk/ammo/MicroMissile.kt	ED*(0.8+0.1L)	ER*0.5	scales gun ED/ER
superbwarfare:perk/firefly	Firefly perk	perk		sbw/src/main/kotlin/com/atsuishio/superbwarfare/perk/damage/Firefly.kt	6+2L	2+0.5L	headshot burst :31
superbwarfare:auto_aimable#air_burst	CIWS projectile-intercept burst	ciws_burst		sbw/src/main/kotlin/com/atsuishio/superbwarfare/entity/vehicle/base/AutoAimableEntity.kt	5	1	:499 keepBlock
superbwarfare:vehicle#overkill	Vehicle overkill pop	vehicle_destruction		sbw/src/main/kotlin/com/atsuishio/superbwarfare/entity/vehicle/base/VehicleDestructionLifecycleService.kt	0	0	:85 FX only
superbwarfare:turret_wreck#burnout	Turret wreck burnout pop	vehicle_destruction		sbw/src/main/kotlin/com/atsuishio/superbwarfare/entity/vehicle/TurretWreckEntity.kt	0	0	:306 FX only
berts_vehicle_pack:s8ko_rocket	S-8KO (entity default)	rocket_heat	80	bvp/src/main/java/com/yourname/berts_vehicle_pack/entity/projectile/BvpS8KoRocketEntity.java	0	6	init default; FX_ONLY
berts_vehicle_pack:s13_rocket	S-13 (entity default)	rocket_he	122	bvp/src/main/java/com/yourname/berts_vehicle_pack/entity/projectile/BvpS13RocketEntity.java	115	9	init default
